ISO-10303-21;
HEADER;
FILE_DESCRIPTION(('Open CASCADE Model'),'2;1');
FILE_NAME('Open CASCADE Shape Model','2025-01-16T04:46:55',('Author'),(
    'Open CASCADE'),'Open CASCADE STEP processor 7.7','Open CASCADE 7.7'
  ,'Unknown');
FILE_SCHEMA(('AUTOMOTIVE_DESIGN { 1 0 10303 214 1 1 1 1 }'));
ENDSEC;
DATA;
#1 = APPLICATION_PROTOCOL_DEFINITION('international standard',
  'automotive_design',2000,#2);
#2 = APPLICATION_CONTEXT(
  'core data for automotive mechanical design processes');
#3 = SHAPE_DEFINITION_REPRESENTATION(#4,#10);
#4 = PRODUCT_DEFINITION_SHAPE('','',#5);
#5 = PRODUCT_DEFINITION('design','',#6,#9);
#6 = PRODUCT_DEFINITION_FORMATION('','',#7);
#7 = PRODUCT('Open CASCADE STEP translator 7.7 5',
  'Open CASCADE STEP translator 7.7 5','',(#8));
#8 = PRODUCT_CONTEXT('',#2,'mechanical');
#9 = PRODUCT_DEFINITION_CONTEXT('part definition',#2,'design');
#10 = ADVANCED_BREP_SHAPE_REPRESENTATION('',(#11,#15),#10565);
#11 = AXIS2_PLACEMENT_3D('',#12,#13,#14);
#12 = CARTESIAN_POINT('',(0.,0.,0.));
#13 = DIRECTION('',(0.,0.,1.));
#14 = DIRECTION('',(1.,0.,-0.));
#15 = MANIFOLD_SOLID_BREP('',#16);
#16 = CLOSED_SHELL('',(#17,#132,#1781,#1813,#1904,#1980,#2029,#2056,
    #2127,#2176,#2225,#2274,#2323,#2372,#2421,#2470,#2519,#2568,#2617,
    #2666,#2715,#2764,#2813,#2862,#2911,#2960,#3009,#3058,#3107,#3156,
    #3205,#3254,#3303,#3352,#3401,#3450,#3499,#3548,#3597,#3646,#3695,
    #3744,#3793,#3842,#3891,#3940,#3989,#4038,#4087,#4136,#4185,#4234,
    #4283,#4332,#4381,#4430,#4457,#4516,#4575,#4634,#4693,#4752,#4811,
    #4870,#6973,#7003,#7033,#7063,#7093,#7123,#7153,#7183,#7210,#7237,
    #7264,#7291,#7318,#7345,#7372,#7448,#7497,#7546,#7595,#7644,#7693,
    #7742,#7791,#7845,#7894,#7943,#7992,#8041,#8090,#8139,#8188,#8242,
    #8291,#8340,#8389,#8438,#8487,#8536,#8585,#8634,#8688,#8737,#8786,
    #8835,#8884,#8933,#8987,#9036,#9085,#9134,#9183,#9232,#9281,#9330,
    #9379,#9433,#9482,#9531,#9580,#9629,#9678,#9727,#9776,#9830,#9879,
    #9928,#9977,#10026,#10075,#10124,#10173,#10222,#10271,#10320,#10369,
    #10418,#10467,#10499));
#17 = ADVANCED_FACE('',(#18),#32,.F.);
#18 = FACE_BOUND('',#19,.T.);
#19 = EDGE_LOOP('',(#20,#55,#83,#111));
#20 = ORIENTED_EDGE('',*,*,#21,.F.);
#21 = EDGE_CURVE('',#22,#24,#26,.T.);
#22 = VERTEX_POINT('',#23);
#23 = CARTESIAN_POINT('',(-11.62265075942,-54.98144079138,-4.5));
#24 = VERTEX_POINT('',#25);
#25 = CARTESIAN_POINT('',(-12.33441897958,-49.86810443196,-4.5));
#26 = SURFACE_CURVE('',#27,(#31,#43),.PCURVE_S1.);
#27 = LINE('',#28,#29);
#28 = CARTESIAN_POINT('',(-15.3957229975,-27.87572447086,-4.5));
#29 = VECTOR('',#30,1.);
#30 = DIRECTION('',(-0.137869115027,0.990450456672,-0.));
#31 = PCURVE('',#32,#37);
#32 = PLANE('',#33);
#33 = AXIS2_PLACEMENT_3D('',#34,#35,#36);
#34 = CARTESIAN_POINT('',(-10.61358271134,-62.23057638522,-4.5));
#35 = DIRECTION('',(0.990450456672,0.137869115027,-0.));
#36 = DIRECTION('',(0.137869115027,-0.990450456672,0.));
#37 = DEFINITIONAL_REPRESENTATION('',(#38),#42);
#38 = LINE('',#39,#40);
#39 = CARTESIAN_POINT('',(-34.68608821666,0.));
#40 = VECTOR('',#41,1.);
#41 = DIRECTION('',(-1.,0.));
#42 = ( GEOMETRIC_REPRESENTATION_CONTEXT(2) 
PARAMETRIC_REPRESENTATION_CONTEXT() REPRESENTATION_CONTEXT('2D SPACE',''
  ) );
#43 = PCURVE('',#44,#49);
#44 = PLANE('',#45);
#45 = AXIS2_PLACEMENT_3D('',#46,#47,#48);
#46 = CARTESIAN_POINT('',(0.,0.,-4.5));
#47 = DIRECTION('',(-0.,-0.,1.));
#48 = DIRECTION('',(1.,0.,0.));
#49 = DEFINITIONAL_REPRESENTATION('',(#50),#54);
#50 = LINE('',#51,#52);
#51 = CARTESIAN_POINT('',(-15.3957229975,-27.87572447086));
#52 = VECTOR('',#53,1.);
#53 = DIRECTION('',(-0.137869115027,0.990450456672));
#54 = ( GEOMETRIC_REPRESENTATION_CONTEXT(2) 
PARAMETRIC_REPRESENTATION_CONTEXT() REPRESENTATION_CONTEXT('2D SPACE',''
  ) );
#55 = ORIENTED_EDGE('',*,*,#56,.T.);
#56 = EDGE_CURVE('',#22,#57,#59,.T.);
#57 = VERTEX_POINT('',#58);
#58 = CARTESIAN_POINT('',(-11.62265075942,-54.98144079138,-2.5));
#59 = SURFACE_CURVE('',#60,(#64,#71),.PCURVE_S1.);
#60 = LINE('',#61,#62);
#61 = CARTESIAN_POINT('',(-11.62265075942,-54.98144079138,-6.5));
#62 = VECTOR('',#63,1.);
#63 = DIRECTION('',(-0.,-0.,1.));
#64 = PCURVE('',#32,#65);
#65 = DEFINITIONAL_REPRESENTATION('',(#66),#70);
#66 = LINE('',#67,#68);
#67 = CARTESIAN_POINT('',(-7.319028978183,2.));
#68 = VECTOR('',#69,1.);
#69 = DIRECTION('',(-0.,-1.));
#70 = ( GEOMETRIC_REPRESENTATION_CONTEXT(2) 
PARAMETRIC_REPRESENTATION_CONTEXT() REPRESENTATION_CONTEXT('2D SPACE',''
  ) );
#71 = PCURVE('',#72,#77);
#72 = CYLINDRICAL_SURFACE('',#73,3.);
#73 = AXIS2_PLACEMENT_3D('',#74,#75,#76);
#74 = CARTESIAN_POINT('',(-13.49259457207,-52.63552729393,-6.5));
#75 = DIRECTION('',(-0.,-0.,1.));
#76 = DIRECTION('',(-1.,-0.,-0.));
#77 = DEFINITIONAL_REPRESENTATION('',(#78),#82);
#78 = LINE('',#79,#80);
#79 = CARTESIAN_POINT('',(-4.039414620792,0.));
#80 = VECTOR('',#81,1.);
#81 = DIRECTION('',(-0.,1.));
#82 = ( GEOMETRIC_REPRESENTATION_CONTEXT(2) 
PARAMETRIC_REPRESENTATION_CONTEXT() REPRESENTATION_CONTEXT('2D SPACE',''
  ) );
#83 = ORIENTED_EDGE('',*,*,#84,.T.);
#84 = EDGE_CURVE('',#57,#85,#87,.T.);
#85 = VERTEX_POINT('',#86);
#86 = CARTESIAN_POINT('',(-12.33441897958,-49.86810443196,-2.5));
#87 = SURFACE_CURVE('',#88,(#92,#99),.PCURVE_S1.);
#88 = LINE('',#89,#90);
#89 = CARTESIAN_POINT('',(-11.29605879042,-57.32767449844,-2.5));
#90 = VECTOR('',#91,1.);
#91 = DIRECTION('',(-0.137869115027,0.990450456672,-0.));
#92 = PCURVE('',#32,#93);
#93 = DEFINITIONAL_REPRESENTATION('',(#94),#98);
#94 = LINE('',#95,#96);
#95 = CARTESIAN_POINT('',(-4.950173785823,-2.));
#96 = VECTOR('',#97,1.);
#97 = DIRECTION('',(-1.,0.));
#98 = ( GEOMETRIC_REPRESENTATION_CONTEXT(2) 
PARAMETRIC_REPRESENTATION_CONTEXT() REPRESENTATION_CONTEXT('2D SPACE',''
  ) );
#99 = PCURVE('',#100,#105);
#100 = PLANE('',#101);
#101 = AXIS2_PLACEMENT_3D('',#102,#103,#104);
#102 = CARTESIAN_POINT('',(-13.49259457207,-52.63552729393,-2.5));
#103 = DIRECTION('',(-0.,-0.,1.));
#104 = DIRECTION('',(1.,0.,0.));
#105 = DEFINITIONAL_REPRESENTATION('',(#106),#110);
#106 = LINE('',#107,#108);
#107 = CARTESIAN_POINT('',(2.196535781649,-4.692147204514));
#108 = VECTOR('',#109,1.);
#109 = DIRECTION('',(-0.137869115027,0.990450456672));
#110 = ( GEOMETRIC_REPRESENTATION_CONTEXT(2) 
PARAMETRIC_REPRESENTATION_CONTEXT() REPRESENTATION_CONTEXT('2D SPACE',''
  ) );
#111 = ORIENTED_EDGE('',*,*,#112,.F.);
#112 = EDGE_CURVE('',#24,#85,#113,.T.);
#113 = SURFACE_CURVE('',#114,(#118,#125),.PCURVE_S1.);
#114 = LINE('',#115,#116);
#115 = CARTESIAN_POINT('',(-12.33441897958,-49.86810443196,-6.5));
#116 = VECTOR('',#117,1.);
#117 = DIRECTION('',(-0.,-0.,1.));
#118 = PCURVE('',#32,#119);
#119 = DEFINITIONAL_REPRESENTATION('',(#120),#124);
#120 = LINE('',#121,#122);
#121 = CARTESIAN_POINT('',(-12.4816661651,2.));
#122 = VECTOR('',#123,1.);
#123 = DIRECTION('',(-0.,-1.));
#124 = ( GEOMETRIC_REPRESENTATION_CONTEXT(2) 
PARAMETRIC_REPRESENTATION_CONTEXT() REPRESENTATION_CONTEXT('2D SPACE',''
  ) );
#125 = PCURVE('',#72,#126);
#126 = DEFINITIONAL_REPRESENTATION('',(#127),#131);
#127 = LINE('',#128,#129);
#128 = CARTESIAN_POINT('',(-8.250336672261,0.));
#129 = VECTOR('',#130,1.);
#130 = DIRECTION('',(-0.,1.));
#131 = ( GEOMETRIC_REPRESENTATION_CONTEXT(2) 
PARAMETRIC_REPRESENTATION_CONTEXT() REPRESENTATION_CONTEXT('2D SPACE',''
  ) );
#132 = ADVANCED_FACE('',(#133,#162,#1536,#1571,#1606,#1641,#1676,#1711,
    #1746),#44,.F.);
#133 = FACE_BOUND('',#134,.T.);
#134 = EDGE_LOOP('',(#135,#136));
#135 = ORIENTED_EDGE('',*,*,#21,.T.);
#136 = ORIENTED_EDGE('',*,*,#137,.F.);
#137 = EDGE_CURVE('',#22,#24,#138,.T.);
#138 = SURFACE_CURVE('',#139,(#144,#155),.PCURVE_S1.);
#139 = CIRCLE('',#140,3.);
#140 = AXIS2_PLACEMENT_3D('',#141,#142,#143);
#141 = CARTESIAN_POINT('',(-13.49259457207,-52.63552729393,-4.5));
#142 = DIRECTION('',(0.,0.,-1.));
#143 = DIRECTION('',(0.623314604218,-0.781971165817,0.));
#144 = PCURVE('',#44,#145);
#145 = DEFINITIONAL_REPRESENTATION('',(#146),#154);
#146 = ( BOUNDED_CURVE() B_SPLINE_CURVE(2,(#147,#148,#149,#150,#151,#152
,#153),.UNSPECIFIED.,.T.,.F.) B_SPLINE_CURVE_WITH_KNOTS((1,2,2,2,2,1),(
    -2.094395102393,0.,2.094395102393,4.188790204786,6.28318530718,
8.377580409573),.UNSPECIFIED.) CURVE() GEOMETRIC_REPRESENTATION_ITEM() 
RATIONAL_B_SPLINE_CURVE((1.,0.5,1.,0.5,1.,0.5,1.)) REPRESENTATION_ITEM(
  '') );
#147 = CARTESIAN_POINT('',(-11.62265075942,-54.98144079138));
#148 = CARTESIAN_POINT('',(-15.68589212716,-58.2202784822));
#149 = CARTESIAN_POINT('',(-16.45918716227,-53.08198939061));
#150 = CARTESIAN_POINT('',(-17.23248219738,-47.94370029903));
#151 = CARTESIAN_POINT('',(-12.39594579452,-49.8431516998));
#152 = CARTESIAN_POINT('',(-7.559409391675,-51.74260310057));
#153 = CARTESIAN_POINT('',(-11.62265075942,-54.98144079138));
#154 = ( GEOMETRIC_REPRESENTATION_CONTEXT(2) 
PARAMETRIC_REPRESENTATION_CONTEXT() REPRESENTATION_CONTEXT('2D SPACE',''
  ) );
#155 = PCURVE('',#72,#156);
#156 = DEFINITIONAL_REPRESENTATION('',(#157),#161);
#157 = LINE('',#158,#159);
#158 = CARTESIAN_POINT('',(-4.039414620792,2.));
#159 = VECTOR('',#160,1.);
#160 = DIRECTION('',(-1.,0.));
#161 = ( GEOMETRIC_REPRESENTATION_CONTEXT(2) 
PARAMETRIC_REPRESENTATION_CONTEXT() REPRESENTATION_CONTEXT('2D SPACE',''
  ) );
#162 = FACE_BOUND('',#163,.T.);
#163 = EDGE_LOOP('',(#164,#194,#222,#250,#278,#306,#334,#362,#390,#418,
    #446,#474,#502,#530,#558,#586,#614,#642,#670,#698,#726,#754,#782,
    #810,#838,#866,#894,#922,#950,#978,#1006,#1034,#1062,#1090,#1118,
    #1146,#1174,#1202,#1230,#1258,#1286,#1314,#1342,#1370,#1398,#1426,
    #1454,#1482,#1510));
#164 = ORIENTED_EDGE('',*,*,#165,.F.);
#165 = EDGE_CURVE('',#166,#168,#170,.T.);
#166 = VERTEX_POINT('',#167);
#167 = CARTESIAN_POINT('',(84.098249174035,-34.56262893914,-4.5));
#168 = VERTEX_POINT('',#169);
#169 = CARTESIAN_POINT('',(86.358695606774,-17.17596303573,-4.5));
#170 = SURFACE_CURVE('',#171,(#175,#182),.PCURVE_S1.);
#171 = LINE('',#172,#173);
#172 = CARTESIAN_POINT('',(86.119107067288,-19.01880515311,-4.5));
#173 = VECTOR('',#174,1.);
#174 = DIRECTION('',(0.128925318435,0.991654305828,-0.));
#175 = PCURVE('',#44,#176);
#176 = DEFINITIONAL_REPRESENTATION('',(#177),#181);
#177 = LINE('',#178,#179);
#178 = CARTESIAN_POINT('',(86.119107067288,-19.01880515311));
#179 = VECTOR('',#180,1.);
#180 = DIRECTION('',(0.128925318435,0.991654305828));
#181 = ( GEOMETRIC_REPRESENTATION_CONTEXT(2) 
PARAMETRIC_REPRESENTATION_CONTEXT() REPRESENTATION_CONTEXT('2D SPACE',''
  ) );
#182 = PCURVE('',#183,#188);
#183 = PLANE('',#184);
#184 = AXIS2_PLACEMENT_3D('',#185,#186,#187);
#185 = CARTESIAN_POINT('',(84.098249174035,-34.56262893914,-4.5));
#186 = DIRECTION('',(0.991654305828,-0.128925318435,0.));
#187 = DIRECTION('',(-0.128925318435,-0.991654305828,0.));
#188 = DEFINITIONAL_REPRESENTATION('',(#189),#193);
#189 = LINE('',#190,#191);
#190 = CARTESIAN_POINT('',(-15.67463953383,0.));
#191 = VECTOR('',#192,1.);
#192 = DIRECTION('',(-1.,0.));
#193 = ( GEOMETRIC_REPRESENTATION_CONTEXT(2) 
PARAMETRIC_REPRESENTATION_CONTEXT() REPRESENTATION_CONTEXT('2D SPACE',''
  ) );
#194 = ORIENTED_EDGE('',*,*,#195,.T.);
#195 = EDGE_CURVE('',#166,#196,#198,.T.);
#196 = VERTEX_POINT('',#197);
#197 = CARTESIAN_POINT('',(82.368502522884,-36.87088304957,-4.5));
#198 = SURFACE_CURVE('',#199,(#203,#210),.PCURVE_S1.);
#199 = LINE('',#200,#201);
#200 = CARTESIAN_POINT('',(77.020510320423,-44.00749174061,-4.5));
#201 = VECTOR('',#202,1.);
#202 = DIRECTION('',(-0.599679573378,-0.80024021973,-0.));
#203 = PCURVE('',#44,#204);
#204 = DEFINITIONAL_REPRESENTATION('',(#205),#209);
#205 = LINE('',#206,#207);
#206 = CARTESIAN_POINT('',(77.020510320423,-44.00749174061));
#207 = VECTOR('',#208,1.);
#208 = DIRECTION('',(-0.599679573378,-0.80024021973));
#209 = ( GEOMETRIC_REPRESENTATION_CONTEXT(2) 
PARAMETRIC_REPRESENTATION_CONTEXT() REPRESENTATION_CONTEXT('2D SPACE',''
  ) );
#210 = PCURVE('',#211,#216);
#211 = PLANE('',#212);
#212 = AXIS2_PLACEMENT_3D('',#213,#214,#215);
#213 = CARTESIAN_POINT('',(84.098249174035,-34.56262893914,-4.5));
#214 = DIRECTION('',(-0.80024021973,0.599679573378,-0.));
#215 = DIRECTION('',(0.599679573378,0.80024021973,0.));
#216 = DEFINITIONAL_REPRESENTATION('',(#217),#221);
#217 = LINE('',#218,#219);
#218 = CARTESIAN_POINT('',(-11.80253449978,0.));
#219 = VECTOR('',#220,1.);
#220 = DIRECTION('',(-1.,0.));
#221 = ( GEOMETRIC_REPRESENTATION_CONTEXT(2) 
PARAMETRIC_REPRESENTATION_CONTEXT() REPRESENTATION_CONTEXT('2D SPACE',''
  ) );
#222 = ORIENTED_EDGE('',*,*,#223,.F.);
#223 = EDGE_CURVE('',#224,#196,#226,.T.);
#224 = VERTEX_POINT('',#225);
#225 = CARTESIAN_POINT('',(91.155039181386,-43.02328225261,-4.5));
#226 = SURFACE_CURVE('',#227,(#231,#238),.PCURVE_S1.);
#227 = LINE('',#228,#229);
#228 = CARTESIAN_POINT('',(44.204067656978,-10.14785806495,-4.5));
#229 = VECTOR('',#230,1.);
#230 = DIRECTION('',(-0.819152044289,0.573576436351,-0.));
#231 = PCURVE('',#44,#232);
#232 = DEFINITIONAL_REPRESENTATION('',(#233),#237);
#233 = LINE('',#234,#235);
#234 = CARTESIAN_POINT('',(44.204067656978,-10.14785806495));
#235 = VECTOR('',#236,1.);
#236 = DIRECTION('',(-0.819152044289,0.573576436351));
#237 = ( GEOMETRIC_REPRESENTATION_CONTEXT(2) 
PARAMETRIC_REPRESENTATION_CONTEXT() REPRESENTATION_CONTEXT('2D SPACE',''
  ) );
#238 = PCURVE('',#239,#244);
#239 = PLANE('',#240);
#240 = AXIS2_PLACEMENT_3D('',#241,#242,#243);
#241 = CARTESIAN_POINT('',(91.155039181386,-43.02328225261,-4.5));
#242 = DIRECTION('',(0.573576436351,0.819152044289,-0.));
#243 = DIRECTION('',(0.819152044289,-0.573576436351,0.));
#244 = DEFINITIONAL_REPRESENTATION('',(#245),#249);
#245 = LINE('',#246,#247);
#246 = CARTESIAN_POINT('',(-57.31655295466,0.));
#247 = VECTOR('',#248,1.);
#248 = DIRECTION('',(-1.,0.));
#249 = ( GEOMETRIC_REPRESENTATION_CONTEXT(2) 
PARAMETRIC_REPRESENTATION_CONTEXT() REPRESENTATION_CONTEXT('2D SPACE',''
  ) );
#250 = ORIENTED_EDGE('',*,*,#251,.F.);
#251 = EDGE_CURVE('',#252,#224,#254,.T.);
#252 = VERTEX_POINT('',#253);
#253 = CARTESIAN_POINT('',(92.642044881858,-44.57491762048,-4.5));
#254 = SURFACE_CURVE('',#255,(#259,#266),.PCURVE_S1.);
#255 = LINE('',#256,#257);
#256 = CARTESIAN_POINT('',(59.136919503573,-9.613560360499,-4.5));
#257 = VECTOR('',#258,1.);
#258 = DIRECTION('',(-0.691910652281,0.721983136409,-0.));
#259 = PCURVE('',#44,#260);
#260 = DEFINITIONAL_REPRESENTATION('',(#261),#265);
#261 = LINE('',#262,#263);
#262 = CARTESIAN_POINT('',(59.136919503573,-9.613560360499));
#263 = VECTOR('',#264,1.);
#264 = DIRECTION('',(-0.691910652281,0.721983136409));
#265 = ( GEOMETRIC_REPRESENTATION_CONTEXT(2) 
PARAMETRIC_REPRESENTATION_CONTEXT() REPRESENTATION_CONTEXT('2D SPACE',''
  ) );
#266 = PCURVE('',#267,#272);
#267 = PLANE('',#268);
#268 = AXIS2_PLACEMENT_3D('',#269,#270,#271);
#269 = CARTESIAN_POINT('',(92.642044881858,-44.57491762048,-4.5));
#270 = DIRECTION('',(0.721983136409,0.691910652281,-0.));
#271 = DIRECTION('',(0.691910652281,-0.721983136409,0.));
#272 = DEFINITIONAL_REPRESENTATION('',(#273),#277);
#273 = LINE('',#274,#275);
#274 = CARTESIAN_POINT('',(-48.42406352295,0.));
#275 = VECTOR('',#276,1.);
#276 = DIRECTION('',(-1.,0.));
#277 = ( GEOMETRIC_REPRESENTATION_CONTEXT(2) 
PARAMETRIC_REPRESENTATION_CONTEXT() REPRESENTATION_CONTEXT('2D SPACE',''
  ) );
#278 = ORIENTED_EDGE('',*,*,#279,.F.);
#279 = EDGE_CURVE('',#280,#252,#282,.T.);
#280 = VERTEX_POINT('',#281);
#281 = CARTESIAN_POINT('',(92.775518730192,-57.41629112248,-4.5));
#282 = SURFACE_CURVE('',#283,(#287,#294),.PCURVE_S1.);
#283 = LINE('',#284,#285);
#284 = CARTESIAN_POINT('',(92.426946035528,-23.8804920079,-4.5));
#285 = VECTOR('',#286,1.);
#286 = DIRECTION('',(-1.03934862491E-02,0.999945986263,-0.));
#287 = PCURVE('',#44,#288);
#288 = DEFINITIONAL_REPRESENTATION('',(#289),#293);
#289 = LINE('',#290,#291);
#290 = CARTESIAN_POINT('',(92.426946035528,-23.8804920079));
#291 = VECTOR('',#292,1.);
#292 = DIRECTION('',(-1.03934862491E-02,0.999945986263));
#293 = ( GEOMETRIC_REPRESENTATION_CONTEXT(2) 
PARAMETRIC_REPRESENTATION_CONTEXT() REPRESENTATION_CONTEXT('2D SPACE',''
  ) );
#294 = PCURVE('',#295,#300);
#295 = PLANE('',#296);
#296 = AXIS2_PLACEMENT_3D('',#297,#298,#299);
#297 = CARTESIAN_POINT('',(92.775518730192,-57.41629112248,-4.5));
#298 = DIRECTION('',(0.999945986263,1.03934862491E-02,-0.));
#299 = DIRECTION('',(1.03934862491E-02,-0.999945986263,0.));
#300 = DEFINITIONAL_REPRESENTATION('',(#301),#305);
#301 = LINE('',#302,#303);
#302 = CARTESIAN_POINT('',(-33.53761060625,0.));
#303 = VECTOR('',#304,1.);
#304 = DIRECTION('',(-1.,0.));
#305 = ( GEOMETRIC_REPRESENTATION_CONTEXT(2) 
PARAMETRIC_REPRESENTATION_CONTEXT() REPRESENTATION_CONTEXT('2D SPACE',''
  ) );
#306 = ORIENTED_EDGE('',*,*,#307,.F.);
#307 = EDGE_CURVE('',#308,#280,#310,.T.);
#308 = VERTEX_POINT('',#309);
#309 = CARTESIAN_POINT('',(81.690965640921,-71.50837053267,-4.5));
#310 = SURFACE_CURVE('',#311,(#315,#322),.PCURVE_S1.);
#311 = LINE('',#312,#313);
#312 = CARTESIAN_POINT('',(88.987470992873,-62.23213431381,-4.5));
#313 = VECTOR('',#314,1.);
#314 = DIRECTION('',(0.61824235913,0.785987522405,-0.));
#315 = PCURVE('',#44,#316);
#316 = DEFINITIONAL_REPRESENTATION('',(#317),#321);
#317 = LINE('',#318,#319);
#318 = CARTESIAN_POINT('',(88.987470992873,-62.23213431381));
#319 = VECTOR('',#320,1.);
#320 = DIRECTION('',(0.61824235913,0.785987522405));
#321 = ( GEOMETRIC_REPRESENTATION_CONTEXT(2) 
PARAMETRIC_REPRESENTATION_CONTEXT() REPRESENTATION_CONTEXT('2D SPACE',''
  ) );
#322 = PCURVE('',#323,#328);
#323 = PLANE('',#324);
#324 = AXIS2_PLACEMENT_3D('',#325,#326,#327);
#325 = CARTESIAN_POINT('',(81.690965640922,-71.50837053267,-4.5));
#326 = DIRECTION('',(0.785987522405,-0.61824235913,0.));
#327 = DIRECTION('',(-0.61824235913,-0.785987522405,0.));
#328 = DEFINITIONAL_REPRESENTATION('',(#329),#333);
#329 = LINE('',#330,#331);
#330 = CARTESIAN_POINT('',(-11.8020146051,0.));
#331 = VECTOR('',#332,1.);
#332 = DIRECTION('',(-1.,0.));
#333 = ( GEOMETRIC_REPRESENTATION_CONTEXT(2) 
PARAMETRIC_REPRESENTATION_CONTEXT() REPRESENTATION_CONTEXT('2D SPACE',''
  ) );
#334 = ORIENTED_EDGE('',*,*,#335,.T.);
#335 = EDGE_CURVE('',#308,#336,#338,.T.);
#336 = VERTEX_POINT('',#337);
#337 = CARTESIAN_POINT('',(80.532607909636,-74.38298317383,-4.5));
#338 = SURFACE_CURVE('',#339,(#343,#350),.PCURVE_S1.);
#339 = LINE('',#340,#341);
#340 = CARTESIAN_POINT('',(87.878889650598,-56.15224685829,-4.5));
#341 = VECTOR('',#342,1.);
#342 = DIRECTION('',(-0.373757323406,-0.927526529648,-0.));
#343 = PCURVE('',#44,#344);
#344 = DEFINITIONAL_REPRESENTATION('',(#345),#349);
#345 = LINE('',#346,#347);
#346 = CARTESIAN_POINT('',(87.878889650598,-56.15224685829));
#347 = VECTOR('',#348,1.);
#348 = DIRECTION('',(-0.373757323406,-0.927526529648));
#349 = ( GEOMETRIC_REPRESENTATION_CONTEXT(2) 
PARAMETRIC_REPRESENTATION_CONTEXT() REPRESENTATION_CONTEXT('2D SPACE',''
  ) );
#350 = PCURVE('',#351,#356);
#351 = PLANE('',#352);
#352 = AXIS2_PLACEMENT_3D('',#353,#354,#355);
#353 = CARTESIAN_POINT('',(81.690965640921,-71.50837053267,-4.5));
#354 = DIRECTION('',(-0.927526529648,0.373757323406,-0.));
#355 = DIRECTION('',(0.373757323406,0.927526529648,0.));
#356 = DEFINITIONAL_REPRESENTATION('',(#357),#361);
#357 = LINE('',#358,#359);
#358 = CARTESIAN_POINT('',(16.555994015836,-0.));
#359 = VECTOR('',#360,1.);
#360 = DIRECTION('',(-1.,0.));
#361 = ( GEOMETRIC_REPRESENTATION_CONTEXT(2) 
PARAMETRIC_REPRESENTATION_CONTEXT() REPRESENTATION_CONTEXT('2D SPACE',''
  ) );
#362 = ORIENTED_EDGE('',*,*,#363,.F.);
#363 = EDGE_CURVE('',#364,#336,#366,.T.);
#364 = VERTEX_POINT('',#365);
#365 = CARTESIAN_POINT('',(80.354010451922,-75.19843000524,-4.5));
#366 = SURFACE_CURVE('',#367,(#371,#378),.PCURVE_S1.);
#367 = LINE('',#368,#369);
#368 = CARTESIAN_POINT('',(86.371615938122,-47.72302588017,-4.5));
#369 = VECTOR('',#370,1.);
#370 = DIRECTION('',(0.213946623822,0.976845352221,-0.));
#371 = PCURVE('',#44,#372);
#372 = DEFINITIONAL_REPRESENTATION('',(#373),#377);
#373 = LINE('',#374,#375);
#374 = CARTESIAN_POINT('',(86.371615938122,-47.72302588017));
#375 = VECTOR('',#376,1.);
#376 = DIRECTION('',(0.213946623822,0.976845352221));
#377 = ( GEOMETRIC_REPRESENTATION_CONTEXT(2) 
PARAMETRIC_REPRESENTATION_CONTEXT() REPRESENTATION_CONTEXT('2D SPACE',''
  ) );
#378 = PCURVE('',#379,#384);
#379 = PLANE('',#380);
#380 = AXIS2_PLACEMENT_3D('',#381,#382,#383);
#381 = CARTESIAN_POINT('',(80.354010451922,-75.19843000524,-4.5));
#382 = DIRECTION('',(0.976845352221,-0.213946623822,0.));
#383 = DIRECTION('',(-0.213946623822,-0.976845352221,0.));
#384 = DEFINITIONAL_REPRESENTATION('',(#385),#389);
#385 = LINE('',#386,#387);
#386 = CARTESIAN_POINT('',(-28.12666719723,0.));
#387 = VECTOR('',#388,1.);
#388 = DIRECTION('',(-1.,0.));
#389 = ( GEOMETRIC_REPRESENTATION_CONTEXT(2) 
PARAMETRIC_REPRESENTATION_CONTEXT() REPRESENTATION_CONTEXT('2D SPACE',''
  ) );
#390 = ORIENTED_EDGE('',*,*,#391,.F.);
#391 = EDGE_CURVE('',#392,#364,#394,.T.);
#392 = VERTEX_POINT('',#393);
#393 = CARTESIAN_POINT('',(69.396911555448,-89.69658265421,-4.5));
#394 = SURFACE_CURVE('',#395,(#399,#406),.PCURVE_S1.);
#395 = LINE('',#396,#397);
#396 = CARTESIAN_POINT('',(80.281679195701,-75.29413687108,-4.5));
#397 = VECTOR('',#398,1.);
#398 = DIRECTION('',(0.602936040706,0.797789527895,-0.));
#399 = PCURVE('',#44,#400);
#400 = DEFINITIONAL_REPRESENTATION('',(#401),#405);
#401 = LINE('',#402,#403);
#402 = CARTESIAN_POINT('',(80.281679195701,-75.29413687108));
#403 = VECTOR('',#404,1.);
#404 = DIRECTION('',(0.602936040706,0.797789527895));
#405 = ( GEOMETRIC_REPRESENTATION_CONTEXT(2) 
PARAMETRIC_REPRESENTATION_CONTEXT() REPRESENTATION_CONTEXT('2D SPACE',''
  ) );
#406 = PCURVE('',#407,#412);
#407 = PLANE('',#408);
#408 = AXIS2_PLACEMENT_3D('',#409,#410,#411);
#409 = CARTESIAN_POINT('',(69.396911555448,-89.69658265421,-4.5));
#410 = DIRECTION('',(0.797789527895,-0.602936040706,0.));
#411 = DIRECTION('',(-0.602936040706,-0.797789527895,0.));
#412 = DEFINITIONAL_REPRESENTATION('',(#413),#417);
#413 = LINE('',#414,#415);
#414 = CARTESIAN_POINT('',(-18.05293912686,0.));
#415 = VECTOR('',#416,1.);
#416 = DIRECTION('',(-1.,0.));
#417 = ( GEOMETRIC_REPRESENTATION_CONTEXT(2) 
PARAMETRIC_REPRESENTATION_CONTEXT() REPRESENTATION_CONTEXT('2D SPACE',''
  ) );
#418 = ORIENTED_EDGE('',*,*,#419,.F.);
#419 = EDGE_CURVE('',#420,#392,#422,.T.);
#420 = VERTEX_POINT('',#421);
#421 = CARTESIAN_POINT('',(62.634374305827,-91.02672877078,-4.5));
#422 = SURFACE_CURVE('',#423,(#427,#434),.PCURVE_S1.);
#423 = LINE('',#424,#425);
#424 = CARTESIAN_POINT('',(42.374198400939,-95.01177067239,-4.5));
#425 = VECTOR('',#426,1.);
#426 = DIRECTION('',(0.981199651967,0.19299544808,-0.));
#427 = PCURVE('',#44,#428);
#428 = DEFINITIONAL_REPRESENTATION('',(#429),#433);
#429 = LINE('',#430,#431);
#430 = CARTESIAN_POINT('',(42.374198400939,-95.01177067239));
#431 = VECTOR('',#432,1.);
#432 = DIRECTION('',(0.981199651967,0.19299544808));
#433 = ( GEOMETRIC_REPRESENTATION_CONTEXT(2) 
PARAMETRIC_REPRESENTATION_CONTEXT() REPRESENTATION_CONTEXT('2D SPACE',''
  ) );
#434 = PCURVE('',#435,#440);
#435 = PLANE('',#436);
#436 = AXIS2_PLACEMENT_3D('',#437,#438,#439);
#437 = CARTESIAN_POINT('',(62.634374305827,-91.02672877078,-4.5));
#438 = DIRECTION('',(0.19299544808,-0.981199651967,0.));
#439 = DIRECTION('',(-0.981199651967,-0.19299544808,0.));
#440 = DEFINITIONAL_REPRESENTATION('',(#441),#445);
#441 = LINE('',#442,#443);
#442 = CARTESIAN_POINT('',(20.648372494088,-0.));
#443 = VECTOR('',#444,1.);
#444 = DIRECTION('',(-1.,0.));
#445 = ( GEOMETRIC_REPRESENTATION_CONTEXT(2) 
PARAMETRIC_REPRESENTATION_CONTEXT() REPRESENTATION_CONTEXT('2D SPACE',''
  ) );
#446 = ORIENTED_EDGE('',*,*,#447,.T.);
#447 = EDGE_CURVE('',#420,#448,#450,.T.);
#448 = VERTEX_POINT('',#449);
#449 = CARTESIAN_POINT('',(56.125976872606,-92.87938595439,-4.5));
#450 = SURFACE_CURVE('',#451,(#455,#462),.PCURVE_S1.);
#451 = LINE('',#452,#453);
#452 = CARTESIAN_POINT('',(46.260560190155,-95.68764025563,-4.5));
#453 = VECTOR('',#454,1.);
#454 = DIRECTION('',(-0.961792244377,-0.273780347461,-0.));
#455 = PCURVE('',#44,#456);
#456 = DEFINITIONAL_REPRESENTATION('',(#457),#461);
#457 = LINE('',#458,#459);
#458 = CARTESIAN_POINT('',(46.260560190155,-95.68764025563));
#459 = VECTOR('',#460,1.);
#460 = DIRECTION('',(-0.961792244377,-0.273780347461));
#461 = ( GEOMETRIC_REPRESENTATION_CONTEXT(2) 
PARAMETRIC_REPRESENTATION_CONTEXT() REPRESENTATION_CONTEXT('2D SPACE',''
  ) );
#462 = PCURVE('',#463,#468);
#463 = PLANE('',#464);
#464 = AXIS2_PLACEMENT_3D('',#465,#466,#467);
#465 = CARTESIAN_POINT('',(62.634374305827,-91.02672877078,-4.5));
#466 = DIRECTION('',(-0.273780347461,0.961792244377,-0.));
#467 = DIRECTION('',(0.961792244377,0.273780347461,0.));
#468 = DEFINITIONAL_REPRESENTATION('',(#469),#473);
#469 = LINE('',#470,#471);
#470 = CARTESIAN_POINT('',(-17.02427339313,0.));
#471 = VECTOR('',#472,1.);
#472 = DIRECTION('',(-1.,0.));
#473 = ( GEOMETRIC_REPRESENTATION_CONTEXT(2) 
PARAMETRIC_REPRESENTATION_CONTEXT() REPRESENTATION_CONTEXT('2D SPACE',''
  ) );
#474 = ORIENTED_EDGE('',*,*,#475,.T.);
#475 = EDGE_CURVE('',#448,#476,#478,.T.);
#476 = VERTEX_POINT('',#477);
#477 = CARTESIAN_POINT('',(45.583241672591,-85.49728329399,-4.5));
#478 = SURFACE_CURVE('',#479,(#483,#490),.PCURVE_S1.);
#479 = LINE('',#480,#481);
#480 = CARTESIAN_POINT('',(13.20892880353,-62.82854537871,-4.5));
#481 = VECTOR('',#482,1.);
#482 = DIRECTION('',(-0.819152044289,0.573576436351,-0.));
#483 = PCURVE('',#44,#484);
#484 = DEFINITIONAL_REPRESENTATION('',(#485),#489);
#485 = LINE('',#486,#487);
#486 = CARTESIAN_POINT('',(13.20892880353,-62.82854537871));
#487 = VECTOR('',#488,1.);
#488 = DIRECTION('',(-0.819152044289,0.573576436351));
#489 = ( GEOMETRIC_REPRESENTATION_CONTEXT(2) 
PARAMETRIC_REPRESENTATION_CONTEXT() REPRESENTATION_CONTEXT('2D SPACE',''
  ) );
#490 = PCURVE('',#491,#496);
#491 = PLANE('',#492);
#492 = AXIS2_PLACEMENT_3D('',#493,#494,#495);
#493 = CARTESIAN_POINT('',(56.125976872606,-92.87938595439,-4.5));
#494 = DIRECTION('',(0.573576436351,0.819152044289,-0.));
#495 = DIRECTION('',(0.819152044289,-0.573576436351,0.));
#496 = DEFINITIONAL_REPRESENTATION('',(#497),#501);
#497 = LINE('',#498,#499);
#498 = CARTESIAN_POINT('',(-52.39204170738,0.));
#499 = VECTOR('',#500,1.);
#500 = DIRECTION('',(-1.,0.));
#501 = ( GEOMETRIC_REPRESENTATION_CONTEXT(2) 
PARAMETRIC_REPRESENTATION_CONTEXT() REPRESENTATION_CONTEXT('2D SPACE',''
  ) );
#502 = ORIENTED_EDGE('',*,*,#503,.T.);
#503 = EDGE_CURVE('',#476,#504,#506,.T.);
#504 = VERTEX_POINT('',#505);
#505 = CARTESIAN_POINT('',(45.529855832027,-85.59382724265,-4.5));
#506 = SURFACE_CURVE('',#507,(#511,#518),.PCURVE_S1.);
#507 = LINE('',#508,#509);
#508 = CARTESIAN_POINT('',(59.403377612954,-60.50469198774,-4.5));
#509 = VECTOR('',#510,1.);
#510 = DIRECTION('',(-0.483912503178,-0.875116386127,-0.));
#511 = PCURVE('',#44,#512);
#512 = DEFINITIONAL_REPRESENTATION('',(#513),#517);
#513 = LINE('',#514,#515);
#514 = CARTESIAN_POINT('',(59.403377612954,-60.50469198774));
#515 = VECTOR('',#516,1.);
#516 = DIRECTION('',(-0.483912503178,-0.875116386127));
#517 = ( GEOMETRIC_REPRESENTATION_CONTEXT(2) 
PARAMETRIC_REPRESENTATION_CONTEXT() REPRESENTATION_CONTEXT('2D SPACE',''
  ) );
#518 = PCURVE('',#519,#524);
#519 = PLANE('',#520);
#520 = AXIS2_PLACEMENT_3D('',#521,#522,#523);
#521 = CARTESIAN_POINT('',(45.583241672591,-85.49728329399,-4.5));
#522 = DIRECTION('',(-0.875116386127,0.483912503178,-0.));
#523 = DIRECTION('',(0.483912503178,0.875116386127,0.));
#524 = DEFINITIONAL_REPRESENTATION('',(#525),#529);
#525 = LINE('',#526,#527);
#526 = CARTESIAN_POINT('',(28.559162761036,-0.));
#527 = VECTOR('',#528,1.);
#528 = DIRECTION('',(-1.,0.));
#529 = ( GEOMETRIC_REPRESENTATION_CONTEXT(2) 
PARAMETRIC_REPRESENTATION_CONTEXT() REPRESENTATION_CONTEXT('2D SPACE',''
  ) );
#530 = ORIENTED_EDGE('',*,*,#531,.F.);
#531 = EDGE_CURVE('',#532,#504,#534,.T.);
#532 = VERTEX_POINT('',#533);
#533 = CARTESIAN_POINT('',(30.429736859957,-78.55252612692,-4.5));
#534 = SURFACE_CURVE('',#535,(#539,#546),.PCURVE_S1.);
#535 = LINE('',#536,#537);
#536 = CARTESIAN_POINT('',(2.919924585734,-65.72448998905,-4.5));
#537 = VECTOR('',#538,1.);
#538 = DIRECTION('',(0.906307787037,-0.422618261741,0.));
#539 = PCURVE('',#44,#540);
#540 = DEFINITIONAL_REPRESENTATION('',(#541),#545);
#541 = LINE('',#542,#543);
#542 = CARTESIAN_POINT('',(2.919924585734,-65.72448998905));
#543 = VECTOR('',#544,1.);
#544 = DIRECTION('',(0.906307787037,-0.422618261741));
#545 = ( GEOMETRIC_REPRESENTATION_CONTEXT(2) 
PARAMETRIC_REPRESENTATION_CONTEXT() REPRESENTATION_CONTEXT('2D SPACE',''
  ) );
#546 = PCURVE('',#547,#552);
#547 = PLANE('',#548);
#548 = AXIS2_PLACEMENT_3D('',#549,#550,#551);
#549 = CARTESIAN_POINT('',(30.429736859957,-78.55252612692,-4.5));
#550 = DIRECTION('',(-0.422618261741,-0.906307787037,-0.));
#551 = DIRECTION('',(-0.906307787037,0.422618261741,-0.));
#552 = DEFINITIONAL_REPRESENTATION('',(#553),#557);
#553 = LINE('',#554,#555);
#554 = CARTESIAN_POINT('',(30.353719418181,-0.));
#555 = VECTOR('',#556,1.);
#556 = DIRECTION('',(-1.,0.));
#557 = ( GEOMETRIC_REPRESENTATION_CONTEXT(2) 
PARAMETRIC_REPRESENTATION_CONTEXT() REPRESENTATION_CONTEXT('2D SPACE',''
  ) );
#558 = ORIENTED_EDGE('',*,*,#559,.T.);
#559 = EDGE_CURVE('',#532,#560,#562,.T.);
#560 = VERTEX_POINT('',#561);
#561 = CARTESIAN_POINT('',(29.328313442332,-77.27252569279,-4.5));
#562 = SURFACE_CURVE('',#563,(#567,#574),.PCURVE_S1.);
#563 = LINE('',#564,#565);
#564 = CARTESIAN_POINT('',(4.399626261564,-48.30207717757,-4.5));
#565 = VECTOR('',#566,1.);
#566 = DIRECTION('',(-0.652251338193,0.758002765051,-0.));
#567 = PCURVE('',#44,#568);
#568 = DEFINITIONAL_REPRESENTATION('',(#569),#573);
#569 = LINE('',#570,#571);
#570 = CARTESIAN_POINT('',(4.399626261564,-48.30207717757));
#571 = VECTOR('',#572,1.);
#572 = DIRECTION('',(-0.652251338193,0.758002765051));
#573 = ( GEOMETRIC_REPRESENTATION_CONTEXT(2) 
PARAMETRIC_REPRESENTATION_CONTEXT() REPRESENTATION_CONTEXT('2D SPACE',''
  ) );
#574 = PCURVE('',#575,#580);
#575 = PLANE('',#576);
#576 = AXIS2_PLACEMENT_3D('',#577,#578,#579);
#577 = CARTESIAN_POINT('',(30.429736859957,-78.55252612692,-4.5));
#578 = DIRECTION('',(0.758002765051,0.652251338193,-0.));
#579 = DIRECTION('',(0.652251338193,-0.758002765051,0.));
#580 = DEFINITIONAL_REPRESENTATION('',(#581),#585);
#581 = LINE('',#582,#583);
#582 = CARTESIAN_POINT('',(-39.90809841876,0.));
#583 = VECTOR('',#584,1.);
#584 = DIRECTION('',(-1.,0.));
#585 = ( GEOMETRIC_REPRESENTATION_CONTEXT(2) 
PARAMETRIC_REPRESENTATION_CONTEXT() REPRESENTATION_CONTEXT('2D SPACE',''
  ) );
#586 = ORIENTED_EDGE('',*,*,#587,.F.);
#587 = EDGE_CURVE('',#588,#560,#590,.T.);
#588 = VERTEX_POINT('',#589);
#589 = CARTESIAN_POINT('',(26.354396596922,-58.86966555158,-4.5));
#590 = SURFACE_CURVE('',#591,(#595,#602),.PCURVE_S1.);
#591 = LINE('',#592,#593);
#592 = CARTESIAN_POINT('',(22.327111985819,-33.9484726267,-4.5));
#593 = VECTOR('',#594,1.);
#594 = DIRECTION('',(0.159531157353,-0.987192893934,0.));
#595 = PCURVE('',#44,#596);
#596 = DEFINITIONAL_REPRESENTATION('',(#597),#601);
#597 = LINE('',#598,#599);
#598 = CARTESIAN_POINT('',(22.327111985819,-33.9484726267));
#599 = VECTOR('',#600,1.);
#600 = DIRECTION('',(0.159531157353,-0.987192893934));
#601 = ( GEOMETRIC_REPRESENTATION_CONTEXT(2) 
PARAMETRIC_REPRESENTATION_CONTEXT() REPRESENTATION_CONTEXT('2D SPACE',''
  ) );
#602 = PCURVE('',#603,#608);
#603 = PLANE('',#604);
#604 = AXIS2_PLACEMENT_3D('',#605,#606,#607);
#605 = CARTESIAN_POINT('',(26.354396596922,-58.86966555158,-4.5));
#606 = DIRECTION('',(-0.987192893934,-0.159531157353,-0.));
#607 = DIRECTION('',(-0.159531157353,0.987192893934,-0.));
#608 = DEFINITIONAL_REPRESENTATION('',(#609),#613);
#609 = LINE('',#610,#611);
#610 = CARTESIAN_POINT('',(25.244501938795,-0.));
#611 = VECTOR('',#612,1.);
#612 = DIRECTION('',(-1.,0.));
#613 = ( GEOMETRIC_REPRESENTATION_CONTEXT(2) 
PARAMETRIC_REPRESENTATION_CONTEXT() REPRESENTATION_CONTEXT('2D SPACE',''
  ) );
#614 = ORIENTED_EDGE('',*,*,#615,.T.);
#615 = EDGE_CURVE('',#588,#616,#618,.T.);
#616 = VERTEX_POINT('',#617);
#617 = CARTESIAN_POINT('',(6.570731219968,-68.21429272779,-4.5));
#618 = SURFACE_CURVE('',#619,(#623,#630),.PCURVE_S1.);
#619 = LINE('',#620,#621);
#620 = CARTESIAN_POINT('',(20.406175522587,-61.67925150252,-4.5));
#621 = VECTOR('',#622,1.);
#622 = DIRECTION('',(-0.904207334139,-0.427093779971,-0.));
#623 = PCURVE('',#44,#624);
#624 = DEFINITIONAL_REPRESENTATION('',(#625),#629);
#625 = LINE('',#626,#627);
#626 = CARTESIAN_POINT('',(20.406175522587,-61.67925150252));
#627 = VECTOR('',#628,1.);
#628 = DIRECTION('',(-0.904207334139,-0.427093779971));
#629 = ( GEOMETRIC_REPRESENTATION_CONTEXT(2) 
PARAMETRIC_REPRESENTATION_CONTEXT() REPRESENTATION_CONTEXT('2D SPACE',''
  ) );
#630 = PCURVE('',#631,#636);
#631 = PLANE('',#632);
#632 = AXIS2_PLACEMENT_3D('',#633,#634,#635);
#633 = CARTESIAN_POINT('',(26.354396596922,-58.86966555158,-4.5));
#634 = DIRECTION('',(-0.427093779971,0.904207334139,-0.));
#635 = DIRECTION('',(0.904207334139,0.427093779971,0.));
#636 = DEFINITIONAL_REPRESENTATION('',(#637),#641);
#637 = LINE('',#638,#639);
#638 = CARTESIAN_POINT('',(-6.578381804436,0.));
#639 = VECTOR('',#640,1.);
#640 = DIRECTION('',(-1.,0.));
#641 = ( GEOMETRIC_REPRESENTATION_CONTEXT(2) 
PARAMETRIC_REPRESENTATION_CONTEXT() REPRESENTATION_CONTEXT('2D SPACE',''
  ) );
#642 = ORIENTED_EDGE('',*,*,#643,.T.);
#643 = EDGE_CURVE('',#616,#644,#646,.T.);
#644 = VERTEX_POINT('',#645);
#645 = CARTESIAN_POINT('',(-10.98963572036,-68.21429272779,-4.5));
#646 = SURFACE_CURVE('',#647,(#651,#658),.PCURVE_S1.);
#647 = LINE('',#648,#649);
#648 = CARTESIAN_POINT('',(3.273220478341,-68.21429272779,-4.5));
#649 = VECTOR('',#650,1.);
#650 = DIRECTION('',(-1.,-0.,-0.));
#651 = PCURVE('',#44,#652);
#652 = DEFINITIONAL_REPRESENTATION('',(#653),#657);
#653 = LINE('',#654,#655);
#654 = CARTESIAN_POINT('',(3.273220478341,-68.21429272779));
#655 = VECTOR('',#656,1.);
#656 = DIRECTION('',(-1.,0.));
#657 = ( GEOMETRIC_REPRESENTATION_CONTEXT(2) 
PARAMETRIC_REPRESENTATION_CONTEXT() REPRESENTATION_CONTEXT('2D SPACE',''
  ) );
#658 = PCURVE('',#659,#664);
#659 = PLANE('',#660);
#660 = AXIS2_PLACEMENT_3D('',#661,#662,#663);
#661 = CARTESIAN_POINT('',(6.570731219968,-68.21429272779,-4.5));
#662 = DIRECTION('',(-0.,1.,-0.));
#663 = DIRECTION('',(1.,0.,0.));
#664 = DEFINITIONAL_REPRESENTATION('',(#665),#669);
#665 = LINE('',#666,#667);
#666 = CARTESIAN_POINT('',(-3.297510741627,0.));
#667 = VECTOR('',#668,1.);
#668 = DIRECTION('',(-1.,0.));
#669 = ( GEOMETRIC_REPRESENTATION_CONTEXT(2) 
PARAMETRIC_REPRESENTATION_CONTEXT() REPRESENTATION_CONTEXT('2D SPACE',''
  ) );
#670 = ORIENTED_EDGE('',*,*,#671,.F.);
#671 = EDGE_CURVE('',#672,#644,#674,.T.);
#672 = VERTEX_POINT('',#673);
#673 = CARTESIAN_POINT('',(-11.82920074285,-66.21429425984,-4.5));
#674 = SURFACE_CURVE('',#675,(#679,#686),.PCURVE_S1.);
#675 = LINE('',#676,#677);
#676 = CARTESIAN_POINT('',(-22.65027567337,-40.43650135201,-4.5));
#677 = VECTOR('',#678,1.);
#678 = DIRECTION('',(0.387062263728,-0.922053579787,0.));
#679 = PCURVE('',#44,#680);
#680 = DEFINITIONAL_REPRESENTATION('',(#681),#685);
#681 = LINE('',#682,#683);
#682 = CARTESIAN_POINT('',(-22.65027567337,-40.43650135201));
#683 = VECTOR('',#684,1.);
#684 = DIRECTION('',(0.387062263728,-0.922053579787));
#685 = ( GEOMETRIC_REPRESENTATION_CONTEXT(2) 
PARAMETRIC_REPRESENTATION_CONTEXT() REPRESENTATION_CONTEXT('2D SPACE',''
  ) );
#686 = PCURVE('',#687,#692);
#687 = PLANE('',#688);
#688 = AXIS2_PLACEMENT_3D('',#689,#690,#691);
#689 = CARTESIAN_POINT('',(-11.82920074285,-66.21429425984,-4.5));
#690 = DIRECTION('',(-0.922053579787,-0.387062263728,-0.));
#691 = DIRECTION('',(-0.387062263728,0.922053579787,-0.));
#692 = DEFINITIONAL_REPRESENTATION('',(#693),#697);
#693 = LINE('',#694,#695);
#694 = CARTESIAN_POINT('',(27.956935988242,-0.));
#695 = VECTOR('',#696,1.);
#696 = DIRECTION('',(-1.,0.));
#697 = ( GEOMETRIC_REPRESENTATION_CONTEXT(2) 
PARAMETRIC_REPRESENTATION_CONTEXT() REPRESENTATION_CONTEXT('2D SPACE',''
  ) );
#698 = ORIENTED_EDGE('',*,*,#699,.F.);
#699 = EDGE_CURVE('',#700,#672,#702,.T.);
#700 = VERTEX_POINT('',#701);
#701 = CARTESIAN_POINT('',(-17.89367807045,-51.43013818397,-4.5));
#702 = SURFACE_CURVE('',#703,(#707,#714),.PCURVE_S1.);
#703 = LINE('',#704,#705);
#704 = CARTESIAN_POINT('',(-23.61609880261,-37.47985744815,-4.5));
#705 = VECTOR('',#706,1.);
#706 = DIRECTION('',(0.379512568562,-0.925186581346,0.));
#707 = PCURVE('',#44,#708);
#708 = DEFINITIONAL_REPRESENTATION('',(#709),#713);
#709 = LINE('',#710,#711);
#710 = CARTESIAN_POINT('',(-23.61609880261,-37.47985744815));
#711 = VECTOR('',#712,1.);
#712 = DIRECTION('',(0.379512568562,-0.925186581346));
#713 = ( GEOMETRIC_REPRESENTATION_CONTEXT(2) 
PARAMETRIC_REPRESENTATION_CONTEXT() REPRESENTATION_CONTEXT('2D SPACE',''
  ) );
#714 = PCURVE('',#715,#720);
#715 = PLANE('',#716);
#716 = AXIS2_PLACEMENT_3D('',#717,#718,#719);
#717 = CARTESIAN_POINT('',(-17.89367807045,-51.43013818397,-4.5));
#718 = DIRECTION('',(-0.925186581346,-0.379512568562,-0.));
#719 = DIRECTION('',(-0.379512568562,0.925186581346,-0.));
#720 = DEFINITIONAL_REPRESENTATION('',(#721),#725);
#721 = LINE('',#722,#723);
#722 = CARTESIAN_POINT('',(15.078343133249,-0.));
#723 = VECTOR('',#724,1.);
#724 = DIRECTION('',(-1.,0.));
#725 = ( GEOMETRIC_REPRESENTATION_CONTEXT(2) 
PARAMETRIC_REPRESENTATION_CONTEXT() REPRESENTATION_CONTEXT('2D SPACE',''
  ) );
#726 = ORIENTED_EDGE('',*,*,#727,.T.);
#727 = EDGE_CURVE('',#700,#728,#730,.T.);
#728 = VERTEX_POINT('',#729);
#729 = CARTESIAN_POINT('',(-53.26110813426,-51.43013818397,-4.5));
#730 = SURFACE_CURVE('',#731,(#735,#742),.PCURVE_S1.);
#731 = LINE('',#732,#733);
#732 = CARTESIAN_POINT('',(-16.50115094258,-51.43013818397,-4.5));
#733 = VECTOR('',#734,1.);
#734 = DIRECTION('',(-1.,-0.,-0.));
#735 = PCURVE('',#44,#736);
#736 = DEFINITIONAL_REPRESENTATION('',(#737),#741);
#737 = LINE('',#738,#739);
#738 = CARTESIAN_POINT('',(-16.50115094258,-51.43013818397));
#739 = VECTOR('',#740,1.);
#740 = DIRECTION('',(-1.,0.));
#741 = ( GEOMETRIC_REPRESENTATION_CONTEXT(2) 
PARAMETRIC_REPRESENTATION_CONTEXT() REPRESENTATION_CONTEXT('2D SPACE',''
  ) );
#742 = PCURVE('',#743,#748);
#743 = PLANE('',#744);
#744 = AXIS2_PLACEMENT_3D('',#745,#746,#747);
#745 = CARTESIAN_POINT('',(-17.89367807045,-51.43013818397,-4.5));
#746 = DIRECTION('',(-0.,1.,-0.));
#747 = DIRECTION('',(1.,0.,0.));
#748 = DEFINITIONAL_REPRESENTATION('',(#749),#753);
#749 = LINE('',#750,#751);
#750 = CARTESIAN_POINT('',(1.392527127871,-0.));
#751 = VECTOR('',#752,1.);
#752 = DIRECTION('',(-1.,0.));
#753 = ( GEOMETRIC_REPRESENTATION_CONTEXT(2) 
PARAMETRIC_REPRESENTATION_CONTEXT() REPRESENTATION_CONTEXT('2D SPACE',''
  ) );
#754 = ORIENTED_EDGE('',*,*,#755,.T.);
#755 = EDGE_CURVE('',#728,#756,#758,.T.);
#756 = VERTEX_POINT('',#757);
#757 = CARTESIAN_POINT('',(-62.54686661507,-41.28791640698,-4.5));
#758 = SURFACE_CURVE('',#759,(#763,#770),.PCURVE_S1.);
#759 = LINE('',#760,#761);
#760 = CARTESIAN_POINT('',(-56.81998673958,-47.54300972084,-4.5));
#761 = VECTOR('',#762,1.);
#762 = DIRECTION('',(-0.675278828081,0.737562542667,-0.));
#763 = PCURVE('',#44,#764);
#764 = DEFINITIONAL_REPRESENTATION('',(#765),#769);
#765 = LINE('',#766,#767);
#766 = CARTESIAN_POINT('',(-56.81998673958,-47.54300972084));
#767 = VECTOR('',#768,1.);
#768 = DIRECTION('',(-0.675278828081,0.737562542667));
#769 = ( GEOMETRIC_REPRESENTATION_CONTEXT(2) 
PARAMETRIC_REPRESENTATION_CONTEXT() REPRESENTATION_CONTEXT('2D SPACE',''
  ) );
#770 = PCURVE('',#771,#776);
#771 = PLANE('',#772);
#772 = AXIS2_PLACEMENT_3D('',#773,#774,#775);
#773 = CARTESIAN_POINT('',(-53.26110813426,-51.43013818397,-4.5));
#774 = DIRECTION('',(0.737562542667,0.675278828081,-0.));
#775 = DIRECTION('',(0.675278828081,-0.737562542667,0.));
#776 = DEFINITIONAL_REPRESENTATION('',(#777),#781);
#777 = LINE('',#778,#779);
#778 = CARTESIAN_POINT('',(-5.270235726821,0.));
#779 = VECTOR('',#780,1.);
#780 = DIRECTION('',(-1.,0.));
#781 = ( GEOMETRIC_REPRESENTATION_CONTEXT(2) 
PARAMETRIC_REPRESENTATION_CONTEXT() REPRESENTATION_CONTEXT('2D SPACE',''
  ) );
#782 = ORIENTED_EDGE('',*,*,#783,.F.);
#783 = EDGE_CURVE('',#784,#756,#786,.T.);
#784 = VERTEX_POINT('',#785);
#785 = CARTESIAN_POINT('',(-62.81813175898,-40.25264108096,-4.5));
#786 = SURFACE_CURVE('',#787,(#791,#798),.PCURVE_S1.);
#787 = LINE('',#788,#789);
#788 = CARTESIAN_POINT('',(-65.69979965463,-29.25484155834,-4.5));
#789 = VECTOR('',#790,1.);
#790 = DIRECTION('',(0.253465723283,-0.967344368423,0.));
#791 = PCURVE('',#44,#792);
#792 = DEFINITIONAL_REPRESENTATION('',(#793),#797);
#793 = LINE('',#794,#795);
#794 = CARTESIAN_POINT('',(-65.69979965463,-29.25484155834));
#795 = VECTOR('',#796,1.);
#796 = DIRECTION('',(0.253465723283,-0.967344368423));
#797 = ( GEOMETRIC_REPRESENTATION_CONTEXT(2) 
PARAMETRIC_REPRESENTATION_CONTEXT() REPRESENTATION_CONTEXT('2D SPACE',''
  ) );
#798 = PCURVE('',#799,#804);
#799 = PLANE('',#800);
#800 = AXIS2_PLACEMENT_3D('',#801,#802,#803);
#801 = CARTESIAN_POINT('',(-62.81813175898,-40.25264108096,-4.5));
#802 = DIRECTION('',(-0.967344368423,-0.253465723283,-0.));
#803 = DIRECTION('',(-0.253465723283,0.967344368423,-0.));
#804 = DEFINITIONAL_REPRESENTATION('',(#805),#809);
#805 = LINE('',#806,#807);
#806 = CARTESIAN_POINT('',(11.36906347069,-0.));
#807 = VECTOR('',#808,1.);
#808 = DIRECTION('',(-1.,0.));
#809 = ( GEOMETRIC_REPRESENTATION_CONTEXT(2) 
PARAMETRIC_REPRESENTATION_CONTEXT() REPRESENTATION_CONTEXT('2D SPACE',''
  ) );
#810 = ORIENTED_EDGE('',*,*,#811,.T.);
#811 = EDGE_CURVE('',#784,#812,#814,.T.);
#812 = VERTEX_POINT('',#813);
#813 = CARTESIAN_POINT('',(-62.53928984883,-25.43033479947,-4.5));
#814 = SURFACE_CURVE('',#815,(#819,#826),.PCURVE_S1.);
#815 = LINE('',#816,#817);
#816 = CARTESIAN_POINT('',(-62.26430919765,-10.81328017097,-4.5));
#817 = VECTOR('',#818,1.);
#818 = DIRECTION('',(1.880898804935E-02,0.999823095337,-0.));
#819 = PCURVE('',#44,#820);
#820 = DEFINITIONAL_REPRESENTATION('',(#821),#825);
#821 = LINE('',#822,#823);
#822 = CARTESIAN_POINT('',(-62.26430919765,-10.81328017097));
#823 = VECTOR('',#824,1.);
#824 = DIRECTION('',(1.880898804935E-02,0.999823095337));
#825 = ( GEOMETRIC_REPRESENTATION_CONTEXT(2) 
PARAMETRIC_REPRESENTATION_CONTEXT() REPRESENTATION_CONTEXT('2D SPACE',''
  ) );
#826 = PCURVE('',#827,#832);
#827 = PLANE('',#828);
#828 = AXIS2_PLACEMENT_3D('',#829,#830,#831);
#829 = CARTESIAN_POINT('',(-62.81813175898,-40.25264108096,-4.5));
#830 = DIRECTION('',(0.999823095337,-1.880898804935E-02,0.));
#831 = DIRECTION('',(-1.880898804935E-02,-0.999823095337,0.));
#832 = DEFINITIONAL_REPRESENTATION('',(#833),#837);
#833 = LINE('',#834,#835);
#834 = CARTESIAN_POINT('',(-29.44456979169,0.));
#835 = VECTOR('',#836,1.);
#836 = DIRECTION('',(-1.,0.));
#837 = ( GEOMETRIC_REPRESENTATION_CONTEXT(2) 
PARAMETRIC_REPRESENTATION_CONTEXT() REPRESENTATION_CONTEXT('2D SPACE',''
  ) );
#838 = ORIENTED_EDGE('',*,*,#839,.F.);
#839 = EDGE_CURVE('',#840,#812,#842,.T.);
#840 = VERTEX_POINT('',#841);
#841 = CARTESIAN_POINT('',(-62.29106515511,-22.68653244739,-4.5));
#842 = SURFACE_CURVE('',#843,(#847,#854),.PCURVE_S1.);
#843 = LINE('',#844,#845);
#844 = CARTESIAN_POINT('',(-61.46057525224,-13.50654267777,-4.5));
#845 = VECTOR('',#846,1.);
#846 = DIRECTION('',(-9.009945896707E-02,-0.995932772577,-0.));
#847 = PCURVE('',#44,#848);
#848 = DEFINITIONAL_REPRESENTATION('',(#849),#853);
#849 = LINE('',#850,#851);
#850 = CARTESIAN_POINT('',(-61.46057525224,-13.50654267777));
#851 = VECTOR('',#852,1.);
#852 = DIRECTION('',(-9.009945896707E-02,-0.995932772577));
#853 = ( GEOMETRIC_REPRESENTATION_CONTEXT(2) 
PARAMETRIC_REPRESENTATION_CONTEXT() REPRESENTATION_CONTEXT('2D SPACE',''
  ) );
#854 = PCURVE('',#855,#860);
#855 = PLANE('',#856);
#856 = AXIS2_PLACEMENT_3D('',#857,#858,#859);
#857 = CARTESIAN_POINT('',(-62.29106515511,-22.68653244739,-4.5));
#858 = DIRECTION('',(-0.995932772577,9.009945896707E-02,-0.));
#859 = DIRECTION('',(9.009945896707E-02,0.995932772577,0.));
#860 = DEFINITIONAL_REPRESENTATION('',(#861),#865);
#861 = LINE('',#862,#863);
#862 = CARTESIAN_POINT('',(9.217479354413,-0.));
#863 = VECTOR('',#864,1.);
#864 = DIRECTION('',(-1.,0.));
#865 = ( GEOMETRIC_REPRESENTATION_CONTEXT(2) 
PARAMETRIC_REPRESENTATION_CONTEXT() REPRESENTATION_CONTEXT('2D SPACE',''
  ) );
#866 = ORIENTED_EDGE('',*,*,#867,.T.);
#867 = EDGE_CURVE('',#840,#868,#870,.T.);
#868 = VERTEX_POINT('',#869);
#869 = CARTESIAN_POINT('',(-61.93534508927,-14.95,-4.5));
#870 = SURFACE_CURVE('',#871,(#875,#882),.PCURVE_S1.);
#871 = LINE('',#872,#873);
#872 = CARTESIAN_POINT('',(-61.618454387,-8.057964841554,-4.5));
#873 = VECTOR('',#874,1.);
#874 = DIRECTION('',(4.593073845555E-02,0.998944626726,-0.));
#875 = PCURVE('',#44,#876);
#876 = DEFINITIONAL_REPRESENTATION('',(#877),#881);
#877 = LINE('',#878,#879);
#878 = CARTESIAN_POINT('',(-61.618454387,-8.057964841554));
#879 = VECTOR('',#880,1.);
#880 = DIRECTION('',(4.593073845555E-02,0.998944626726));
#881 = ( GEOMETRIC_REPRESENTATION_CONTEXT(2) 
PARAMETRIC_REPRESENTATION_CONTEXT() REPRESENTATION_CONTEXT('2D SPACE',''
  ) );
#882 = PCURVE('',#883,#888);
#883 = PLANE('',#884);
#884 = AXIS2_PLACEMENT_3D('',#885,#886,#887);
#885 = CARTESIAN_POINT('',(-62.29106515511,-22.68653244739,-4.5));
#886 = DIRECTION('',(0.998944626726,-4.593073845555E-02,0.));
#887 = DIRECTION('',(-4.593073845555E-02,-0.998944626726,0.));
#888 = DEFINITIONAL_REPRESENTATION('',(#889),#893);
#889 = LINE('',#890,#891);
#890 = CARTESIAN_POINT('',(-14.64402251582,0.));
#891 = VECTOR('',#892,1.);
#892 = DIRECTION('',(-1.,0.));
#893 = ( GEOMETRIC_REPRESENTATION_CONTEXT(2) 
PARAMETRIC_REPRESENTATION_CONTEXT() REPRESENTATION_CONTEXT('2D SPACE',''
  ) );
#894 = ORIENTED_EDGE('',*,*,#895,.F.);
#895 = EDGE_CURVE('',#896,#868,#898,.T.);
#896 = VERTEX_POINT('',#897);
#897 = CARTESIAN_POINT('',(-61.93534508927,2.95,-4.5));
#898 = SURFACE_CURVE('',#899,(#903,#910),.PCURVE_S1.);
#899 = LINE('',#900,#901);
#900 = CARTESIAN_POINT('',(-61.93534508927,-4.192955449418,-4.5));
#901 = VECTOR('',#902,1.);
#902 = DIRECTION('',(-0.,-1.,-0.));
#903 = PCURVE('',#44,#904);
#904 = DEFINITIONAL_REPRESENTATION('',(#905),#909);
#905 = LINE('',#906,#907);
#906 = CARTESIAN_POINT('',(-61.93534508927,-4.192955449418));
#907 = VECTOR('',#908,1.);
#908 = DIRECTION('',(-0.,-1.));
#909 = ( GEOMETRIC_REPRESENTATION_CONTEXT(2) 
PARAMETRIC_REPRESENTATION_CONTEXT() REPRESENTATION_CONTEXT('2D SPACE',''
  ) );
#910 = PCURVE('',#911,#916);
#911 = PLANE('',#912);
#912 = AXIS2_PLACEMENT_3D('',#913,#914,#915);
#913 = CARTESIAN_POINT('',(-61.93534508927,2.95,-4.5));
#914 = DIRECTION('',(-1.,-0.,-0.));
#915 = DIRECTION('',(0.,1.,0.));
#916 = DEFINITIONAL_REPRESENTATION('',(#917),#921);
#917 = LINE('',#918,#919);
#918 = CARTESIAN_POINT('',(-7.142955449418,0.));
#919 = VECTOR('',#920,1.);
#920 = DIRECTION('',(-1.,0.));
#921 = ( GEOMETRIC_REPRESENTATION_CONTEXT(2) 
PARAMETRIC_REPRESENTATION_CONTEXT() REPRESENTATION_CONTEXT('2D SPACE',''
  ) );
#922 = ORIENTED_EDGE('',*,*,#923,.T.);
#923 = EDGE_CURVE('',#896,#924,#926,.T.);
#924 = VERTEX_POINT('',#925);
#925 = CARTESIAN_POINT('',(-62.29106515511,10.686532447393,-4.5));
#926 = SURFACE_CURVE('',#927,(#931,#938),.PCURVE_S1.);
#927 = LINE('',#928,#929);
#928 = CARTESIAN_POINT('',(-61.8289197575,0.63536241977,-4.5));
#929 = VECTOR('',#930,1.);
#930 = DIRECTION('',(-4.593073845555E-02,0.998944626726,-0.));
#931 = PCURVE('',#44,#932);
#932 = DEFINITIONAL_REPRESENTATION('',(#933),#937);
#933 = LINE('',#934,#935);
#934 = CARTESIAN_POINT('',(-61.8289197575,0.63536241977));
#935 = VECTOR('',#936,1.);
#936 = DIRECTION('',(-4.593073845555E-02,0.998944626726));
#937 = ( GEOMETRIC_REPRESENTATION_CONTEXT(2) 
PARAMETRIC_REPRESENTATION_CONTEXT() REPRESENTATION_CONTEXT('2D SPACE',''
  ) );
#938 = PCURVE('',#939,#944);
#939 = PLANE('',#940);
#940 = AXIS2_PLACEMENT_3D('',#941,#942,#943);
#941 = CARTESIAN_POINT('',(-61.93534508927,2.95,-4.5));
#942 = DIRECTION('',(0.998944626726,4.593073845555E-02,-0.));
#943 = DIRECTION('',(4.593073845555E-02,-0.998944626726,0.));
#944 = DEFINITIONAL_REPRESENTATION('',(#945),#949);
#945 = LINE('',#946,#947);
#946 = CARTESIAN_POINT('',(2.317082967667,-0.));
#947 = VECTOR('',#948,1.);
#948 = DIRECTION('',(-1.,0.));
#949 = ( GEOMETRIC_REPRESENTATION_CONTEXT(2) 
PARAMETRIC_REPRESENTATION_CONTEXT() REPRESENTATION_CONTEXT('2D SPACE',''
  ) );
#950 = ORIENTED_EDGE('',*,*,#951,.T.);
#951 = EDGE_CURVE('',#924,#952,#954,.T.);
#952 = VERTEX_POINT('',#953);
#953 = CARTESIAN_POINT('',(-62.53928984883,13.430334799477,-4.5));
#954 = SURFACE_CURVE('',#955,(#959,#966),.PCURVE_S1.);
#955 = LINE('',#956,#957);
#956 = CARTESIAN_POINT('',(-61.9989732761,7.45783520274,-4.5));
#957 = VECTOR('',#958,1.);
#958 = DIRECTION('',(-9.009945896707E-02,0.995932772577,-0.));
#959 = PCURVE('',#44,#960);
#960 = DEFINITIONAL_REPRESENTATION('',(#961),#965);
#961 = LINE('',#962,#963);
#962 = CARTESIAN_POINT('',(-61.9989732761,7.45783520274));
#963 = VECTOR('',#964,1.);
#964 = DIRECTION('',(-9.009945896707E-02,0.995932772577));
#965 = ( GEOMETRIC_REPRESENTATION_CONTEXT(2) 
PARAMETRIC_REPRESENTATION_CONTEXT() REPRESENTATION_CONTEXT('2D SPACE',''
  ) );
#966 = PCURVE('',#967,#972);
#967 = PLANE('',#968);
#968 = AXIS2_PLACEMENT_3D('',#969,#970,#971);
#969 = CARTESIAN_POINT('',(-62.29106515511,10.686532447393,-4.5));
#970 = DIRECTION('',(0.995932772577,9.009945896707E-02,-0.));
#971 = DIRECTION('',(9.009945896707E-02,-0.995932772577,0.));
#972 = DEFINITIONAL_REPRESENTATION('',(#973),#977);
#973 = LINE('',#974,#975);
#974 = CARTESIAN_POINT('',(3.241882718948,-0.));
#975 = VECTOR('',#976,1.);
#976 = DIRECTION('',(-1.,0.));
#977 = ( GEOMETRIC_REPRESENTATION_CONTEXT(2) 
PARAMETRIC_REPRESENTATION_CONTEXT() REPRESENTATION_CONTEXT('2D SPACE',''
  ) );
#978 = ORIENTED_EDGE('',*,*,#979,.F.);
#979 = EDGE_CURVE('',#980,#952,#982,.T.);
#980 = VERTEX_POINT('',#981);
#981 = CARTESIAN_POINT('',(-62.81631462868,28.156048492615,-4.5));
#982 = SURFACE_CURVE('',#983,(#987,#994),.PCURVE_S1.);
#983 = LINE('',#984,#985);
#984 = CARTESIAN_POINT('',(-62.44274131603,8.298136689818,-4.5));
#985 = VECTOR('',#986,1.);
#986 = DIRECTION('',(1.880898804938E-02,-0.999823095337,0.));
#987 = PCURVE('',#44,#988);
#988 = DEFINITIONAL_REPRESENTATION('',(#989),#993);
#989 = LINE('',#990,#991);
#990 = CARTESIAN_POINT('',(-62.44274131603,8.298136689818));
#991 = VECTOR('',#992,1.);
#992 = DIRECTION('',(1.880898804938E-02,-0.999823095337));
#993 = ( GEOMETRIC_REPRESENTATION_CONTEXT(2) 
PARAMETRIC_REPRESENTATION_CONTEXT() REPRESENTATION_CONTEXT('2D SPACE',''
  ) );
#994 = PCURVE('',#995,#1000);
#995 = PLANE('',#996);
#996 = AXIS2_PLACEMENT_3D('',#997,#998,#999);
#997 = CARTESIAN_POINT('',(-62.81631462868,28.156048492615,-4.5));
#998 = DIRECTION('',(-0.999823095337,-1.880898804938E-02,-0.));
#999 = DIRECTION('',(-1.880898804938E-02,0.999823095337,-0.));
#1000 = DEFINITIONAL_REPRESENTATION('',(#1001),#1005);
#1001 = LINE('',#1002,#1003);
#1002 = CARTESIAN_POINT('',(-19.86142538156,0.));
#1003 = VECTOR('',#1004,1.);
#1004 = DIRECTION('',(-1.,0.));
#1005 = ( GEOMETRIC_REPRESENTATION_CONTEXT(2) 
PARAMETRIC_REPRESENTATION_CONTEXT() REPRESENTATION_CONTEXT('2D SPACE',''
  ) );
#1006 = ORIENTED_EDGE('',*,*,#1007,.F.);
#1007 = EDGE_CURVE('',#1008,#980,#1010,.T.);
#1008 = VERTEX_POINT('',#1009);
#1009 = CARTESIAN_POINT('',(-63.03083343007,35.532563949711,-4.5));
#1010 = SURFACE_CURVE('',#1011,(#1015,#1022),.PCURVE_S1.);
#1011 = LINE('',#1012,#1013);
#1012 = CARTESIAN_POINT('',(-62.45558357646,15.751829537185,-4.5));
#1013 = VECTOR('',#1014,1.);
#1014 = DIRECTION('',(2.906902973103E-02,-0.999577406463,0.));
#1015 = PCURVE('',#44,#1016);
#1016 = DEFINITIONAL_REPRESENTATION('',(#1017),#1021);
#1017 = LINE('',#1018,#1019);
#1018 = CARTESIAN_POINT('',(-62.45558357646,15.751829537185));
#1019 = VECTOR('',#1020,1.);
#1020 = DIRECTION('',(2.906902973103E-02,-0.999577406463));
#1021 = ( GEOMETRIC_REPRESENTATION_CONTEXT(2) 
PARAMETRIC_REPRESENTATION_CONTEXT() REPRESENTATION_CONTEXT('2D SPACE',''
  ) );
#1022 = PCURVE('',#1023,#1028);
#1023 = PLANE('',#1024);
#1024 = AXIS2_PLACEMENT_3D('',#1025,#1026,#1027);
#1025 = CARTESIAN_POINT('',(-63.03083343007,35.532563949711,-4.5));
#1026 = DIRECTION('',(-0.999577406463,-2.906902973103E-02,-0.));
#1027 = DIRECTION('',(-2.906902973103E-02,0.999577406463,-0.));
#1028 = DEFINITIONAL_REPRESENTATION('',(#1029),#1033);
#1029 = LINE('',#1030,#1031);
#1030 = CARTESIAN_POINT('',(-19.78909715709,0.));
#1031 = VECTOR('',#1032,1.);
#1032 = DIRECTION('',(-1.,0.));
#1033 = ( GEOMETRIC_REPRESENTATION_CONTEXT(2) 
PARAMETRIC_REPRESENTATION_CONTEXT() REPRESENTATION_CONTEXT('2D SPACE',''
  ) );
#1034 = ORIENTED_EDGE('',*,*,#1035,.F.);
#1035 = EDGE_CURVE('',#1036,#1008,#1038,.T.);
#1036 = VERTEX_POINT('',#1037);
#1037 = CARTESIAN_POINT('',(-63.66271017823,51.121025198214,-4.5));
#1038 = SURFACE_CURVE('',#1039,(#1043,#1050),.PCURVE_S1.);
#1039 = LINE('',#1040,#1041);
#1040 = CARTESIAN_POINT('',(-62.57478560583,24.281819470905,-4.5));
#1041 = VECTOR('',#1042,1.);
#1042 = DIRECTION('',(4.05016419165E-02,-0.999179471868,0.));
#1043 = PCURVE('',#44,#1044);
#1044 = DEFINITIONAL_REPRESENTATION('',(#1045),#1049);
#1045 = LINE('',#1046,#1047);
#1046 = CARTESIAN_POINT('',(-62.57478560583,24.281819470905));
#1047 = VECTOR('',#1048,1.);
#1048 = DIRECTION('',(4.05016419165E-02,-0.999179471868));
#1049 = ( GEOMETRIC_REPRESENTATION_CONTEXT(2) 
PARAMETRIC_REPRESENTATION_CONTEXT() REPRESENTATION_CONTEXT('2D SPACE',''
  ) );
#1050 = PCURVE('',#1051,#1056);
#1051 = PLANE('',#1052);
#1052 = AXIS2_PLACEMENT_3D('',#1053,#1054,#1055);
#1053 = CARTESIAN_POINT('',(-63.66271017823,51.121025198214,-4.5));
#1054 = DIRECTION('',(-0.999179471868,-4.05016419165E-02,-0.));
#1055 = DIRECTION('',(-4.05016419165E-02,0.999179471868,-0.));
#1056 = DEFINITIONAL_REPRESENTATION('',(#1057),#1061);
#1057 = LINE('',#1058,#1059);
#1058 = CARTESIAN_POINT('',(-26.86124613542,0.));
#1059 = VECTOR('',#1060,1.);
#1060 = DIRECTION('',(-1.,0.));
#1061 = ( GEOMETRIC_REPRESENTATION_CONTEXT(2) 
PARAMETRIC_REPRESENTATION_CONTEXT() REPRESENTATION_CONTEXT('2D SPACE',''
  ) );
#1062 = ORIENTED_EDGE('',*,*,#1063,.F.);
#1063 = EDGE_CURVE('',#1064,#1036,#1066,.T.);
#1064 = VERTEX_POINT('',#1065);
#1065 = CARTESIAN_POINT('',(-63.41950045606,53.121023666163,-4.5));
#1066 = SURFACE_CURVE('',#1067,(#1071,#1078),.PCURVE_S1.);
#1067 = LINE('',#1068,#1069);
#1068 = CARTESIAN_POINT('',(-66.23107695333,30.000448399418,-4.5));
#1069 = VECTOR('',#1070,1.);
#1070 = DIRECTION('',(-0.120715672305,-0.992687124153,-0.));
#1071 = PCURVE('',#44,#1072);
#1072 = DEFINITIONAL_REPRESENTATION('',(#1073),#1077);
#1073 = LINE('',#1074,#1075);
#1074 = CARTESIAN_POINT('',(-66.23107695333,30.000448399418));
#1075 = VECTOR('',#1076,1.);
#1076 = DIRECTION('',(-0.120715672305,-0.992687124153));
#1077 = ( GEOMETRIC_REPRESENTATION_CONTEXT(2) 
PARAMETRIC_REPRESENTATION_CONTEXT() REPRESENTATION_CONTEXT('2D SPACE',''
  ) );
#1078 = PCURVE('',#1079,#1084);
#1079 = PLANE('',#1080);
#1080 = AXIS2_PLACEMENT_3D('',#1081,#1082,#1083);
#1081 = CARTESIAN_POINT('',(-63.41950045606,53.121023666163,-4.5));
#1082 = DIRECTION('',(-0.992687124153,0.120715672305,-0.));
#1083 = DIRECTION('',(0.120715672305,0.992687124153,0.));
#1084 = DEFINITIONAL_REPRESENTATION('',(#1085),#1089);
#1085 = LINE('',#1086,#1087);
#1086 = CARTESIAN_POINT('',(-23.29089871742,0.));
#1087 = VECTOR('',#1088,1.);
#1088 = DIRECTION('',(-1.,0.));
#1089 = ( GEOMETRIC_REPRESENTATION_CONTEXT(2) 
PARAMETRIC_REPRESENTATION_CONTEXT() REPRESENTATION_CONTEXT('2D SPACE',''
  ) );
#1090 = ORIENTED_EDGE('',*,*,#1091,.F.);
#1091 = EDGE_CURVE('',#1092,#1064,#1094,.T.);
#1092 = VERTEX_POINT('',#1093);
#1093 = CARTESIAN_POINT('',(-54.31153806364,62.21429272779,-4.5));
#1094 = SURFACE_CURVE('',#1095,(#1099,#1106),.PCURVE_S1.);
#1095 = LINE('',#1096,#1097);
#1096 = CARTESIAN_POINT('',(-59.3782323828,57.155772203438,-4.5));
#1097 = VECTOR('',#1098,1.);
#1098 = DIRECTION('',(-0.707677377567,-0.706535723994,-0.));
#1099 = PCURVE('',#44,#1100);
#1100 = DEFINITIONAL_REPRESENTATION('',(#1101),#1105);
#1101 = LINE('',#1102,#1103);
#1102 = CARTESIAN_POINT('',(-59.3782323828,57.155772203438));
#1103 = VECTOR('',#1104,1.);
#1104 = DIRECTION('',(-0.707677377567,-0.706535723994));
#1105 = ( GEOMETRIC_REPRESENTATION_CONTEXT(2) 
PARAMETRIC_REPRESENTATION_CONTEXT() REPRESENTATION_CONTEXT('2D SPACE',''
  ) );
#1106 = PCURVE('',#1107,#1112);
#1107 = PLANE('',#1108);
#1108 = AXIS2_PLACEMENT_3D('',#1109,#1110,#1111);
#1109 = CARTESIAN_POINT('',(-54.31153806364,62.21429272779,-4.5));
#1110 = DIRECTION('',(-0.706535723994,0.707677377567,-0.));
#1111 = DIRECTION('',(0.707677377567,0.706535723994,0.));
#1112 = DEFINITIONAL_REPRESENTATION('',(#1113),#1117);
#1113 = LINE('',#1114,#1115);
#1114 = CARTESIAN_POINT('',(-7.159610409726,0.));
#1115 = VECTOR('',#1116,1.);
#1116 = DIRECTION('',(-1.,0.));
#1117 = ( GEOMETRIC_REPRESENTATION_CONTEXT(2) 
PARAMETRIC_REPRESENTATION_CONTEXT() REPRESENTATION_CONTEXT('2D SPACE',''
  ) );
#1118 = ORIENTED_EDGE('',*,*,#1119,.F.);
#1119 = EDGE_CURVE('',#1120,#1092,#1122,.T.);
#1120 = VERTEX_POINT('',#1121);
#1121 = CARTESIAN_POINT('',(-15.36822089025,62.21429272779,-4.5));
#1122 = SURFACE_CURVE('',#1123,(#1127,#1134),.PCURVE_S1.);
#1123 = LINE('',#1124,#1125);
#1124 = CARTESIAN_POINT('',(-24.24237031963,62.21429272779,-4.5));
#1125 = VECTOR('',#1126,1.);
#1126 = DIRECTION('',(-1.,-0.,-0.));
#1127 = PCURVE('',#44,#1128);
#1128 = DEFINITIONAL_REPRESENTATION('',(#1129),#1133);
#1129 = LINE('',#1130,#1131);
#1130 = CARTESIAN_POINT('',(-24.24237031963,62.21429272779));
#1131 = VECTOR('',#1132,1.);
#1132 = DIRECTION('',(-1.,0.));
#1133 = ( GEOMETRIC_REPRESENTATION_CONTEXT(2) 
PARAMETRIC_REPRESENTATION_CONTEXT() REPRESENTATION_CONTEXT('2D SPACE',''
  ) );
#1134 = PCURVE('',#1135,#1140);
#1135 = PLANE('',#1136);
#1136 = AXIS2_PLACEMENT_3D('',#1137,#1138,#1139);
#1137 = CARTESIAN_POINT('',(-15.36822089025,62.21429272779,-4.5));
#1138 = DIRECTION('',(-0.,1.,-0.));
#1139 = DIRECTION('',(1.,0.,0.));
#1140 = DEFINITIONAL_REPRESENTATION('',(#1141),#1145);
#1141 = LINE('',#1142,#1143);
#1142 = CARTESIAN_POINT('',(-8.874149429376,0.));
#1143 = VECTOR('',#1144,1.);
#1144 = DIRECTION('',(-1.,0.));
#1145 = ( GEOMETRIC_REPRESENTATION_CONTEXT(2) 
PARAMETRIC_REPRESENTATION_CONTEXT() REPRESENTATION_CONTEXT('2D SPACE',''
  ) );
#1146 = ORIENTED_EDGE('',*,*,#1147,.F.);
#1147 = EDGE_CURVE('',#1148,#1120,#1150,.T.);
#1148 = VERTEX_POINT('',#1149);
#1149 = CARTESIAN_POINT('',(-10.98963572036,68.21429272779,-4.5));
#1150 = SURFACE_CURVE('',#1151,(#1155,#1162),.PCURVE_S1.);
#1151 = LINE('',#1152,#1153);
#1152 = CARTESIAN_POINT('',(-26.92247257154,46.381436360297,-4.5));
#1153 = VECTOR('',#1154,1.);
#1154 = DIRECTION('',(-0.589487236411,-0.807777691019,-0.));
#1155 = PCURVE('',#44,#1156);
#1156 = DEFINITIONAL_REPRESENTATION('',(#1157),#1161);
#1157 = LINE('',#1158,#1159);
#1158 = CARTESIAN_POINT('',(-26.92247257154,46.381436360297));
#1159 = VECTOR('',#1160,1.);
#1160 = DIRECTION('',(-0.589487236411,-0.807777691019));
#1161 = ( GEOMETRIC_REPRESENTATION_CONTEXT(2) 
PARAMETRIC_REPRESENTATION_CONTEXT() REPRESENTATION_CONTEXT('2D SPACE',''
  ) );
#1162 = PCURVE('',#1163,#1168);
#1163 = PLANE('',#1164);
#1164 = AXIS2_PLACEMENT_3D('',#1165,#1166,#1167);
#1165 = CARTESIAN_POINT('',(-10.98963572036,68.21429272779,-4.5));
#1166 = DIRECTION('',(-0.807777691019,0.589487236411,-0.));
#1167 = DIRECTION('',(0.589487236411,0.807777691019,0.));
#1168 = DEFINITIONAL_REPRESENTATION('',(#1169),#1173);
#1169 = LINE('',#1170,#1171);
#1170 = CARTESIAN_POINT('',(-27.02829826848,0.));
#1171 = VECTOR('',#1172,1.);
#1172 = DIRECTION('',(-1.,0.));
#1173 = ( GEOMETRIC_REPRESENTATION_CONTEXT(2) 
PARAMETRIC_REPRESENTATION_CONTEXT() REPRESENTATION_CONTEXT('2D SPACE',''
  ) );
#1174 = ORIENTED_EDGE('',*,*,#1175,.T.);
#1175 = EDGE_CURVE('',#1148,#1176,#1178,.T.);
#1176 = VERTEX_POINT('',#1177);
#1177 = CARTESIAN_POINT('',(6.473712618088,68.21429272779,-4.5));
#1178 = SURFACE_CURVE('',#1179,(#1183,#1190),.PCURVE_S1.);
#1179 = LINE('',#1180,#1181);
#1180 = CARTESIAN_POINT('',(0.543204192858,68.21429272779,-4.5));
#1181 = VECTOR('',#1182,1.);
#1182 = DIRECTION('',(1.,-0.,-0.));
#1183 = PCURVE('',#44,#1184);
#1184 = DEFINITIONAL_REPRESENTATION('',(#1185),#1189);
#1185 = LINE('',#1186,#1187);
#1186 = CARTESIAN_POINT('',(0.543204192858,68.21429272779));
#1187 = VECTOR('',#1188,1.);
#1188 = DIRECTION('',(1.,-0.));
#1189 = ( GEOMETRIC_REPRESENTATION_CONTEXT(2) 
PARAMETRIC_REPRESENTATION_CONTEXT() REPRESENTATION_CONTEXT('2D SPACE',''
  ) );
#1190 = PCURVE('',#1191,#1196);
#1191 = PLANE('',#1192);
#1192 = AXIS2_PLACEMENT_3D('',#1193,#1194,#1195);
#1193 = CARTESIAN_POINT('',(-10.98963572036,68.21429272779,-4.5));
#1194 = DIRECTION('',(-0.,-1.,-0.));
#1195 = DIRECTION('',(-1.,0.,0.));
#1196 = DEFINITIONAL_REPRESENTATION('',(#1197),#1201);
#1197 = LINE('',#1198,#1199);
#1198 = CARTESIAN_POINT('',(-11.53283991322,0.));
#1199 = VECTOR('',#1200,1.);
#1200 = DIRECTION('',(-1.,0.));
#1201 = ( GEOMETRIC_REPRESENTATION_CONTEXT(2) 
PARAMETRIC_REPRESENTATION_CONTEXT() REPRESENTATION_CONTEXT('2D SPACE',''
  ) );
#1202 = ORIENTED_EDGE('',*,*,#1203,.F.);
#1203 = EDGE_CURVE('',#1204,#1176,#1206,.T.);
#1204 = VERTEX_POINT('',#1205);
#1205 = CARTESIAN_POINT('',(10.663170894173,71.03429272779,-4.5));
#1206 = SURFACE_CURVE('',#1207,(#1211,#1218),.PCURVE_S1.);
#1207 = LINE('',#1208,#1209);
#1208 = CARTESIAN_POINT('',(-10.02677010639,57.107519914546,-4.5));
#1209 = VECTOR('',#1210,1.);
#1210 = DIRECTION('',(-0.829571941849,-0.558399850732,-0.));
#1211 = PCURVE('',#44,#1212);
#1212 = DEFINITIONAL_REPRESENTATION('',(#1213),#1217);
#1213 = LINE('',#1214,#1215);
#1214 = CARTESIAN_POINT('',(-10.02677010639,57.107519914546));
#1215 = VECTOR('',#1216,1.);
#1216 = DIRECTION('',(-0.829571941849,-0.558399850732));
#1217 = ( GEOMETRIC_REPRESENTATION_CONTEXT(2) 
PARAMETRIC_REPRESENTATION_CONTEXT() REPRESENTATION_CONTEXT('2D SPACE',''
  ) );
#1218 = PCURVE('',#1219,#1224);
#1219 = PLANE('',#1220);
#1220 = AXIS2_PLACEMENT_3D('',#1221,#1222,#1223);
#1221 = CARTESIAN_POINT('',(10.663170894173,71.03429272779,-4.5));
#1222 = DIRECTION('',(-0.558399850732,0.829571941849,-0.));
#1223 = DIRECTION('',(0.829571941849,0.558399850732,0.));
#1224 = DEFINITIONAL_REPRESENTATION('',(#1225),#1229);
#1225 = LINE('',#1226,#1227);
#1226 = CARTESIAN_POINT('',(-24.94050239266,0.));
#1227 = VECTOR('',#1228,1.);
#1228 = DIRECTION('',(-1.,0.));
#1229 = ( GEOMETRIC_REPRESENTATION_CONTEXT(2) 
PARAMETRIC_REPRESENTATION_CONTEXT() REPRESENTATION_CONTEXT('2D SPACE',''
  ) );
#1230 = ORIENTED_EDGE('',*,*,#1231,.F.);
#1231 = EDGE_CURVE('',#1232,#1204,#1234,.T.);
#1232 = VERTEX_POINT('',#1233);
#1233 = CARTESIAN_POINT('',(27.77438593939,71.03429272779,-4.5));
#1234 = SURFACE_CURVE('',#1235,(#1239,#1246),.PCURVE_S1.);
#1235 = LINE('',#1236,#1237);
#1236 = CARTESIAN_POINT('',(13.875360081352,71.03429272779,-4.5));
#1237 = VECTOR('',#1238,1.);
#1238 = DIRECTION('',(-1.,-0.,-0.));
#1239 = PCURVE('',#44,#1240);
#1240 = DEFINITIONAL_REPRESENTATION('',(#1241),#1245);
#1241 = LINE('',#1242,#1243);
#1242 = CARTESIAN_POINT('',(13.875360081352,71.03429272779));
#1243 = VECTOR('',#1244,1.);
#1244 = DIRECTION('',(-1.,0.));
#1245 = ( GEOMETRIC_REPRESENTATION_CONTEXT(2) 
PARAMETRIC_REPRESENTATION_CONTEXT() REPRESENTATION_CONTEXT('2D SPACE',''
  ) );
#1246 = PCURVE('',#1247,#1252);
#1247 = PLANE('',#1248);
#1248 = AXIS2_PLACEMENT_3D('',#1249,#1250,#1251);
#1249 = CARTESIAN_POINT('',(27.77438593939,71.03429272779,-4.5));
#1250 = DIRECTION('',(-0.,1.,-0.));
#1251 = DIRECTION('',(1.,0.,0.));
#1252 = DEFINITIONAL_REPRESENTATION('',(#1253),#1257);
#1253 = LINE('',#1254,#1255);
#1254 = CARTESIAN_POINT('',(-13.89902585803,0.));
#1255 = VECTOR('',#1256,1.);
#1256 = DIRECTION('',(-1.,0.));
#1257 = ( GEOMETRIC_REPRESENTATION_CONTEXT(2) 
PARAMETRIC_REPRESENTATION_CONTEXT() REPRESENTATION_CONTEXT('2D SPACE',''
  ) );
#1258 = ORIENTED_EDGE('',*,*,#1259,.F.);
#1259 = EDGE_CURVE('',#1260,#1232,#1262,.T.);
#1260 = VERTEX_POINT('',#1261);
#1261 = CARTESIAN_POINT('',(29.68785978264,68.21429272779,-4.5));
#1262 = SURFACE_CURVE('',#1263,(#1267,#1274),.PCURVE_S1.);
#1263 = LINE('',#1264,#1265);
#1264 = CARTESIAN_POINT('',(40.612579164528,52.113885206875,-4.5));
#1265 = VECTOR('',#1266,1.);
#1266 = DIRECTION('',(-0.561481811311,0.82748907882,-0.));
#1267 = PCURVE('',#44,#1268);
#1268 = DEFINITIONAL_REPRESENTATION('',(#1269),#1273);
#1269 = LINE('',#1270,#1271);
#1270 = CARTESIAN_POINT('',(40.612579164528,52.113885206875));
#1271 = VECTOR('',#1272,1.);
#1272 = DIRECTION('',(-0.561481811311,0.82748907882));
#1273 = ( GEOMETRIC_REPRESENTATION_CONTEXT(2) 
PARAMETRIC_REPRESENTATION_CONTEXT() REPRESENTATION_CONTEXT('2D SPACE',''
  ) );
#1274 = PCURVE('',#1275,#1280);
#1275 = PLANE('',#1276);
#1276 = AXIS2_PLACEMENT_3D('',#1277,#1278,#1279);
#1277 = CARTESIAN_POINT('',(29.68785978264,68.21429272779,-4.5));
#1278 = DIRECTION('',(0.82748907882,0.561481811311,-0.));
#1279 = DIRECTION('',(0.561481811311,-0.82748907882,0.));
#1280 = DEFINITIONAL_REPRESENTATION('',(#1281),#1285);
#1281 = LINE('',#1282,#1283);
#1282 = CARTESIAN_POINT('',(19.456942614721,-0.));
#1283 = VECTOR('',#1284,1.);
#1284 = DIRECTION('',(-1.,0.));
#1285 = ( GEOMETRIC_REPRESENTATION_CONTEXT(2) 
PARAMETRIC_REPRESENTATION_CONTEXT() REPRESENTATION_CONTEXT('2D SPACE',''
  ) );
#1286 = ORIENTED_EDGE('',*,*,#1287,.F.);
#1287 = EDGE_CURVE('',#1288,#1260,#1290,.T.);
#1288 = VERTEX_POINT('',#1289);
#1289 = CARTESIAN_POINT('',(64.756549609373,68.21429272779,-4.5));
#1290 = SURFACE_CURVE('',#1291,(#1295,#1302),.PCURVE_S1.);
#1291 = LINE('',#1292,#1293);
#1292 = CARTESIAN_POINT('',(23.741958799383,68.21429272779,-4.5));
#1293 = VECTOR('',#1294,1.);
#1294 = DIRECTION('',(-1.,-0.,-0.));
#1295 = PCURVE('',#44,#1296);
#1296 = DEFINITIONAL_REPRESENTATION('',(#1297),#1301);
#1297 = LINE('',#1298,#1299);
#1298 = CARTESIAN_POINT('',(23.741958799383,68.21429272779));
#1299 = VECTOR('',#1300,1.);
#1300 = DIRECTION('',(-1.,0.));
#1301 = ( GEOMETRIC_REPRESENTATION_CONTEXT(2) 
PARAMETRIC_REPRESENTATION_CONTEXT() REPRESENTATION_CONTEXT('2D SPACE',''
  ) );
#1302 = PCURVE('',#1303,#1308);
#1303 = PLANE('',#1304);
#1304 = AXIS2_PLACEMENT_3D('',#1305,#1306,#1307);
#1305 = CARTESIAN_POINT('',(64.756549609373,68.21429272779,-4.5));
#1306 = DIRECTION('',(-0.,1.,-0.));
#1307 = DIRECTION('',(1.,0.,0.));
#1308 = DEFINITIONAL_REPRESENTATION('',(#1309),#1313);
#1309 = LINE('',#1310,#1311);
#1310 = CARTESIAN_POINT('',(-41.01459080999,0.));
#1311 = VECTOR('',#1312,1.);
#1312 = DIRECTION('',(-1.,0.));
#1313 = ( GEOMETRIC_REPRESENTATION_CONTEXT(2) 
PARAMETRIC_REPRESENTATION_CONTEXT() REPRESENTATION_CONTEXT('2D SPACE',''
  ) );
#1314 = ORIENTED_EDGE('',*,*,#1315,.T.);
#1315 = EDGE_CURVE('',#1288,#1316,#1318,.T.);
#1316 = VERTEX_POINT('',#1317);
#1317 = CARTESIAN_POINT('',(88.271399926438,62.427727900301,-4.5));
#1318 = SURFACE_CURVE('',#1319,(#1323,#1330),.PCURVE_S1.);
#1319 = LINE('',#1320,#1321);
#1320 = CARTESIAN_POINT('',(45.572269728313,72.935185172506,-4.5));
#1321 = VECTOR('',#1322,1.);
#1322 = DIRECTION('',(0.971031227253,-0.23895262229,0.));
#1323 = PCURVE('',#44,#1324);
#1324 = DEFINITIONAL_REPRESENTATION('',(#1325),#1329);
#1325 = LINE('',#1326,#1327);
#1326 = CARTESIAN_POINT('',(45.572269728313,72.935185172506));
#1327 = VECTOR('',#1328,1.);
#1328 = DIRECTION('',(0.971031227253,-0.23895262229));
#1329 = ( GEOMETRIC_REPRESENTATION_CONTEXT(2) 
PARAMETRIC_REPRESENTATION_CONTEXT() REPRESENTATION_CONTEXT('2D SPACE',''
  ) );
#1330 = PCURVE('',#1331,#1336);
#1331 = PLANE('',#1332);
#1332 = AXIS2_PLACEMENT_3D('',#1333,#1334,#1335);
#1333 = CARTESIAN_POINT('',(64.756549609373,68.21429272779,-4.5));
#1334 = DIRECTION('',(-0.23895262229,-0.971031227253,-0.));
#1335 = DIRECTION('',(-0.971031227253,0.23895262229,-0.));
#1336 = DEFINITIONAL_REPRESENTATION('',(#1337),#1341);
#1337 = LINE('',#1338,#1339);
#1338 = CARTESIAN_POINT('',(19.756604466088,-0.));
#1339 = VECTOR('',#1340,1.);
#1340 = DIRECTION('',(-1.,0.));
#1341 = ( GEOMETRIC_REPRESENTATION_CONTEXT(2) 
PARAMETRIC_REPRESENTATION_CONTEXT() REPRESENTATION_CONTEXT('2D SPACE',''
  ) );
#1342 = ORIENTED_EDGE('',*,*,#1343,.F.);
#1343 = EDGE_CURVE('',#1344,#1316,#1346,.T.);
#1344 = VERTEX_POINT('',#1345);
#1345 = CARTESIAN_POINT('',(97.771399926438,51.927727900301,-4.5));
#1346 = SURFACE_CURVE('',#1347,(#1351,#1358),.PCURVE_S1.);
#1347 = LINE('',#1348,#1349);
#1348 = CARTESIAN_POINT('',(86.597908102996,64.27737675779,-4.5));
#1349 = VECTOR('',#1350,1.);
#1350 = DIRECTION('',(-0.670913323969,0.741535779124,-0.));
#1351 = PCURVE('',#44,#1352);
#1352 = DEFINITIONAL_REPRESENTATION('',(#1353),#1357);
#1353 = LINE('',#1354,#1355);
#1354 = CARTESIAN_POINT('',(86.597908102996,64.27737675779));
#1355 = VECTOR('',#1356,1.);
#1356 = DIRECTION('',(-0.670913323969,0.741535779124));
#1357 = ( GEOMETRIC_REPRESENTATION_CONTEXT(2) 
PARAMETRIC_REPRESENTATION_CONTEXT() REPRESENTATION_CONTEXT('2D SPACE',''
  ) );
#1358 = PCURVE('',#1359,#1364);
#1359 = PLANE('',#1360);
#1360 = AXIS2_PLACEMENT_3D('',#1361,#1362,#1363);
#1361 = CARTESIAN_POINT('',(97.771399926438,51.927727900301,-4.5));
#1362 = DIRECTION('',(0.741535779124,0.670913323969,-0.));
#1363 = DIRECTION('',(0.670913323969,-0.741535779124,0.));
#1364 = DEFINITIONAL_REPRESENTATION('',(#1365),#1369);
#1365 = LINE('',#1366,#1367);
#1366 = CARTESIAN_POINT('',(-16.65415102705,0.));
#1367 = VECTOR('',#1368,1.);
#1368 = DIRECTION('',(-1.,0.));
#1369 = ( GEOMETRIC_REPRESENTATION_CONTEXT(2) 
PARAMETRIC_REPRESENTATION_CONTEXT() REPRESENTATION_CONTEXT('2D SPACE',''
  ) );
#1370 = ORIENTED_EDGE('',*,*,#1371,.T.);
#1371 = EDGE_CURVE('',#1344,#1372,#1374,.T.);
#1372 = VERTEX_POINT('',#1373);
#1373 = CARTESIAN_POINT('',(102.13824736183,36.339266651798,-4.5));
#1374 = SURFACE_CURVE('',#1375,(#1379,#1386),.PCURVE_S1.);
#1375 = LINE('',#1376,#1377);
#1376 = CARTESIAN_POINT('',(102.16307029657,36.250655505653,-4.5));
#1377 = VECTOR('',#1378,1.);
#1378 = DIRECTION('',(0.269748970107,-0.962930679294,0.));
#1379 = PCURVE('',#44,#1380);
#1380 = DEFINITIONAL_REPRESENTATION('',(#1381),#1385);
#1381 = LINE('',#1382,#1383);
#1382 = CARTESIAN_POINT('',(102.16307029657,36.250655505653));
#1383 = VECTOR('',#1384,1.);
#1384 = DIRECTION('',(0.269748970107,-0.962930679294));
#1385 = ( GEOMETRIC_REPRESENTATION_CONTEXT(2) 
PARAMETRIC_REPRESENTATION_CONTEXT() REPRESENTATION_CONTEXT('2D SPACE',''
  ) );
#1386 = PCURVE('',#1387,#1392);
#1387 = PLANE('',#1388);
#1388 = AXIS2_PLACEMENT_3D('',#1389,#1390,#1391);
#1389 = CARTESIAN_POINT('',(97.771399926438,51.927727900301,-4.5));
#1390 = DIRECTION('',(-0.962930679294,-0.269748970107,-0.));
#1391 = DIRECTION('',(-0.269748970107,0.962930679294,-0.));
#1392 = DEFINITIONAL_REPRESENTATION('',(#1393),#1397);
#1393 = LINE('',#1394,#1395);
#1394 = CARTESIAN_POINT('',(-16.28058252971,0.));
#1395 = VECTOR('',#1396,1.);
#1396 = DIRECTION('',(-1.,0.));
#1397 = ( GEOMETRIC_REPRESENTATION_CONTEXT(2) 
PARAMETRIC_REPRESENTATION_CONTEXT() REPRESENTATION_CONTEXT('2D SPACE',''
  ) );
#1398 = ORIENTED_EDGE('',*,*,#1399,.T.);
#1399 = EDGE_CURVE('',#1372,#1400,#1402,.T.);
#1400 = VERTEX_POINT('',#1401);
#1401 = CARTESIAN_POINT('',(103.09824917403,31.56262893914,-4.5));
#1402 = SURFACE_CURVE('',#1403,(#1407,#1414),.PCURVE_S1.);
#1403 = LINE('',#1404,#1405);
#1404 = CARTESIAN_POINT('',(103.97146445552,27.217811052533,-4.5));
#1405 = VECTOR('',#1406,1.);
#1406 = DIRECTION('',(0.197038533836,-0.980395744679,0.));
#1407 = PCURVE('',#44,#1408);
#1408 = DEFINITIONAL_REPRESENTATION('',(#1409),#1413);
#1409 = LINE('',#1410,#1411);
#1410 = CARTESIAN_POINT('',(103.97146445552,27.217811052533));
#1411 = VECTOR('',#1412,1.);
#1412 = DIRECTION('',(0.197038533836,-0.980395744679));
#1413 = ( GEOMETRIC_REPRESENTATION_CONTEXT(2) 
PARAMETRIC_REPRESENTATION_CONTEXT() REPRESENTATION_CONTEXT('2D SPACE',''
  ) );
#1414 = PCURVE('',#1415,#1420);
#1415 = PLANE('',#1416);
#1416 = AXIS2_PLACEMENT_3D('',#1417,#1418,#1419);
#1417 = CARTESIAN_POINT('',(102.13824736183,36.339266651798,-4.5));
#1418 = DIRECTION('',(-0.980395744679,-0.197038533836,-0.));
#1419 = DIRECTION('',(-0.197038533836,0.980395744679,-0.));
#1420 = DEFINITIONAL_REPRESENTATION('',(#1421),#1425);
#1421 = LINE('',#1422,#1423);
#1422 = CARTESIAN_POINT('',(-9.303850663137,0.));
#1423 = VECTOR('',#1424,1.);
#1424 = DIRECTION('',(-1.,0.));
#1425 = ( GEOMETRIC_REPRESENTATION_CONTEXT(2) 
PARAMETRIC_REPRESENTATION_CONTEXT() REPRESENTATION_CONTEXT('2D SPACE',''
  ) );
#1426 = ORIENTED_EDGE('',*,*,#1427,.T.);
#1427 = EDGE_CURVE('',#1400,#1428,#1430,.T.);
#1428 = VERTEX_POINT('',#1429);
#1429 = CARTESIAN_POINT('',(105.35869560677,14.175963035738,-4.5));
#1430 = SURFACE_CURVE('',#1431,(#1435,#1442),.PCURVE_S1.);
#1431 = LINE('',#1432,#1433);
#1432 = CARTESIAN_POINT('',(104.88133401729,17.847683077965,-4.5));
#1433 = VECTOR('',#1434,1.);
#1434 = DIRECTION('',(0.128925318435,-0.991654305828,0.));
#1435 = PCURVE('',#44,#1436);
#1436 = DEFINITIONAL_REPRESENTATION('',(#1437),#1441);
#1437 = LINE('',#1438,#1439);
#1438 = CARTESIAN_POINT('',(104.88133401729,17.847683077965));
#1439 = VECTOR('',#1440,1.);
#1440 = DIRECTION('',(0.128925318435,-0.991654305828));
#1441 = ( GEOMETRIC_REPRESENTATION_CONTEXT(2) 
PARAMETRIC_REPRESENTATION_CONTEXT() REPRESENTATION_CONTEXT('2D SPACE',''
  ) );
#1442 = PCURVE('',#1443,#1448);
#1443 = PLANE('',#1444);
#1444 = AXIS2_PLACEMENT_3D('',#1445,#1446,#1447);
#1445 = CARTESIAN_POINT('',(103.09824917403,31.56262893914,-4.5));
#1446 = DIRECTION('',(-0.991654305828,-0.128925318435,-0.));
#1447 = DIRECTION('',(-0.128925318435,0.991654305828,-0.));
#1448 = DEFINITIONAL_REPRESENTATION('',(#1449),#1453);
#1449 = LINE('',#1450,#1451);
#1450 = CARTESIAN_POINT('',(-13.83036989864,0.));
#1451 = VECTOR('',#1452,1.);
#1452 = DIRECTION('',(-1.,0.));
#1453 = ( GEOMETRIC_REPRESENTATION_CONTEXT(2) 
PARAMETRIC_REPRESENTATION_CONTEXT() REPRESENTATION_CONTEXT('2D SPACE',''
  ) );
#1454 = ORIENTED_EDGE('',*,*,#1455,.F.);
#1455 = EDGE_CURVE('',#1456,#1428,#1458,.T.);
#1456 = VERTEX_POINT('',#1457);
#1457 = CARTESIAN_POINT('',(105.3861343344,12.05,-4.5));
#1458 = SURFACE_CURVE('',#1459,(#1463,#1470),.PCURVE_S1.);
#1459 = LINE('',#1460,#1461);
#1460 = CARTESIAN_POINT('',(105.44567448898,7.436806214962,-4.5));
#1461 = VECTOR('',#1462,1.);
#1462 = DIRECTION('',(-1.290541844621E-02,0.99991672162,-0.));
#1463 = PCURVE('',#44,#1464);
#1464 = DEFINITIONAL_REPRESENTATION('',(#1465),#1469);
#1465 = LINE('',#1466,#1467);
#1466 = CARTESIAN_POINT('',(105.44567448898,7.436806214962));
#1467 = VECTOR('',#1468,1.);
#1468 = DIRECTION('',(-1.290541844621E-02,0.99991672162));
#1469 = ( GEOMETRIC_REPRESENTATION_CONTEXT(2) 
PARAMETRIC_REPRESENTATION_CONTEXT() REPRESENTATION_CONTEXT('2D SPACE',''
  ) );
#1470 = PCURVE('',#1471,#1476);
#1471 = PLANE('',#1472);
#1472 = AXIS2_PLACEMENT_3D('',#1473,#1474,#1475);
#1473 = CARTESIAN_POINT('',(105.3861343344,12.05,-4.5));
#1474 = DIRECTION('',(0.99991672162,1.290541844621E-02,-0.));
#1475 = DIRECTION('',(1.290541844621E-02,-0.99991672162,0.));
#1476 = DEFINITIONAL_REPRESENTATION('',(#1477),#1481);
#1477 = LINE('',#1478,#1479);
#1478 = CARTESIAN_POINT('',(4.61357799634,-0.));
#1479 = VECTOR('',#1480,1.);
#1480 = DIRECTION('',(-1.,0.));
#1481 = ( GEOMETRIC_REPRESENTATION_CONTEXT(2) 
PARAMETRIC_REPRESENTATION_CONTEXT() REPRESENTATION_CONTEXT('2D SPACE',''
  ) );
#1482 = ORIENTED_EDGE('',*,*,#1483,.T.);
#1483 = EDGE_CURVE('',#1456,#1484,#1486,.T.);
#1484 = VERTEX_POINT('',#1485);
#1485 = CARTESIAN_POINT('',(105.3861343344,-6.05,-4.5));
#1486 = SURFACE_CURVE('',#1487,(#1491,#1498),.PCURVE_S1.);
#1487 = LINE('',#1488,#1489);
#1488 = CARTESIAN_POINT('',(105.3861343344,1.054590039252,-4.5));
#1489 = VECTOR('',#1490,1.);
#1490 = DIRECTION('',(-0.,-1.,-0.));
#1491 = PCURVE('',#44,#1492);
#1492 = DEFINITIONAL_REPRESENTATION('',(#1493),#1497);
#1493 = LINE('',#1494,#1495);
#1494 = CARTESIAN_POINT('',(105.3861343344,1.054590039252));
#1495 = VECTOR('',#1496,1.);
#1496 = DIRECTION('',(-0.,-1.));
#1497 = ( GEOMETRIC_REPRESENTATION_CONTEXT(2) 
PARAMETRIC_REPRESENTATION_CONTEXT() REPRESENTATION_CONTEXT('2D SPACE',''
  ) );
#1498 = PCURVE('',#1499,#1504);
#1499 = PLANE('',#1500);
#1500 = AXIS2_PLACEMENT_3D('',#1501,#1502,#1503);
#1501 = CARTESIAN_POINT('',(105.3861343344,12.05,-4.5));
#1502 = DIRECTION('',(-1.,-0.,-0.));
#1503 = DIRECTION('',(0.,1.,0.));
#1504 = DEFINITIONAL_REPRESENTATION('',(#1505),#1509);
#1505 = LINE('',#1506,#1507);
#1506 = CARTESIAN_POINT('',(-10.99540996074,0.));
#1507 = VECTOR('',#1508,1.);
#1508 = DIRECTION('',(-1.,0.));
#1509 = ( GEOMETRIC_REPRESENTATION_CONTEXT(2) 
PARAMETRIC_REPRESENTATION_CONTEXT() REPRESENTATION_CONTEXT('2D SPACE',''
  ) );
#1510 = ORIENTED_EDGE('',*,*,#1511,.F.);
#1511 = EDGE_CURVE('',#168,#1484,#1512,.T.);
#1512 = SURFACE_CURVE('',#1513,(#1517,#1524),.PCURVE_S1.);
#1513 = LINE('',#1514,#1515);
#1514 = CARTESIAN_POINT('',(62.287490703031,-31.25118040042,-4.5));
#1515 = VECTOR('',#1516,1.);
#1516 = DIRECTION('',(0.863252717069,0.50477197473,-0.));
#1517 = PCURVE('',#44,#1518);
#1518 = DEFINITIONAL_REPRESENTATION('',(#1519),#1523);
#1519 = LINE('',#1520,#1521);
#1520 = CARTESIAN_POINT('',(62.287490703031,-31.25118040042));
#1521 = VECTOR('',#1522,1.);
#1522 = DIRECTION('',(0.863252717069,0.50477197473));
#1523 = ( GEOMETRIC_REPRESENTATION_CONTEXT(2) 
PARAMETRIC_REPRESENTATION_CONTEXT() REPRESENTATION_CONTEXT('2D SPACE',''
  ) );
#1524 = PCURVE('',#1525,#1530);
#1525 = PLANE('',#1526);
#1526 = AXIS2_PLACEMENT_3D('',#1527,#1528,#1529);
#1527 = CARTESIAN_POINT('',(86.358695606774,-17.17596303573,-4.5));
#1528 = DIRECTION('',(0.50477197473,-0.863252717069,0.));
#1529 = DIRECTION('',(-0.863252717069,-0.50477197473,0.));
#1530 = DEFINITIONAL_REPRESENTATION('',(#1531),#1535);
#1531 = LINE('',#1532,#1533);
#1532 = CARTESIAN_POINT('',(27.884308300211,-0.));
#1533 = VECTOR('',#1534,1.);
#1534 = DIRECTION('',(-1.,0.));
#1535 = ( GEOMETRIC_REPRESENTATION_CONTEXT(2) 
PARAMETRIC_REPRESENTATION_CONTEXT() REPRESENTATION_CONTEXT('2D SPACE',''
  ) );
#1536 = FACE_BOUND('',#1537,.T.);
#1537 = EDGE_LOOP('',(#1538));
#1538 = ORIENTED_EDGE('',*,*,#1539,.F.);
#1539 = EDGE_CURVE('',#1540,#1540,#1542,.T.);
#1540 = VERTEX_POINT('',#1541);
#1541 = CARTESIAN_POINT('',(53.182346429949,-85.51262893914,-4.5));
#1542 = SURFACE_CURVE('',#1543,(#1548,#1559),.PCURVE_S1.);
#1543 = CIRCLE('',#1544,3.);
#1544 = AXIS2_PLACEMENT_3D('',#1545,#1546,#1547);
#1545 = CARTESIAN_POINT('',(56.182346429949,-85.51262893914,-4.5));
#1546 = DIRECTION('',(0.,0.,-1.));
#1547 = DIRECTION('',(-1.,-0.,-0.));
#1548 = PCURVE('',#44,#1549);
#1549 = DEFINITIONAL_REPRESENTATION('',(#1550),#1558);
#1550 = ( BOUNDED_CURVE() B_SPLINE_CURVE(2,(#1551,#1552,#1553,#1554,
#1555,#1556,#1557),.UNSPECIFIED.,.T.,.F.) B_SPLINE_CURVE_WITH_KNOTS((1,2
    ,2,2,2,1),(-2.094395102393,0.,2.094395102393,4.188790204786,
6.28318530718,8.377580409573),.UNSPECIFIED.) CURVE() 
GEOMETRIC_REPRESENTATION_ITEM() RATIONAL_B_SPLINE_CURVE((1.,0.5,1.,0.5,
1.,0.5,1.)) REPRESENTATION_ITEM('') );
#1551 = CARTESIAN_POINT('',(53.182346429949,-85.51262893914));
#1552 = CARTESIAN_POINT('',(53.182346429949,-80.31647651643));
#1553 = CARTESIAN_POINT('',(57.682346429949,-82.91455272778));
#1554 = CARTESIAN_POINT('',(62.182346429949,-85.51262893914));
#1555 = CARTESIAN_POINT('',(57.682346429949,-88.11070515049));
#1556 = CARTESIAN_POINT('',(53.182346429949,-90.70878136184));
#1557 = CARTESIAN_POINT('',(53.182346429949,-85.51262893914));
#1558 = ( GEOMETRIC_REPRESENTATION_CONTEXT(2) 
PARAMETRIC_REPRESENTATION_CONTEXT() REPRESENTATION_CONTEXT('2D SPACE',''
  ) );
#1559 = PCURVE('',#1560,#1565);
#1560 = CYLINDRICAL_SURFACE('',#1561,3.);
#1561 = AXIS2_PLACEMENT_3D('',#1562,#1563,#1564);
#1562 = CARTESIAN_POINT('',(56.182346429949,-85.51262893914,-6.5));
#1563 = DIRECTION('',(-0.,-0.,1.));
#1564 = DIRECTION('',(-1.,-0.,-0.));
#1565 = DEFINITIONAL_REPRESENTATION('',(#1566),#1570);
#1566 = LINE('',#1567,#1568);
#1567 = CARTESIAN_POINT('',(-0.,2.));
#1568 = VECTOR('',#1569,1.);
#1569 = DIRECTION('',(-1.,0.));
#1570 = ( GEOMETRIC_REPRESENTATION_CONTEXT(2) 
PARAMETRIC_REPRESENTATION_CONTEXT() REPRESENTATION_CONTEXT('2D SPACE',''
  ) );
#1571 = FACE_BOUND('',#1572,.T.);
#1572 = EDGE_LOOP('',(#1573));
#1573 = ORIENTED_EDGE('',*,*,#1574,.F.);
#1574 = EDGE_CURVE('',#1575,#1575,#1577,.T.);
#1575 = VERTEX_POINT('',#1576);
#1576 = CARTESIAN_POINT('',(77.678472390404,-29.81929598743,-4.5));
#1577 = SURFACE_CURVE('',#1578,(#1583,#1594),.PCURVE_S1.);
#1578 = CIRCLE('',#1579,3.);
#1579 = AXIS2_PLACEMENT_3D('',#1580,#1581,#1582);
#1580 = CARTESIAN_POINT('',(80.678472390404,-29.81929598743,-4.5));
#1581 = DIRECTION('',(0.,0.,-1.));
#1582 = DIRECTION('',(-1.,-0.,-0.));
#1583 = PCURVE('',#44,#1584);
#1584 = DEFINITIONAL_REPRESENTATION('',(#1585),#1593);
#1585 = ( BOUNDED_CURVE() B_SPLINE_CURVE(2,(#1586,#1587,#1588,#1589,
#1590,#1591,#1592),.UNSPECIFIED.,.T.,.F.) B_SPLINE_CURVE_WITH_KNOTS((1,2
    ,2,2,2,1),(-2.094395102393,0.,2.094395102393,4.188790204786,
6.28318530718,8.377580409573),.UNSPECIFIED.) CURVE() 
GEOMETRIC_REPRESENTATION_ITEM() RATIONAL_B_SPLINE_CURVE((1.,0.5,1.,0.5,
1.,0.5,1.)) REPRESENTATION_ITEM('') );
#1586 = CARTESIAN_POINT('',(77.678472390404,-29.81929598743));
#1587 = CARTESIAN_POINT('',(77.678472390404,-24.62314356473));
#1588 = CARTESIAN_POINT('',(82.178472390404,-27.22121977608));
#1589 = CARTESIAN_POINT('',(86.678472390404,-29.81929598743));
#1590 = CARTESIAN_POINT('',(82.178472390404,-32.41737219879));
#1591 = CARTESIAN_POINT('',(77.678472390404,-35.01544841014));
#1592 = CARTESIAN_POINT('',(77.678472390404,-29.81929598743));
#1593 = ( GEOMETRIC_REPRESENTATION_CONTEXT(2) 
PARAMETRIC_REPRESENTATION_CONTEXT() REPRESENTATION_CONTEXT('2D SPACE',''
  ) );
#1594 = PCURVE('',#1595,#1600);
#1595 = CYLINDRICAL_SURFACE('',#1596,3.);
#1596 = AXIS2_PLACEMENT_3D('',#1597,#1598,#1599);
#1597 = CARTESIAN_POINT('',(80.678472390404,-29.81929598743,-6.5));
#1598 = DIRECTION('',(-0.,-0.,1.));
#1599 = DIRECTION('',(-1.,-0.,-0.));
#1600 = DEFINITIONAL_REPRESENTATION('',(#1601),#1605);
#1601 = LINE('',#1602,#1603);
#1602 = CARTESIAN_POINT('',(-0.,2.));
#1603 = VECTOR('',#1604,1.);
#1604 = DIRECTION('',(-1.,0.));
#1605 = ( GEOMETRIC_REPRESENTATION_CONTEXT(2) 
PARAMETRIC_REPRESENTATION_CONTEXT() REPRESENTATION_CONTEXT('2D SPACE',''
  ) );
#1606 = FACE_BOUND('',#1607,.T.);
#1607 = EDGE_LOOP('',(#1608));
#1608 = ORIENTED_EDGE('',*,*,#1609,.F.);
#1609 = EDGE_CURVE('',#1610,#1610,#1612,.T.);
#1610 = VERTEX_POINT('',#1611);
#1611 = CARTESIAN_POINT('',(-62.03025479665,45.583491530858,-4.5));
#1612 = SURFACE_CURVE('',#1613,(#1618,#1629),.PCURVE_S1.);
#1613 = CIRCLE('',#1614,3.);
#1614 = AXIS2_PLACEMENT_3D('',#1615,#1616,#1617);
#1615 = CARTESIAN_POINT('',(-59.03025479665,45.583491530858,-4.5));
#1616 = DIRECTION('',(0.,0.,-1.));
#1617 = DIRECTION('',(-1.,-0.,-0.));
#1618 = PCURVE('',#44,#1619);
#1619 = DEFINITIONAL_REPRESENTATION('',(#1620),#1628);
#1620 = ( BOUNDED_CURVE() B_SPLINE_CURVE(2,(#1621,#1622,#1623,#1624,
#1625,#1626,#1627),.UNSPECIFIED.,.T.,.F.) B_SPLINE_CURVE_WITH_KNOTS((1,2
    ,2,2,2,1),(-2.094395102393,0.,2.094395102393,4.188790204786,
6.28318530718,8.377580409573),.UNSPECIFIED.) CURVE() 
GEOMETRIC_REPRESENTATION_ITEM() RATIONAL_B_SPLINE_CURVE((1.,0.5,1.,0.5,
1.,0.5,1.)) REPRESENTATION_ITEM('') );
#1621 = CARTESIAN_POINT('',(-62.03025479665,45.583491530858));
#1622 = CARTESIAN_POINT('',(-62.03025479665,50.779643953565));
#1623 = CARTESIAN_POINT('',(-57.53025479665,48.181567742212));
#1624 = CARTESIAN_POINT('',(-53.03025479665,45.583491530858));
#1625 = CARTESIAN_POINT('',(-57.53025479665,42.985415319505));
#1626 = CARTESIAN_POINT('',(-62.03025479665,40.387339108152));
#1627 = CARTESIAN_POINT('',(-62.03025479665,45.583491530858));
#1628 = ( GEOMETRIC_REPRESENTATION_CONTEXT(2) 
PARAMETRIC_REPRESENTATION_CONTEXT() REPRESENTATION_CONTEXT('2D SPACE',''
  ) );
#1629 = PCURVE('',#1630,#1635);
#1630 = CYLINDRICAL_SURFACE('',#1631,3.);
#1631 = AXIS2_PLACEMENT_3D('',#1632,#1633,#1634);
#1632 = CARTESIAN_POINT('',(-59.03025479665,45.583491530858,-6.5));
#1633 = DIRECTION('',(-0.,-0.,1.));
#1634 = DIRECTION('',(-1.,-0.,-0.));
#1635 = DEFINITIONAL_REPRESENTATION('',(#1636),#1640);
#1636 = LINE('',#1637,#1638);
#1637 = CARTESIAN_POINT('',(-0.,2.));
#1638 = VECTOR('',#1639,1.);
#1639 = DIRECTION('',(-1.,0.));
#1640 = ( GEOMETRIC_REPRESENTATION_CONTEXT(2) 
PARAMETRIC_REPRESENTATION_CONTEXT() REPRESENTATION_CONTEXT('2D SPACE',''
  ) );
#1641 = FACE_BOUND('',#1642,.T.);
#1642 = EDGE_LOOP('',(#1643));
#1643 = ORIENTED_EDGE('',*,*,#1644,.F.);
#1644 = EDGE_CURVE('',#1645,#1645,#1647,.T.);
#1645 = VERTEX_POINT('',#1646);
#1646 = CARTESIAN_POINT('',(-4.350374569373,63.274837467236,-4.5));
#1647 = SURFACE_CURVE('',#1648,(#1653,#1664),.PCURVE_S1.);
#1648 = CIRCLE('',#1649,3.);
#1649 = AXIS2_PLACEMENT_3D('',#1650,#1651,#1652);
#1650 = CARTESIAN_POINT('',(-1.350374569373,63.274837467236,-4.5));
#1651 = DIRECTION('',(0.,0.,-1.));
#1652 = DIRECTION('',(-1.,-0.,-0.));
#1653 = PCURVE('',#44,#1654);
#1654 = DEFINITIONAL_REPRESENTATION('',(#1655),#1663);
#1655 = ( BOUNDED_CURVE() B_SPLINE_CURVE(2,(#1656,#1657,#1658,#1659,
#1660,#1661,#1662),.UNSPECIFIED.,.T.,.F.) B_SPLINE_CURVE_WITH_KNOTS((1,2
    ,2,2,2,1),(-2.094395102393,0.,2.094395102393,4.188790204786,
6.28318530718,8.377580409573),.UNSPECIFIED.) CURVE() 
GEOMETRIC_REPRESENTATION_ITEM() RATIONAL_B_SPLINE_CURVE((1.,0.5,1.,0.5,
1.,0.5,1.)) REPRESENTATION_ITEM('') );
#1656 = CARTESIAN_POINT('',(-4.350374569373,63.274837467236));
#1657 = CARTESIAN_POINT('',(-4.350374569373,68.470989889942));
#1658 = CARTESIAN_POINT('',(0.149625430627,65.872913678589));
#1659 = CARTESIAN_POINT('',(4.649625430627,63.274837467236));
#1660 = CARTESIAN_POINT('',(0.149625430627,60.676761255882));
#1661 = CARTESIAN_POINT('',(-4.350374569373,58.078685044529));
#1662 = CARTESIAN_POINT('',(-4.350374569373,63.274837467236));
#1663 = ( GEOMETRIC_REPRESENTATION_CONTEXT(2) 
PARAMETRIC_REPRESENTATION_CONTEXT() REPRESENTATION_CONTEXT('2D SPACE',''
  ) );
#1664 = PCURVE('',#1665,#1670);
#1665 = CYLINDRICAL_SURFACE('',#1666,3.);
#1666 = AXIS2_PLACEMENT_3D('',#1667,#1668,#1669);
#1667 = CARTESIAN_POINT('',(-1.350374569373,63.274837467236,-6.5));
#1668 = DIRECTION('',(-0.,-0.,1.));
#1669 = DIRECTION('',(-1.,-0.,-0.));
#1670 = DEFINITIONAL_REPRESENTATION('',(#1671),#1675);
#1671 = LINE('',#1672,#1673);
#1672 = CARTESIAN_POINT('',(-0.,2.));
#1673 = VECTOR('',#1674,1.);
#1674 = DIRECTION('',(-1.,0.));
#1675 = ( GEOMETRIC_REPRESENTATION_CONTEXT(2) 
PARAMETRIC_REPRESENTATION_CONTEXT() REPRESENTATION_CONTEXT('2D SPACE',''
  ) );
#1676 = FACE_BOUND('',#1677,.T.);
#1677 = EDGE_LOOP('',(#1678));
#1678 = ORIENTED_EDGE('',*,*,#1679,.F.);
#1679 = EDGE_CURVE('',#1680,#1680,#1682,.T.);
#1680 = VERTEX_POINT('',#1681);
#1681 = CARTESIAN_POINT('',(92.404823644136,44.08349727605,-4.5));
#1682 = SURFACE_CURVE('',#1683,(#1688,#1699),.PCURVE_S1.);
#1683 = CIRCLE('',#1684,3.);
#1684 = AXIS2_PLACEMENT_3D('',#1685,#1686,#1687);
#1685 = CARTESIAN_POINT('',(95.404823644136,44.08349727605,-4.5));
#1686 = DIRECTION('',(0.,0.,-1.));
#1687 = DIRECTION('',(-1.,-0.,-0.));
#1688 = PCURVE('',#44,#1689);
#1689 = DEFINITIONAL_REPRESENTATION('',(#1690),#1698);
#1690 = ( BOUNDED_CURVE() B_SPLINE_CURVE(2,(#1691,#1692,#1693,#1694,
#1695,#1696,#1697),.UNSPECIFIED.,.T.,.F.) B_SPLINE_CURVE_WITH_KNOTS((1,2
    ,2,2,2,1),(-2.094395102393,0.,2.094395102393,4.188790204786,
6.28318530718,8.377580409573),.UNSPECIFIED.) CURVE() 
GEOMETRIC_REPRESENTATION_ITEM() RATIONAL_B_SPLINE_CURVE((1.,0.5,1.,0.5,
1.,0.5,1.)) REPRESENTATION_ITEM('') );
#1691 = CARTESIAN_POINT('',(92.404823644136,44.08349727605));
#1692 = CARTESIAN_POINT('',(92.404823644136,49.279649698756));
#1693 = CARTESIAN_POINT('',(96.904823644136,46.681573487403));
#1694 = CARTESIAN_POINT('',(101.40482364413,44.08349727605));
#1695 = CARTESIAN_POINT('',(96.904823644136,41.485421064696));
#1696 = CARTESIAN_POINT('',(92.404823644136,38.887344853343));
#1697 = CARTESIAN_POINT('',(92.404823644136,44.08349727605));
#1698 = ( GEOMETRIC_REPRESENTATION_CONTEXT(2) 
PARAMETRIC_REPRESENTATION_CONTEXT() REPRESENTATION_CONTEXT('2D SPACE',''
  ) );
#1699 = PCURVE('',#1700,#1705);
#1700 = CYLINDRICAL_SURFACE('',#1701,3.);
#1701 = AXIS2_PLACEMENT_3D('',#1702,#1703,#1704);
#1702 = CARTESIAN_POINT('',(95.404823644136,44.08349727605,-6.5));
#1703 = DIRECTION('',(-0.,-0.,1.));
#1704 = DIRECTION('',(-1.,-0.,-0.));
#1705 = DEFINITIONAL_REPRESENTATION('',(#1706),#1710);
#1706 = LINE('',#1707,#1708);
#1707 = CARTESIAN_POINT('',(-0.,2.));
#1708 = VECTOR('',#1709,1.);
#1709 = DIRECTION('',(-1.,0.));
#1710 = ( GEOMETRIC_REPRESENTATION_CONTEXT(2) 
PARAMETRIC_REPRESENTATION_CONTEXT() REPRESENTATION_CONTEXT('2D SPACE',''
  ) );
#1711 = FACE_BOUND('',#1712,.T.);
#1712 = EDGE_LOOP('',(#1713));
#1713 = ORIENTED_EDGE('',*,*,#1714,.F.);
#1714 = EDGE_CURVE('',#1715,#1715,#1717,.T.);
#1715 = VERTEX_POINT('',#1716);
#1716 = CARTESIAN_POINT('',(-4.259489082499,-62.62531824854,-4.5));
#1717 = SURFACE_CURVE('',#1718,(#1723,#1734),.PCURVE_S1.);
#1718 = CIRCLE('',#1719,3.);
#1719 = AXIS2_PLACEMENT_3D('',#1720,#1721,#1722);
#1720 = CARTESIAN_POINT('',(-1.259489082499,-62.62531824854,-4.5));
#1721 = DIRECTION('',(0.,0.,-1.));
#1722 = DIRECTION('',(-1.,-0.,-0.));
#1723 = PCURVE('',#44,#1724);
#1724 = DEFINITIONAL_REPRESENTATION('',(#1725),#1733);
#1725 = ( BOUNDED_CURVE() B_SPLINE_CURVE(2,(#1726,#1727,#1728,#1729,
#1730,#1731,#1732),.UNSPECIFIED.,.T.,.F.) B_SPLINE_CURVE_WITH_KNOTS((1,2
    ,2,2,2,1),(-2.094395102393,0.,2.094395102393,4.188790204786,
6.28318530718,8.377580409573),.UNSPECIFIED.) CURVE() 
GEOMETRIC_REPRESENTATION_ITEM() RATIONAL_B_SPLINE_CURVE((1.,0.5,1.,0.5,
1.,0.5,1.)) REPRESENTATION_ITEM('') );
#1726 = CARTESIAN_POINT('',(-4.259489082499,-62.62531824854));
#1727 = CARTESIAN_POINT('',(-4.259489082499,-57.42916582584));
#1728 = CARTESIAN_POINT('',(0.240510917501,-60.02724203719));
#1729 = CARTESIAN_POINT('',(4.740510917501,-62.62531824854));
#1730 = CARTESIAN_POINT('',(0.240510917501,-65.2233944599));
#1731 = CARTESIAN_POINT('',(-4.259489082499,-67.82147067125));
#1732 = CARTESIAN_POINT('',(-4.259489082499,-62.62531824854));
#1733 = ( GEOMETRIC_REPRESENTATION_CONTEXT(2) 
PARAMETRIC_REPRESENTATION_CONTEXT() REPRESENTATION_CONTEXT('2D SPACE',''
  ) );
#1734 = PCURVE('',#1735,#1740);
#1735 = CYLINDRICAL_SURFACE('',#1736,3.);
#1736 = AXIS2_PLACEMENT_3D('',#1737,#1738,#1739);
#1737 = CARTESIAN_POINT('',(-1.259489082499,-62.62531824854,-6.5));
#1738 = DIRECTION('',(-0.,-0.,1.));
#1739 = DIRECTION('',(-1.,-0.,-0.));
#1740 = DEFINITIONAL_REPRESENTATION('',(#1741),#1745);
#1741 = LINE('',#1742,#1743);
#1742 = CARTESIAN_POINT('',(-0.,2.));
#1743 = VECTOR('',#1744,1.);
#1744 = DIRECTION('',(-1.,0.));
#1745 = ( GEOMETRIC_REPRESENTATION_CONTEXT(2) 
PARAMETRIC_REPRESENTATION_CONTEXT() REPRESENTATION_CONTEXT('2D SPACE',''
  ) );
#1746 = FACE_BOUND('',#1747,.T.);
#1747 = EDGE_LOOP('',(#1748));
#1748 = ORIENTED_EDGE('',*,*,#1749,.F.);
#1749 = EDGE_CURVE('',#1750,#1750,#1752,.T.);
#1750 = VERTEX_POINT('',#1751);
#1751 = CARTESIAN_POINT('',(-61.30665593763,-32.70157846001,-4.5));
#1752 = SURFACE_CURVE('',#1753,(#1758,#1769),.PCURVE_S1.);
#1753 = CIRCLE('',#1754,3.);
#1754 = AXIS2_PLACEMENT_3D('',#1755,#1756,#1757);
#1755 = CARTESIAN_POINT('',(-58.30665593763,-32.70157846001,-4.5));
#1756 = DIRECTION('',(0.,0.,-1.));
#1757 = DIRECTION('',(-1.,-0.,-0.));
#1758 = PCURVE('',#44,#1759);
#1759 = DEFINITIONAL_REPRESENTATION('',(#1760),#1768);
#1760 = ( BOUNDED_CURVE() B_SPLINE_CURVE(2,(#1761,#1762,#1763,#1764,
#1765,#1766,#1767),.UNSPECIFIED.,.T.,.F.) B_SPLINE_CURVE_WITH_KNOTS((1,2
    ,2,2,2,1),(-2.094395102393,0.,2.094395102393,4.188790204786,
6.28318530718,8.377580409573),.UNSPECIFIED.) CURVE() 
GEOMETRIC_REPRESENTATION_ITEM() RATIONAL_B_SPLINE_CURVE((1.,0.5,1.,0.5,
1.,0.5,1.)) REPRESENTATION_ITEM('') );
#1761 = CARTESIAN_POINT('',(-61.30665593763,-32.70157846001));
#1762 = CARTESIAN_POINT('',(-61.30665593763,-27.5054260373));
#1763 = CARTESIAN_POINT('',(-56.80665593763,-30.10350224866));
#1764 = CARTESIAN_POINT('',(-52.30665593763,-32.70157846001));
#1765 = CARTESIAN_POINT('',(-56.80665593763,-35.29965467136));
#1766 = CARTESIAN_POINT('',(-61.30665593763,-37.89773088272));
#1767 = CARTESIAN_POINT('',(-61.30665593763,-32.70157846001));
#1768 = ( GEOMETRIC_REPRESENTATION_CONTEXT(2) 
PARAMETRIC_REPRESENTATION_CONTEXT() REPRESENTATION_CONTEXT('2D SPACE',''
  ) );
#1769 = PCURVE('',#1770,#1775);
#1770 = CYLINDRICAL_SURFACE('',#1771,3.);
#1771 = AXIS2_PLACEMENT_3D('',#1772,#1773,#1774);
#1772 = CARTESIAN_POINT('',(-58.30665593763,-32.70157846001,-6.5));
#1773 = DIRECTION('',(-0.,-0.,1.));
#1774 = DIRECTION('',(-1.,-0.,-0.));
#1775 = DEFINITIONAL_REPRESENTATION('',(#1776),#1780);
#1776 = LINE('',#1777,#1778);
#1777 = CARTESIAN_POINT('',(-0.,2.));
#1778 = VECTOR('',#1779,1.);
#1779 = DIRECTION('',(-1.,0.));
#1780 = ( GEOMETRIC_REPRESENTATION_CONTEXT(2) 
PARAMETRIC_REPRESENTATION_CONTEXT() REPRESENTATION_CONTEXT('2D SPACE',''
  ) );
#1781 = ADVANCED_FACE('',(#1782),#72,.F.);
#1782 = FACE_BOUND('',#1783,.T.);
#1783 = EDGE_LOOP('',(#1784,#1785,#1786,#1812));
#1784 = ORIENTED_EDGE('',*,*,#137,.T.);
#1785 = ORIENTED_EDGE('',*,*,#112,.T.);
#1786 = ORIENTED_EDGE('',*,*,#1787,.F.);
#1787 = EDGE_CURVE('',#57,#85,#1788,.T.);
#1788 = SURFACE_CURVE('',#1789,(#1794,#1801),.PCURVE_S1.);
#1789 = CIRCLE('',#1790,3.);
#1790 = AXIS2_PLACEMENT_3D('',#1791,#1792,#1793);
#1791 = CARTESIAN_POINT('',(-13.49259457207,-52.63552729393,-2.5));
#1792 = DIRECTION('',(0.,0.,-1.));
#1793 = DIRECTION('',(0.623314604218,-0.781971165817,0.));
#1794 = PCURVE('',#72,#1795);
#1795 = DEFINITIONAL_REPRESENTATION('',(#1796),#1800);
#1796 = LINE('',#1797,#1798);
#1797 = CARTESIAN_POINT('',(-4.039414620792,4.));
#1798 = VECTOR('',#1799,1.);
#1799 = DIRECTION('',(-1.,0.));
#1800 = ( GEOMETRIC_REPRESENTATION_CONTEXT(2) 
PARAMETRIC_REPRESENTATION_CONTEXT() REPRESENTATION_CONTEXT('2D SPACE',''
  ) );
#1801 = PCURVE('',#100,#1802);
#1802 = DEFINITIONAL_REPRESENTATION('',(#1803),#1811);
#1803 = ( BOUNDED_CURVE() B_SPLINE_CURVE(2,(#1804,#1805,#1806,#1807,
#1808,#1809,#1810),.UNSPECIFIED.,.T.,.F.) B_SPLINE_CURVE_WITH_KNOTS((1,2
    ,2,2,2,1),(-2.094395102393,0.,2.094395102393,4.188790204786,
6.28318530718,8.377580409573),.UNSPECIFIED.) CURVE() 
GEOMETRIC_REPRESENTATION_ITEM() RATIONAL_B_SPLINE_CURVE((1.,0.5,1.,0.5,
1.,0.5,1.)) REPRESENTATION_ITEM('') );
#1804 = CARTESIAN_POINT('',(1.869943812653,-2.345913497451));
#1805 = CARTESIAN_POINT('',(-2.193297555094,-5.584751188264));
#1806 = CARTESIAN_POINT('',(-2.9665925902,-0.446462096681));
#1807 = CARTESIAN_POINT('',(-3.739887625305,4.691826994902));
#1808 = CARTESIAN_POINT('',(1.096648777547,2.792375594132));
#1809 = CARTESIAN_POINT('',(5.933185180399,0.892924193363));
#1810 = CARTESIAN_POINT('',(1.869943812653,-2.345913497451));
#1811 = ( GEOMETRIC_REPRESENTATION_CONTEXT(2) 
PARAMETRIC_REPRESENTATION_CONTEXT() REPRESENTATION_CONTEXT('2D SPACE',''
  ) );
#1812 = ORIENTED_EDGE('',*,*,#56,.F.);
#1813 = ADVANCED_FACE('',(#1814,#1818),#100,.F.);
#1814 = FACE_BOUND('',#1815,.T.);
#1815 = EDGE_LOOP('',(#1816,#1817));
#1816 = ORIENTED_EDGE('',*,*,#1787,.T.);
#1817 = ORIENTED_EDGE('',*,*,#84,.F.);
#1818 = FACE_BOUND('',#1819,.T.);
#1819 = EDGE_LOOP('',(#1820,#1850,#1878));
#1820 = ORIENTED_EDGE('',*,*,#1821,.T.);
#1821 = EDGE_CURVE('',#1822,#1824,#1826,.T.);
#1822 = VERTEX_POINT('',#1823);
#1823 = CARTESIAN_POINT('',(-13.94982047839,-51.43013818397,-2.5));
#1824 = VERTEX_POINT('',#1825);
#1825 = CARTESIAN_POINT('',(-13.21290272598,-54.0397711695,-2.5));
#1826 = SURFACE_CURVE('',#1827,(#1831,#1838),.PCURVE_S1.);
#1827 = LINE('',#1828,#1829);
#1828 = CARTESIAN_POINT('',(-13.77531482951,-52.04811175837,-2.5));
#1829 = VECTOR('',#1830,1.);
#1830 = DIRECTION('',(0.271756463268,-0.962366055445,0.));
#1831 = PCURVE('',#100,#1832);
#1832 = DEFINITIONAL_REPRESENTATION('',(#1833),#1837);
#1833 = LINE('',#1834,#1835);
#1834 = CARTESIAN_POINT('',(-0.282720257436,0.587415535566));
#1835 = VECTOR('',#1836,1.);
#1836 = DIRECTION('',(0.271756463268,-0.962366055445));
#1837 = ( GEOMETRIC_REPRESENTATION_CONTEXT(2) 
PARAMETRIC_REPRESENTATION_CONTEXT() REPRESENTATION_CONTEXT('2D SPACE',''
  ) );
#1838 = PCURVE('',#1839,#1844);
#1839 = PLANE('',#1840);
#1840 = AXIS2_PLACEMENT_3D('',#1841,#1842,#1843);
#1841 = CARTESIAN_POINT('',(-13.94982047839,-51.43013818397,-4.5));
#1842 = DIRECTION('',(-0.962366055445,-0.271756463268,-0.));
#1843 = DIRECTION('',(-0.271756463268,0.962366055445,-0.));
#1844 = DEFINITIONAL_REPRESENTATION('',(#1845),#1849);
#1845 = LINE('',#1846,#1847);
#1846 = CARTESIAN_POINT('',(-0.642139829124,-2.));
#1847 = VECTOR('',#1848,1.);
#1848 = DIRECTION('',(-1.,0.));
#1849 = ( GEOMETRIC_REPRESENTATION_CONTEXT(2) 
PARAMETRIC_REPRESENTATION_CONTEXT() REPRESENTATION_CONTEXT('2D SPACE',''
  ) );
#1850 = ORIENTED_EDGE('',*,*,#1851,.T.);
#1851 = EDGE_CURVE('',#1824,#1852,#1854,.T.);
#1852 = VERTEX_POINT('',#1853);
#1853 = CARTESIAN_POINT('',(-13.50950196938,-51.43013818397,-2.5));
#1854 = SURFACE_CURVE('',#1855,(#1859,#1866),.PCURVE_S1.);
#1855 = LINE('',#1856,#1857);
#1856 = CARTESIAN_POINT('',(-13.293468529,-53.33091171772,-2.5));
#1857 = VECTOR('',#1858,1.);
#1858 = DIRECTION('',(-0.112928497768,0.993603117141,-0.));
#1859 = PCURVE('',#100,#1860);
#1860 = DEFINITIONAL_REPRESENTATION('',(#1861),#1865);
#1861 = LINE('',#1862,#1863);
#1862 = CARTESIAN_POINT('',(0.199126043067,-0.695384423793));
#1863 = VECTOR('',#1864,1.);
#1864 = DIRECTION('',(-0.112928497768,0.993603117141));
#1865 = ( GEOMETRIC_REPRESENTATION_CONTEXT(2) 
PARAMETRIC_REPRESENTATION_CONTEXT() REPRESENTATION_CONTEXT('2D SPACE',''
  ) );
#1866 = PCURVE('',#1867,#1872);
#1867 = PLANE('',#1868);
#1868 = AXIS2_PLACEMENT_3D('',#1869,#1870,#1871);
#1869 = CARTESIAN_POINT('',(-13.21290272598,-54.0397711695,-4.5));
#1870 = DIRECTION('',(0.993603117141,0.112928497768,-0.));
#1871 = DIRECTION('',(0.112928497768,-0.993603117141,0.));
#1872 = DEFINITIONAL_REPRESENTATION('',(#1873),#1877);
#1873 = LINE('',#1874,#1875);
#1874 = CARTESIAN_POINT('',(-0.713423136002,-2.));
#1875 = VECTOR('',#1876,1.);
#1876 = DIRECTION('',(-1.,0.));
#1877 = ( GEOMETRIC_REPRESENTATION_CONTEXT(2) 
PARAMETRIC_REPRESENTATION_CONTEXT() REPRESENTATION_CONTEXT('2D SPACE',''
  ) );
#1878 = ORIENTED_EDGE('',*,*,#1879,.T.);
#1879 = EDGE_CURVE('',#1852,#1822,#1880,.T.);
#1880 = SURFACE_CURVE('',#1881,(#1885,#1892),.PCURVE_S1.);
#1881 = LINE('',#1882,#1883);
#1882 = CARTESIAN_POINT('',(-13.50104827072,-51.43013818397,-2.5));
#1883 = VECTOR('',#1884,1.);
#1884 = DIRECTION('',(-1.,-0.,-0.));
#1885 = PCURVE('',#100,#1886);
#1886 = DEFINITIONAL_REPRESENTATION('',(#1887),#1891);
#1887 = LINE('',#1888,#1889);
#1888 = CARTESIAN_POINT('',(-8.453698654225E-03,1.205389109964));
#1889 = VECTOR('',#1890,1.);
#1890 = DIRECTION('',(-1.,0.));
#1891 = ( GEOMETRIC_REPRESENTATION_CONTEXT(2) 
PARAMETRIC_REPRESENTATION_CONTEXT() REPRESENTATION_CONTEXT('2D SPACE',''
  ) );
#1892 = PCURVE('',#1893,#1898);
#1893 = PLANE('',#1894);
#1894 = AXIS2_PLACEMENT_3D('',#1895,#1896,#1897);
#1895 = CARTESIAN_POINT('',(-13.50950196938,-51.43013818397,-4.5));
#1896 = DIRECTION('',(-0.,1.,-0.));
#1897 = DIRECTION('',(1.,0.,0.));
#1898 = DEFINITIONAL_REPRESENTATION('',(#1899),#1903);
#1899 = LINE('',#1900,#1901);
#1900 = CARTESIAN_POINT('',(8.453698654225E-03,-2.));
#1901 = VECTOR('',#1902,1.);
#1902 = DIRECTION('',(-1.,0.));
#1903 = ( GEOMETRIC_REPRESENTATION_CONTEXT(2) 
PARAMETRIC_REPRESENTATION_CONTEXT() REPRESENTATION_CONTEXT('2D SPACE',''
  ) );
#1904 = ADVANCED_FACE('',(#1905),#1839,.F.);
#1905 = FACE_BOUND('',#1906,.T.);
#1906 = EDGE_LOOP('',(#1907,#1908,#1931,#1959));
#1907 = ORIENTED_EDGE('',*,*,#1821,.F.);
#1908 = ORIENTED_EDGE('',*,*,#1909,.T.);
#1909 = EDGE_CURVE('',#1822,#1910,#1912,.T.);
#1910 = VERTEX_POINT('',#1911);
#1911 = CARTESIAN_POINT('',(-13.94982047839,-51.43013818397,0.));
#1912 = SURFACE_CURVE('',#1913,(#1917,#1924),.PCURVE_S1.);
#1913 = LINE('',#1914,#1915);
#1914 = CARTESIAN_POINT('',(-13.94982047839,-51.43013818397,-4.5));
#1915 = VECTOR('',#1916,1.);
#1916 = DIRECTION('',(-0.,-0.,1.));
#1917 = PCURVE('',#1839,#1918);
#1918 = DEFINITIONAL_REPRESENTATION('',(#1919),#1923);
#1919 = LINE('',#1920,#1921);
#1920 = CARTESIAN_POINT('',(-0.,-0.));
#1921 = VECTOR('',#1922,1.);
#1922 = DIRECTION('',(-0.,-1.));
#1923 = ( GEOMETRIC_REPRESENTATION_CONTEXT(2) 
PARAMETRIC_REPRESENTATION_CONTEXT() REPRESENTATION_CONTEXT('2D SPACE',''
  ) );
#1924 = PCURVE('',#1893,#1925);
#1925 = DEFINITIONAL_REPRESENTATION('',(#1926),#1930);
#1926 = LINE('',#1927,#1928);
#1927 = CARTESIAN_POINT('',(-0.440318509014,0.));
#1928 = VECTOR('',#1929,1.);
#1929 = DIRECTION('',(-0.,-1.));
#1930 = ( GEOMETRIC_REPRESENTATION_CONTEXT(2) 
PARAMETRIC_REPRESENTATION_CONTEXT() REPRESENTATION_CONTEXT('2D SPACE',''
  ) );
#1931 = ORIENTED_EDGE('',*,*,#1932,.T.);
#1932 = EDGE_CURVE('',#1910,#1933,#1935,.T.);
#1933 = VERTEX_POINT('',#1934);
#1934 = CARTESIAN_POINT('',(-13.21290272598,-54.0397711695,0.));
#1935 = SURFACE_CURVE('',#1936,(#1940,#1947),.PCURVE_S1.);
#1936 = LINE('',#1937,#1938);
#1937 = CARTESIAN_POINT('',(-19.8618441108,-30.49400001674,0.));
#1938 = VECTOR('',#1939,1.);
#1939 = DIRECTION('',(0.271756463268,-0.962366055445,0.));
#1940 = PCURVE('',#1839,#1941);
#1941 = DEFINITIONAL_REPRESENTATION('',(#1942),#1946);
#1942 = LINE('',#1943,#1944);
#1943 = CARTESIAN_POINT('',(21.754859337337,-4.5));
#1944 = VECTOR('',#1945,1.);
#1945 = DIRECTION('',(-1.,0.));
#1946 = ( GEOMETRIC_REPRESENTATION_CONTEXT(2) 
PARAMETRIC_REPRESENTATION_CONTEXT() REPRESENTATION_CONTEXT('2D SPACE',''
  ) );
#1947 = PCURVE('',#1948,#1953);
#1948 = PLANE('',#1949);
#1949 = AXIS2_PLACEMENT_3D('',#1950,#1951,#1952);
#1950 = CARTESIAN_POINT('',(0.,0.,0.));
#1951 = DIRECTION('',(-0.,-0.,1.));
#1952 = DIRECTION('',(1.,0.,0.));
#1953 = DEFINITIONAL_REPRESENTATION('',(#1954),#1958);
#1954 = LINE('',#1955,#1956);
#1955 = CARTESIAN_POINT('',(-19.8618441108,-30.49400001674));
#1956 = VECTOR('',#1957,1.);
#1957 = DIRECTION('',(0.271756463268,-0.962366055445));
#1958 = ( GEOMETRIC_REPRESENTATION_CONTEXT(2) 
PARAMETRIC_REPRESENTATION_CONTEXT() REPRESENTATION_CONTEXT('2D SPACE',''
  ) );
#1959 = ORIENTED_EDGE('',*,*,#1960,.F.);
#1960 = EDGE_CURVE('',#1824,#1933,#1961,.T.);
#1961 = SURFACE_CURVE('',#1962,(#1966,#1973),.PCURVE_S1.);
#1962 = LINE('',#1963,#1964);
#1963 = CARTESIAN_POINT('',(-13.21290272598,-54.0397711695,-4.5));
#1964 = VECTOR('',#1965,1.);
#1965 = DIRECTION('',(-0.,-0.,1.));
#1966 = PCURVE('',#1839,#1967);
#1967 = DEFINITIONAL_REPRESENTATION('',(#1968),#1972);
#1968 = LINE('',#1969,#1970);
#1969 = CARTESIAN_POINT('',(-2.711684364556,0.));
#1970 = VECTOR('',#1971,1.);
#1971 = DIRECTION('',(-0.,-1.));
#1972 = ( GEOMETRIC_REPRESENTATION_CONTEXT(2) 
PARAMETRIC_REPRESENTATION_CONTEXT() REPRESENTATION_CONTEXT('2D SPACE',''
  ) );
#1973 = PCURVE('',#1867,#1974);
#1974 = DEFINITIONAL_REPRESENTATION('',(#1975),#1979);
#1975 = LINE('',#1976,#1977);
#1976 = CARTESIAN_POINT('',(-7.05997477113E-15,0.));
#1977 = VECTOR('',#1978,1.);
#1978 = DIRECTION('',(-0.,-1.));
#1979 = ( GEOMETRIC_REPRESENTATION_CONTEXT(2) 
PARAMETRIC_REPRESENTATION_CONTEXT() REPRESENTATION_CONTEXT('2D SPACE',''
  ) );
#1980 = ADVANCED_FACE('',(#1981),#1867,.F.);
#1981 = FACE_BOUND('',#1982,.T.);
#1982 = EDGE_LOOP('',(#1983,#1984,#1985,#2008));
#1983 = ORIENTED_EDGE('',*,*,#1851,.F.);
#1984 = ORIENTED_EDGE('',*,*,#1960,.T.);
#1985 = ORIENTED_EDGE('',*,*,#1986,.T.);
#1986 = EDGE_CURVE('',#1933,#1987,#1989,.T.);
#1987 = VERTEX_POINT('',#1988);
#1988 = CARTESIAN_POINT('',(-13.50950196938,-51.43013818397,0.));
#1989 = SURFACE_CURVE('',#1990,(#1994,#2001),.PCURVE_S1.);
#1990 = LINE('',#1991,#1992);
#1991 = CARTESIAN_POINT('',(-16.04674493855,-29.10616706114,0.));
#1992 = VECTOR('',#1993,1.);
#1993 = DIRECTION('',(-0.112928497768,0.993603117141,-0.));
#1994 = PCURVE('',#1867,#1995);
#1995 = DEFINITIONAL_REPRESENTATION('',(#1996),#2000);
#1996 = LINE('',#1997,#1998);
#1997 = CARTESIAN_POINT('',(-25.09412830759,-4.5));
#1998 = VECTOR('',#1999,1.);
#1999 = DIRECTION('',(-1.,0.));
#2000 = ( GEOMETRIC_REPRESENTATION_CONTEXT(2) 
PARAMETRIC_REPRESENTATION_CONTEXT() REPRESENTATION_CONTEXT('2D SPACE',''
  ) );
#2001 = PCURVE('',#1948,#2002);
#2002 = DEFINITIONAL_REPRESENTATION('',(#2003),#2007);
#2003 = LINE('',#2004,#2005);
#2004 = CARTESIAN_POINT('',(-16.04674493855,-29.10616706114));
#2005 = VECTOR('',#2006,1.);
#2006 = DIRECTION('',(-0.112928497768,0.993603117141));
#2007 = ( GEOMETRIC_REPRESENTATION_CONTEXT(2) 
PARAMETRIC_REPRESENTATION_CONTEXT() REPRESENTATION_CONTEXT('2D SPACE',''
  ) );
#2008 = ORIENTED_EDGE('',*,*,#2009,.F.);
#2009 = EDGE_CURVE('',#1852,#1987,#2010,.T.);
#2010 = SURFACE_CURVE('',#2011,(#2015,#2022),.PCURVE_S1.);
#2011 = LINE('',#2012,#2013);
#2012 = CARTESIAN_POINT('',(-13.50950196938,-51.43013818397,-4.5));
#2013 = VECTOR('',#2014,1.);
#2014 = DIRECTION('',(-0.,-0.,1.));
#2015 = PCURVE('',#1867,#2016);
#2016 = DEFINITIONAL_REPRESENTATION('',(#2017),#2021);
#2017 = LINE('',#2018,#2019);
#2018 = CARTESIAN_POINT('',(-2.62643397601,0.));
#2019 = VECTOR('',#2020,1.);
#2020 = DIRECTION('',(-0.,-1.));
#2021 = ( GEOMETRIC_REPRESENTATION_CONTEXT(2) 
PARAMETRIC_REPRESENTATION_CONTEXT() REPRESENTATION_CONTEXT('2D SPACE',''
  ) );
#2022 = PCURVE('',#1893,#2023);
#2023 = DEFINITIONAL_REPRESENTATION('',(#2024),#2028);
#2024 = LINE('',#2025,#2026);
#2025 = CARTESIAN_POINT('',(-1.7763568394E-15,0.));
#2026 = VECTOR('',#2027,1.);
#2027 = DIRECTION('',(-0.,-1.));
#2028 = ( GEOMETRIC_REPRESENTATION_CONTEXT(2) 
PARAMETRIC_REPRESENTATION_CONTEXT() REPRESENTATION_CONTEXT('2D SPACE',''
  ) );
#2029 = ADVANCED_FACE('',(#2030),#1893,.F.);
#2030 = FACE_BOUND('',#2031,.T.);
#2031 = EDGE_LOOP('',(#2032,#2033,#2034,#2055));
#2032 = ORIENTED_EDGE('',*,*,#1879,.F.);
#2033 = ORIENTED_EDGE('',*,*,#2009,.T.);
#2034 = ORIENTED_EDGE('',*,*,#2035,.T.);
#2035 = EDGE_CURVE('',#1987,#1910,#2036,.T.);
#2036 = SURFACE_CURVE('',#2037,(#2041,#2048),.PCURVE_S1.);
#2037 = LINE('',#2038,#2039);
#2038 = CARTESIAN_POINT('',(-12.13417185631,-51.43013818397,0.));
#2039 = VECTOR('',#2040,1.);
#2040 = DIRECTION('',(-1.,-0.,-0.));
#2041 = PCURVE('',#1893,#2042);
#2042 = DEFINITIONAL_REPRESENTATION('',(#2043),#2047);
#2043 = LINE('',#2044,#2045);
#2044 = CARTESIAN_POINT('',(1.375330113072,-4.5));
#2045 = VECTOR('',#2046,1.);
#2046 = DIRECTION('',(-1.,0.));
#2047 = ( GEOMETRIC_REPRESENTATION_CONTEXT(2) 
PARAMETRIC_REPRESENTATION_CONTEXT() REPRESENTATION_CONTEXT('2D SPACE',''
  ) );
#2048 = PCURVE('',#1948,#2049);
#2049 = DEFINITIONAL_REPRESENTATION('',(#2050),#2054);
#2050 = LINE('',#2051,#2052);
#2051 = CARTESIAN_POINT('',(-12.13417185631,-51.43013818397));
#2052 = VECTOR('',#2053,1.);
#2053 = DIRECTION('',(-1.,0.));
#2054 = ( GEOMETRIC_REPRESENTATION_CONTEXT(2) 
PARAMETRIC_REPRESENTATION_CONTEXT() REPRESENTATION_CONTEXT('2D SPACE',''
  ) );
#2055 = ORIENTED_EDGE('',*,*,#1909,.F.);
#2056 = ADVANCED_FACE('',(#2057),#183,.T.);
#2057 = FACE_BOUND('',#2058,.F.);
#2058 = EDGE_LOOP('',(#2059,#2082,#2105,#2126));
#2059 = ORIENTED_EDGE('',*,*,#2060,.T.);
#2060 = EDGE_CURVE('',#166,#2061,#2063,.T.);
#2061 = VERTEX_POINT('',#2062);
#2062 = CARTESIAN_POINT('',(84.098249174035,-34.56262893914,0.));
#2063 = SURFACE_CURVE('',#2064,(#2068,#2075),.PCURVE_S1.);
#2064 = LINE('',#2065,#2066);
#2065 = CARTESIAN_POINT('',(84.098249174035,-34.56262893914,-4.5));
#2066 = VECTOR('',#2067,1.);
#2067 = DIRECTION('',(-0.,-0.,1.));
#2068 = PCURVE('',#183,#2069);
#2069 = DEFINITIONAL_REPRESENTATION('',(#2070),#2074);
#2070 = LINE('',#2071,#2072);
#2071 = CARTESIAN_POINT('',(-0.,0.));
#2072 = VECTOR('',#2073,1.);
#2073 = DIRECTION('',(-0.,-1.));
#2074 = ( GEOMETRIC_REPRESENTATION_CONTEXT(2) 
PARAMETRIC_REPRESENTATION_CONTEXT() REPRESENTATION_CONTEXT('2D SPACE',''
  ) );
#2075 = PCURVE('',#211,#2076);
#2076 = DEFINITIONAL_REPRESENTATION('',(#2077),#2081);
#2077 = LINE('',#2078,#2079);
#2078 = CARTESIAN_POINT('',(5.68604874992E-15,-0.));
#2079 = VECTOR('',#2080,1.);
#2080 = DIRECTION('',(-0.,-1.));
#2081 = ( GEOMETRIC_REPRESENTATION_CONTEXT(2) 
PARAMETRIC_REPRESENTATION_CONTEXT() REPRESENTATION_CONTEXT('2D SPACE',''
  ) );
#2082 = ORIENTED_EDGE('',*,*,#2083,.T.);
#2083 = EDGE_CURVE('',#2061,#2084,#2086,.T.);
#2084 = VERTEX_POINT('',#2085);
#2085 = CARTESIAN_POINT('',(86.358695606774,-17.17596303573,0.));
#2086 = SURFACE_CURVE('',#2087,(#2091,#2098),.PCURVE_S1.);
#2087 = LINE('',#2088,#2089);
#2088 = CARTESIAN_POINT('',(86.119107067288,-19.01880515311,0.));
#2089 = VECTOR('',#2090,1.);
#2090 = DIRECTION('',(0.128925318435,0.991654305828,-0.));
#2091 = PCURVE('',#183,#2092);
#2092 = DEFINITIONAL_REPRESENTATION('',(#2093),#2097);
#2093 = LINE('',#2094,#2095);
#2094 = CARTESIAN_POINT('',(-15.67463953383,-4.5));
#2095 = VECTOR('',#2096,1.);
#2096 = DIRECTION('',(-1.,0.));
#2097 = ( GEOMETRIC_REPRESENTATION_CONTEXT(2) 
PARAMETRIC_REPRESENTATION_CONTEXT() REPRESENTATION_CONTEXT('2D SPACE',''
  ) );
#2098 = PCURVE('',#1948,#2099);
#2099 = DEFINITIONAL_REPRESENTATION('',(#2100),#2104);
#2100 = LINE('',#2101,#2102);
#2101 = CARTESIAN_POINT('',(86.119107067288,-19.01880515311));
#2102 = VECTOR('',#2103,1.);
#2103 = DIRECTION('',(0.128925318435,0.991654305828));
#2104 = ( GEOMETRIC_REPRESENTATION_CONTEXT(2) 
PARAMETRIC_REPRESENTATION_CONTEXT() REPRESENTATION_CONTEXT('2D SPACE',''
  ) );
#2105 = ORIENTED_EDGE('',*,*,#2106,.F.);
#2106 = EDGE_CURVE('',#168,#2084,#2107,.T.);
#2107 = SURFACE_CURVE('',#2108,(#2112,#2119),.PCURVE_S1.);
#2108 = LINE('',#2109,#2110);
#2109 = CARTESIAN_POINT('',(86.358695606774,-17.17596303573,-4.5));
#2110 = VECTOR('',#2111,1.);
#2111 = DIRECTION('',(-0.,-0.,1.));
#2112 = PCURVE('',#183,#2113);
#2113 = DEFINITIONAL_REPRESENTATION('',(#2114),#2118);
#2114 = LINE('',#2115,#2116);
#2115 = CARTESIAN_POINT('',(-17.53299088324,0.));
#2116 = VECTOR('',#2117,1.);
#2117 = DIRECTION('',(-0.,-1.));
#2118 = ( GEOMETRIC_REPRESENTATION_CONTEXT(2) 
PARAMETRIC_REPRESENTATION_CONTEXT() REPRESENTATION_CONTEXT('2D SPACE',''
  ) );
#2119 = PCURVE('',#1525,#2120);
#2120 = DEFINITIONAL_REPRESENTATION('',(#2121),#2125);
#2121 = LINE('',#2122,#2123);
#2122 = CARTESIAN_POINT('',(1.7933102993E-15,-3.552713678801E-15));
#2123 = VECTOR('',#2124,1.);
#2124 = DIRECTION('',(-0.,-1.));
#2125 = ( GEOMETRIC_REPRESENTATION_CONTEXT(2) 
PARAMETRIC_REPRESENTATION_CONTEXT() REPRESENTATION_CONTEXT('2D SPACE',''
  ) );
#2126 = ORIENTED_EDGE('',*,*,#165,.F.);
#2127 = ADVANCED_FACE('',(#2128),#211,.F.);
#2128 = FACE_BOUND('',#2129,.T.);
#2129 = EDGE_LOOP('',(#2130,#2131,#2154,#2175));
#2130 = ORIENTED_EDGE('',*,*,#2060,.T.);
#2131 = ORIENTED_EDGE('',*,*,#2132,.T.);
#2132 = EDGE_CURVE('',#2061,#2133,#2135,.T.);
#2133 = VERTEX_POINT('',#2134);
#2134 = CARTESIAN_POINT('',(82.368502522884,-36.87088304957,0.));
#2135 = SURFACE_CURVE('',#2136,(#2140,#2147),.PCURVE_S1.);
#2136 = LINE('',#2137,#2138);
#2137 = CARTESIAN_POINT('',(77.020510320423,-44.00749174061,0.));
#2138 = VECTOR('',#2139,1.);
#2139 = DIRECTION('',(-0.599679573378,-0.80024021973,-0.));
#2140 = PCURVE('',#211,#2141);
#2141 = DEFINITIONAL_REPRESENTATION('',(#2142),#2146);
#2142 = LINE('',#2143,#2144);
#2143 = CARTESIAN_POINT('',(-11.80253449978,-4.5));
#2144 = VECTOR('',#2145,1.);
#2145 = DIRECTION('',(-1.,0.));
#2146 = ( GEOMETRIC_REPRESENTATION_CONTEXT(2) 
PARAMETRIC_REPRESENTATION_CONTEXT() REPRESENTATION_CONTEXT('2D SPACE',''
  ) );
#2147 = PCURVE('',#1948,#2148);
#2148 = DEFINITIONAL_REPRESENTATION('',(#2149),#2153);
#2149 = LINE('',#2150,#2151);
#2150 = CARTESIAN_POINT('',(77.020510320423,-44.00749174061));
#2151 = VECTOR('',#2152,1.);
#2152 = DIRECTION('',(-0.599679573378,-0.80024021973));
#2153 = ( GEOMETRIC_REPRESENTATION_CONTEXT(2) 
PARAMETRIC_REPRESENTATION_CONTEXT() REPRESENTATION_CONTEXT('2D SPACE',''
  ) );
#2154 = ORIENTED_EDGE('',*,*,#2155,.F.);
#2155 = EDGE_CURVE('',#196,#2133,#2156,.T.);
#2156 = SURFACE_CURVE('',#2157,(#2161,#2168),.PCURVE_S1.);
#2157 = LINE('',#2158,#2159);
#2158 = CARTESIAN_POINT('',(82.368502522884,-36.87088304957,-4.5));
#2159 = VECTOR('',#2160,1.);
#2160 = DIRECTION('',(-0.,-0.,1.));
#2161 = PCURVE('',#211,#2162);
#2162 = DEFINITIONAL_REPRESENTATION('',(#2163),#2167);
#2163 = LINE('',#2164,#2165);
#2164 = CARTESIAN_POINT('',(-2.884451510341,0.));
#2165 = VECTOR('',#2166,1.);
#2166 = DIRECTION('',(-0.,-1.));
#2167 = ( GEOMETRIC_REPRESENTATION_CONTEXT(2) 
PARAMETRIC_REPRESENTATION_CONTEXT() REPRESENTATION_CONTEXT('2D SPACE',''
  ) );
#2168 = PCURVE('',#239,#2169);
#2169 = DEFINITIONAL_REPRESENTATION('',(#2170),#2174);
#2170 = LINE('',#2171,#2172);
#2171 = CARTESIAN_POINT('',(-10.72638067592,0.));
#2172 = VECTOR('',#2173,1.);
#2173 = DIRECTION('',(-0.,-1.));
#2174 = ( GEOMETRIC_REPRESENTATION_CONTEXT(2) 
PARAMETRIC_REPRESENTATION_CONTEXT() REPRESENTATION_CONTEXT('2D SPACE',''
  ) );
#2175 = ORIENTED_EDGE('',*,*,#195,.F.);
#2176 = ADVANCED_FACE('',(#2177),#1525,.T.);
#2177 = FACE_BOUND('',#2178,.F.);
#2178 = EDGE_LOOP('',(#2179,#2180,#2203,#2224));
#2179 = ORIENTED_EDGE('',*,*,#2106,.T.);
#2180 = ORIENTED_EDGE('',*,*,#2181,.T.);
#2181 = EDGE_CURVE('',#2084,#2182,#2184,.T.);
#2182 = VERTEX_POINT('',#2183);
#2183 = CARTESIAN_POINT('',(105.3861343344,-6.05,0.));
#2184 = SURFACE_CURVE('',#2185,(#2189,#2196),.PCURVE_S1.);
#2185 = LINE('',#2186,#2187);
#2186 = CARTESIAN_POINT('',(62.287490703031,-31.25118040042,
    -3.552713678801E-15));
#2187 = VECTOR('',#2188,1.);
#2188 = DIRECTION('',(0.863252717069,0.50477197473,-0.));
#2189 = PCURVE('',#1525,#2190);
#2190 = DEFINITIONAL_REPRESENTATION('',(#2191),#2195);
#2191 = LINE('',#2192,#2193);
#2192 = CARTESIAN_POINT('',(27.884308300211,-4.5));
#2193 = VECTOR('',#2194,1.);
#2194 = DIRECTION('',(-1.,0.));
#2195 = ( GEOMETRIC_REPRESENTATION_CONTEXT(2) 
PARAMETRIC_REPRESENTATION_CONTEXT() REPRESENTATION_CONTEXT('2D SPACE',''
  ) );
#2196 = PCURVE('',#1948,#2197);
#2197 = DEFINITIONAL_REPRESENTATION('',(#2198),#2202);
#2198 = LINE('',#2199,#2200);
#2199 = CARTESIAN_POINT('',(62.287490703031,-31.25118040042));
#2200 = VECTOR('',#2201,1.);
#2201 = DIRECTION('',(0.863252717069,0.50477197473));
#2202 = ( GEOMETRIC_REPRESENTATION_CONTEXT(2) 
PARAMETRIC_REPRESENTATION_CONTEXT() REPRESENTATION_CONTEXT('2D SPACE',''
  ) );
#2203 = ORIENTED_EDGE('',*,*,#2204,.F.);
#2204 = EDGE_CURVE('',#1484,#2182,#2205,.T.);
#2205 = SURFACE_CURVE('',#2206,(#2210,#2217),.PCURVE_S1.);
#2206 = LINE('',#2207,#2208);
#2207 = CARTESIAN_POINT('',(105.3861343344,-6.05,-4.5));
#2208 = VECTOR('',#2209,1.);
#2209 = DIRECTION('',(-0.,-0.,1.));
#2210 = PCURVE('',#1525,#2211);
#2211 = DEFINITIONAL_REPRESENTATION('',(#2212),#2216);
#2212 = LINE('',#2213,#2214);
#2213 = CARTESIAN_POINT('',(-22.04156251281,-3.552713678801E-15));
#2214 = VECTOR('',#2215,1.);
#2215 = DIRECTION('',(-0.,-1.));
#2216 = ( GEOMETRIC_REPRESENTATION_CONTEXT(2) 
PARAMETRIC_REPRESENTATION_CONTEXT() REPRESENTATION_CONTEXT('2D SPACE',''
  ) );
#2217 = PCURVE('',#1499,#2218);
#2218 = DEFINITIONAL_REPRESENTATION('',(#2219),#2223);
#2219 = LINE('',#2220,#2221);
#2220 = CARTESIAN_POINT('',(-18.1,0.));
#2221 = VECTOR('',#2222,1.);
#2222 = DIRECTION('',(-0.,-1.));
#2223 = ( GEOMETRIC_REPRESENTATION_CONTEXT(2) 
PARAMETRIC_REPRESENTATION_CONTEXT() REPRESENTATION_CONTEXT('2D SPACE',''
  ) );
#2224 = ORIENTED_EDGE('',*,*,#1511,.F.);
#2225 = ADVANCED_FACE('',(#2226),#239,.T.);
#2226 = FACE_BOUND('',#2227,.F.);
#2227 = EDGE_LOOP('',(#2228,#2251,#2272,#2273));
#2228 = ORIENTED_EDGE('',*,*,#2229,.T.);
#2229 = EDGE_CURVE('',#224,#2230,#2232,.T.);
#2230 = VERTEX_POINT('',#2231);
#2231 = CARTESIAN_POINT('',(91.155039181386,-43.02328225261,0.));
#2232 = SURFACE_CURVE('',#2233,(#2237,#2244),.PCURVE_S1.);
#2233 = LINE('',#2234,#2235);
#2234 = CARTESIAN_POINT('',(91.155039181386,-43.02328225261,-4.5));
#2235 = VECTOR('',#2236,1.);
#2236 = DIRECTION('',(-0.,-0.,1.));
#2237 = PCURVE('',#239,#2238);
#2238 = DEFINITIONAL_REPRESENTATION('',(#2239),#2243);
#2239 = LINE('',#2240,#2241);
#2240 = CARTESIAN_POINT('',(-1.571635639358E-14,0.));
#2241 = VECTOR('',#2242,1.);
#2242 = DIRECTION('',(-0.,-1.));
#2243 = ( GEOMETRIC_REPRESENTATION_CONTEXT(2) 
PARAMETRIC_REPRESENTATION_CONTEXT() REPRESENTATION_CONTEXT('2D SPACE',''
  ) );
#2244 = PCURVE('',#267,#2245);
#2245 = DEFINITIONAL_REPRESENTATION('',(#2246),#2250);
#2246 = LINE('',#2247,#2248);
#2247 = CARTESIAN_POINT('',(-2.149129653617,0.));
#2248 = VECTOR('',#2249,1.);
#2249 = DIRECTION('',(-0.,-1.));
#2250 = ( GEOMETRIC_REPRESENTATION_CONTEXT(2) 
PARAMETRIC_REPRESENTATION_CONTEXT() REPRESENTATION_CONTEXT('2D SPACE',''
  ) );
#2251 = ORIENTED_EDGE('',*,*,#2252,.T.);
#2252 = EDGE_CURVE('',#2230,#2133,#2253,.T.);
#2253 = SURFACE_CURVE('',#2254,(#2258,#2265),.PCURVE_S1.);
#2254 = LINE('',#2255,#2256);
#2255 = CARTESIAN_POINT('',(44.204067656978,-10.14785806495,0.));
#2256 = VECTOR('',#2257,1.);
#2257 = DIRECTION('',(-0.819152044289,0.573576436351,-0.));
#2258 = PCURVE('',#239,#2259);
#2259 = DEFINITIONAL_REPRESENTATION('',(#2260),#2264);
#2260 = LINE('',#2261,#2262);
#2261 = CARTESIAN_POINT('',(-57.31655295466,-4.5));
#2262 = VECTOR('',#2263,1.);
#2263 = DIRECTION('',(-1.,0.));
#2264 = ( GEOMETRIC_REPRESENTATION_CONTEXT(2) 
PARAMETRIC_REPRESENTATION_CONTEXT() REPRESENTATION_CONTEXT('2D SPACE',''
  ) );
#2265 = PCURVE('',#1948,#2266);
#2266 = DEFINITIONAL_REPRESENTATION('',(#2267),#2271);
#2267 = LINE('',#2268,#2269);
#2268 = CARTESIAN_POINT('',(44.204067656978,-10.14785806495));
#2269 = VECTOR('',#2270,1.);
#2270 = DIRECTION('',(-0.819152044289,0.573576436351));
#2271 = ( GEOMETRIC_REPRESENTATION_CONTEXT(2) 
PARAMETRIC_REPRESENTATION_CONTEXT() REPRESENTATION_CONTEXT('2D SPACE',''
  ) );
#2272 = ORIENTED_EDGE('',*,*,#2155,.F.);
#2273 = ORIENTED_EDGE('',*,*,#223,.F.);
#2274 = ADVANCED_FACE('',(#2275),#1499,.F.);
#2275 = FACE_BOUND('',#2276,.T.);
#2276 = EDGE_LOOP('',(#2277,#2300,#2321,#2322));
#2277 = ORIENTED_EDGE('',*,*,#2278,.T.);
#2278 = EDGE_CURVE('',#1456,#2279,#2281,.T.);
#2279 = VERTEX_POINT('',#2280);
#2280 = CARTESIAN_POINT('',(105.3861343344,12.05,0.));
#2281 = SURFACE_CURVE('',#2282,(#2286,#2293),.PCURVE_S1.);
#2282 = LINE('',#2283,#2284);
#2283 = CARTESIAN_POINT('',(105.3861343344,12.05,-4.5));
#2284 = VECTOR('',#2285,1.);
#2285 = DIRECTION('',(-0.,-0.,1.));
#2286 = PCURVE('',#1499,#2287);
#2287 = DEFINITIONAL_REPRESENTATION('',(#2288),#2292);
#2288 = LINE('',#2289,#2290);
#2289 = CARTESIAN_POINT('',(-1.7763568394E-15,0.));
#2290 = VECTOR('',#2291,1.);
#2291 = DIRECTION('',(-0.,-1.));
#2292 = ( GEOMETRIC_REPRESENTATION_CONTEXT(2) 
PARAMETRIC_REPRESENTATION_CONTEXT() REPRESENTATION_CONTEXT('2D SPACE',''
  ) );
#2293 = PCURVE('',#1471,#2294);
#2294 = DEFINITIONAL_REPRESENTATION('',(#2295),#2299);
#2295 = LINE('',#2296,#2297);
#2296 = CARTESIAN_POINT('',(-1.77620890728E-15,0.));
#2297 = VECTOR('',#2298,1.);
#2298 = DIRECTION('',(-0.,-1.));
#2299 = ( GEOMETRIC_REPRESENTATION_CONTEXT(2) 
PARAMETRIC_REPRESENTATION_CONTEXT() REPRESENTATION_CONTEXT('2D SPACE',''
  ) );
#2300 = ORIENTED_EDGE('',*,*,#2301,.T.);
#2301 = EDGE_CURVE('',#2279,#2182,#2302,.T.);
#2302 = SURFACE_CURVE('',#2303,(#2307,#2314),.PCURVE_S1.);
#2303 = LINE('',#2304,#2305);
#2304 = CARTESIAN_POINT('',(105.3861343344,1.054590039252,0.));
#2305 = VECTOR('',#2306,1.);
#2306 = DIRECTION('',(-0.,-1.,-0.));
#2307 = PCURVE('',#1499,#2308);
#2308 = DEFINITIONAL_REPRESENTATION('',(#2309),#2313);
#2309 = LINE('',#2310,#2311);
#2310 = CARTESIAN_POINT('',(-10.99540996074,-4.5));
#2311 = VECTOR('',#2312,1.);
#2312 = DIRECTION('',(-1.,0.));
#2313 = ( GEOMETRIC_REPRESENTATION_CONTEXT(2) 
PARAMETRIC_REPRESENTATION_CONTEXT() REPRESENTATION_CONTEXT('2D SPACE',''
  ) );
#2314 = PCURVE('',#1948,#2315);
#2315 = DEFINITIONAL_REPRESENTATION('',(#2316),#2320);
#2316 = LINE('',#2317,#2318);
#2317 = CARTESIAN_POINT('',(105.3861343344,1.054590039252));
#2318 = VECTOR('',#2319,1.);
#2319 = DIRECTION('',(-0.,-1.));
#2320 = ( GEOMETRIC_REPRESENTATION_CONTEXT(2) 
PARAMETRIC_REPRESENTATION_CONTEXT() REPRESENTATION_CONTEXT('2D SPACE',''
  ) );
#2321 = ORIENTED_EDGE('',*,*,#2204,.F.);
#2322 = ORIENTED_EDGE('',*,*,#1483,.F.);
#2323 = ADVANCED_FACE('',(#2324),#267,.T.);
#2324 = FACE_BOUND('',#2325,.F.);
#2325 = EDGE_LOOP('',(#2326,#2349,#2370,#2371));
#2326 = ORIENTED_EDGE('',*,*,#2327,.T.);
#2327 = EDGE_CURVE('',#252,#2328,#2330,.T.);
#2328 = VERTEX_POINT('',#2329);
#2329 = CARTESIAN_POINT('',(92.642044881858,-44.57491762048,0.));
#2330 = SURFACE_CURVE('',#2331,(#2335,#2342),.PCURVE_S1.);
#2331 = LINE('',#2332,#2333);
#2332 = CARTESIAN_POINT('',(92.642044881858,-44.57491762048,-4.5));
#2333 = VECTOR('',#2334,1.);
#2334 = DIRECTION('',(-0.,-0.,1.));
#2335 = PCURVE('',#267,#2336);
#2336 = DEFINITIONAL_REPRESENTATION('',(#2337),#2341);
#2337 = LINE('',#2338,#2339);
#2338 = CARTESIAN_POINT('',(-0.,0.));
#2339 = VECTOR('',#2340,1.);
#2340 = DIRECTION('',(-0.,-1.));
#2341 = ( GEOMETRIC_REPRESENTATION_CONTEXT(2) 
PARAMETRIC_REPRESENTATION_CONTEXT() REPRESENTATION_CONTEXT('2D SPACE',''
  ) );
#2342 = PCURVE('',#295,#2343);
#2343 = DEFINITIONAL_REPRESENTATION('',(#2344),#2348);
#2344 = LINE('',#2345,#2346);
#2345 = CARTESIAN_POINT('',(-12.84206715003,0.));
#2346 = VECTOR('',#2347,1.);
#2347 = DIRECTION('',(-0.,-1.));
#2348 = ( GEOMETRIC_REPRESENTATION_CONTEXT(2) 
PARAMETRIC_REPRESENTATION_CONTEXT() REPRESENTATION_CONTEXT('2D SPACE',''
  ) );
#2349 = ORIENTED_EDGE('',*,*,#2350,.T.);
#2350 = EDGE_CURVE('',#2328,#2230,#2351,.T.);
#2351 = SURFACE_CURVE('',#2352,(#2356,#2363),.PCURVE_S1.);
#2352 = LINE('',#2353,#2354);
#2353 = CARTESIAN_POINT('',(59.136919503573,-9.613560360499,0.));
#2354 = VECTOR('',#2355,1.);
#2355 = DIRECTION('',(-0.691910652281,0.721983136409,-0.));
#2356 = PCURVE('',#267,#2357);
#2357 = DEFINITIONAL_REPRESENTATION('',(#2358),#2362);
#2358 = LINE('',#2359,#2360);
#2359 = CARTESIAN_POINT('',(-48.42406352295,-4.5));
#2360 = VECTOR('',#2361,1.);
#2361 = DIRECTION('',(-1.,0.));
#2362 = ( GEOMETRIC_REPRESENTATION_CONTEXT(2) 
PARAMETRIC_REPRESENTATION_CONTEXT() REPRESENTATION_CONTEXT('2D SPACE',''
  ) );
#2363 = PCURVE('',#1948,#2364);
#2364 = DEFINITIONAL_REPRESENTATION('',(#2365),#2369);
#2365 = LINE('',#2366,#2367);
#2366 = CARTESIAN_POINT('',(59.136919503573,-9.613560360499));
#2367 = VECTOR('',#2368,1.);
#2368 = DIRECTION('',(-0.691910652281,0.721983136409));
#2369 = ( GEOMETRIC_REPRESENTATION_CONTEXT(2) 
PARAMETRIC_REPRESENTATION_CONTEXT() REPRESENTATION_CONTEXT('2D SPACE',''
  ) );
#2370 = ORIENTED_EDGE('',*,*,#2229,.F.);
#2371 = ORIENTED_EDGE('',*,*,#251,.F.);
#2372 = ADVANCED_FACE('',(#2373),#1471,.T.);
#2373 = FACE_BOUND('',#2374,.F.);
#2374 = EDGE_LOOP('',(#2375,#2376,#2399,#2420));
#2375 = ORIENTED_EDGE('',*,*,#2278,.T.);
#2376 = ORIENTED_EDGE('',*,*,#2377,.T.);
#2377 = EDGE_CURVE('',#2279,#2378,#2380,.T.);
#2378 = VERTEX_POINT('',#2379);
#2379 = CARTESIAN_POINT('',(105.35869560677,14.175963035738,0.));
#2380 = SURFACE_CURVE('',#2381,(#2385,#2392),.PCURVE_S1.);
#2381 = LINE('',#2382,#2383);
#2382 = CARTESIAN_POINT('',(105.44567448898,7.436806214962,0.));
#2383 = VECTOR('',#2384,1.);
#2384 = DIRECTION('',(-1.290541844621E-02,0.99991672162,-0.));
#2385 = PCURVE('',#1471,#2386);
#2386 = DEFINITIONAL_REPRESENTATION('',(#2387),#2391);
#2387 = LINE('',#2388,#2389);
#2388 = CARTESIAN_POINT('',(4.61357799634,-4.5));
#2389 = VECTOR('',#2390,1.);
#2390 = DIRECTION('',(-1.,0.));
#2391 = ( GEOMETRIC_REPRESENTATION_CONTEXT(2) 
PARAMETRIC_REPRESENTATION_CONTEXT() REPRESENTATION_CONTEXT('2D SPACE',''
  ) );
#2392 = PCURVE('',#1948,#2393);
#2393 = DEFINITIONAL_REPRESENTATION('',(#2394),#2398);
#2394 = LINE('',#2395,#2396);
#2395 = CARTESIAN_POINT('',(105.44567448898,7.436806214962));
#2396 = VECTOR('',#2397,1.);
#2397 = DIRECTION('',(-1.290541844621E-02,0.99991672162));
#2398 = ( GEOMETRIC_REPRESENTATION_CONTEXT(2) 
PARAMETRIC_REPRESENTATION_CONTEXT() REPRESENTATION_CONTEXT('2D SPACE',''
  ) );
#2399 = ORIENTED_EDGE('',*,*,#2400,.F.);
#2400 = EDGE_CURVE('',#1428,#2378,#2401,.T.);
#2401 = SURFACE_CURVE('',#2402,(#2406,#2413),.PCURVE_S1.);
#2402 = LINE('',#2403,#2404);
#2403 = CARTESIAN_POINT('',(105.35869560677,14.175963035738,-4.5));
#2404 = VECTOR('',#2405,1.);
#2405 = DIRECTION('',(-0.,-0.,1.));
#2406 = PCURVE('',#1471,#2407);
#2407 = DEFINITIONAL_REPRESENTATION('',(#2408),#2412);
#2408 = LINE('',#2409,#2410);
#2409 = CARTESIAN_POINT('',(-2.126140097241,0.));
#2410 = VECTOR('',#2411,1.);
#2411 = DIRECTION('',(-0.,-1.));
#2412 = ( GEOMETRIC_REPRESENTATION_CONTEXT(2) 
PARAMETRIC_REPRESENTATION_CONTEXT() REPRESENTATION_CONTEXT('2D SPACE',''
  ) );
#2413 = PCURVE('',#1443,#2414);
#2414 = DEFINITIONAL_REPRESENTATION('',(#2415),#2419);
#2415 = LINE('',#2416,#2417);
#2416 = CARTESIAN_POINT('',(-17.53299088324,0.));
#2417 = VECTOR('',#2418,1.);
#2418 = DIRECTION('',(-0.,-1.));
#2419 = ( GEOMETRIC_REPRESENTATION_CONTEXT(2) 
PARAMETRIC_REPRESENTATION_CONTEXT() REPRESENTATION_CONTEXT('2D SPACE',''
  ) );
#2420 = ORIENTED_EDGE('',*,*,#1455,.F.);
#2421 = ADVANCED_FACE('',(#2422),#295,.T.);
#2422 = FACE_BOUND('',#2423,.F.);
#2423 = EDGE_LOOP('',(#2424,#2447,#2468,#2469));
#2424 = ORIENTED_EDGE('',*,*,#2425,.T.);
#2425 = EDGE_CURVE('',#280,#2426,#2428,.T.);
#2426 = VERTEX_POINT('',#2427);
#2427 = CARTESIAN_POINT('',(92.775518730192,-57.41629112248,0.));
#2428 = SURFACE_CURVE('',#2429,(#2433,#2440),.PCURVE_S1.);
#2429 = LINE('',#2430,#2431);
#2430 = CARTESIAN_POINT('',(92.775518730192,-57.41629112248,-4.5));
#2431 = VECTOR('',#2432,1.);
#2432 = DIRECTION('',(-0.,-0.,1.));
#2433 = PCURVE('',#295,#2434);
#2434 = DEFINITIONAL_REPRESENTATION('',(#2435),#2439);
#2435 = LINE('',#2436,#2437);
#2436 = CARTESIAN_POINT('',(7.105043566917E-15,-0.));
#2437 = VECTOR('',#2438,1.);
#2438 = DIRECTION('',(-0.,-1.));
#2439 = ( GEOMETRIC_REPRESENTATION_CONTEXT(2) 
PARAMETRIC_REPRESENTATION_CONTEXT() REPRESENTATION_CONTEXT('2D SPACE',''
  ) );
#2440 = PCURVE('',#323,#2441);
#2441 = DEFINITIONAL_REPRESENTATION('',(#2442),#2446);
#2442 = LINE('',#2443,#2444);
#2443 = CARTESIAN_POINT('',(-17.92913883297,0.));
#2444 = VECTOR('',#2445,1.);
#2445 = DIRECTION('',(-0.,-1.));
#2446 = ( GEOMETRIC_REPRESENTATION_CONTEXT(2) 
PARAMETRIC_REPRESENTATION_CONTEXT() REPRESENTATION_CONTEXT('2D SPACE',''
  ) );
#2447 = ORIENTED_EDGE('',*,*,#2448,.T.);
#2448 = EDGE_CURVE('',#2426,#2328,#2449,.T.);
#2449 = SURFACE_CURVE('',#2450,(#2454,#2461),.PCURVE_S1.);
#2450 = LINE('',#2451,#2452);
#2451 = CARTESIAN_POINT('',(92.426946035528,-23.8804920079,0.));
#2452 = VECTOR('',#2453,1.);
#2453 = DIRECTION('',(-1.03934862491E-02,0.999945986263,-0.));
#2454 = PCURVE('',#295,#2455);
#2455 = DEFINITIONAL_REPRESENTATION('',(#2456),#2460);
#2456 = LINE('',#2457,#2458);
#2457 = CARTESIAN_POINT('',(-33.53761060625,-4.5));
#2458 = VECTOR('',#2459,1.);
#2459 = DIRECTION('',(-1.,0.));
#2460 = ( GEOMETRIC_REPRESENTATION_CONTEXT(2) 
PARAMETRIC_REPRESENTATION_CONTEXT() REPRESENTATION_CONTEXT('2D SPACE',''
  ) );
#2461 = PCURVE('',#1948,#2462);
#2462 = DEFINITIONAL_REPRESENTATION('',(#2463),#2467);
#2463 = LINE('',#2464,#2465);
#2464 = CARTESIAN_POINT('',(92.426946035528,-23.8804920079));
#2465 = VECTOR('',#2466,1.);
#2466 = DIRECTION('',(-1.03934862491E-02,0.999945986263));
#2467 = ( GEOMETRIC_REPRESENTATION_CONTEXT(2) 
PARAMETRIC_REPRESENTATION_CONTEXT() REPRESENTATION_CONTEXT('2D SPACE',''
  ) );
#2468 = ORIENTED_EDGE('',*,*,#2327,.F.);
#2469 = ORIENTED_EDGE('',*,*,#279,.F.);
#2470 = ADVANCED_FACE('',(#2471),#1443,.F.);
#2471 = FACE_BOUND('',#2472,.T.);
#2472 = EDGE_LOOP('',(#2473,#2496,#2517,#2518));
#2473 = ORIENTED_EDGE('',*,*,#2474,.T.);
#2474 = EDGE_CURVE('',#1400,#2475,#2477,.T.);
#2475 = VERTEX_POINT('',#2476);
#2476 = CARTESIAN_POINT('',(103.09824917403,31.56262893914,0.));
#2477 = SURFACE_CURVE('',#2478,(#2482,#2489),.PCURVE_S1.);
#2478 = LINE('',#2479,#2480);
#2479 = CARTESIAN_POINT('',(103.09824917403,31.56262893914,-4.5));
#2480 = VECTOR('',#2481,1.);
#2481 = DIRECTION('',(-0.,-0.,1.));
#2482 = PCURVE('',#1443,#2483);
#2483 = DEFINITIONAL_REPRESENTATION('',(#2484),#2488);
#2484 = LINE('',#2485,#2486);
#2485 = CARTESIAN_POINT('',(-0.,-0.));
#2486 = VECTOR('',#2487,1.);
#2487 = DIRECTION('',(-0.,-1.));
#2488 = ( GEOMETRIC_REPRESENTATION_CONTEXT(2) 
PARAMETRIC_REPRESENTATION_CONTEXT() REPRESENTATION_CONTEXT('2D SPACE',''
  ) );
#2489 = PCURVE('',#1415,#2490);
#2490 = DEFINITIONAL_REPRESENTATION('',(#2491),#2495);
#2491 = LINE('',#2492,#2493);
#2492 = CARTESIAN_POINT('',(-4.872152636917,0.));
#2493 = VECTOR('',#2494,1.);
#2494 = DIRECTION('',(-0.,-1.));
#2495 = ( GEOMETRIC_REPRESENTATION_CONTEXT(2) 
PARAMETRIC_REPRESENTATION_CONTEXT() REPRESENTATION_CONTEXT('2D SPACE',''
  ) );
#2496 = ORIENTED_EDGE('',*,*,#2497,.T.);
#2497 = EDGE_CURVE('',#2475,#2378,#2498,.T.);
#2498 = SURFACE_CURVE('',#2499,(#2503,#2510),.PCURVE_S1.);
#2499 = LINE('',#2500,#2501);
#2500 = CARTESIAN_POINT('',(104.88133401729,17.847683077965,0.));
#2501 = VECTOR('',#2502,1.);
#2502 = DIRECTION('',(0.128925318435,-0.991654305828,0.));
#2503 = PCURVE('',#1443,#2504);
#2504 = DEFINITIONAL_REPRESENTATION('',(#2505),#2509);
#2505 = LINE('',#2506,#2507);
#2506 = CARTESIAN_POINT('',(-13.83036989864,-4.5));
#2507 = VECTOR('',#2508,1.);
#2508 = DIRECTION('',(-1.,0.));
#2509 = ( GEOMETRIC_REPRESENTATION_CONTEXT(2) 
PARAMETRIC_REPRESENTATION_CONTEXT() REPRESENTATION_CONTEXT('2D SPACE',''
  ) );
#2510 = PCURVE('',#1948,#2511);
#2511 = DEFINITIONAL_REPRESENTATION('',(#2512),#2516);
#2512 = LINE('',#2513,#2514);
#2513 = CARTESIAN_POINT('',(104.88133401729,17.847683077965));
#2514 = VECTOR('',#2515,1.);
#2515 = DIRECTION('',(0.128925318435,-0.991654305828));
#2516 = ( GEOMETRIC_REPRESENTATION_CONTEXT(2) 
PARAMETRIC_REPRESENTATION_CONTEXT() REPRESENTATION_CONTEXT('2D SPACE',''
  ) );
#2517 = ORIENTED_EDGE('',*,*,#2400,.F.);
#2518 = ORIENTED_EDGE('',*,*,#1427,.F.);
#2519 = ADVANCED_FACE('',(#2520),#323,.T.);
#2520 = FACE_BOUND('',#2521,.F.);
#2521 = EDGE_LOOP('',(#2522,#2545,#2566,#2567));
#2522 = ORIENTED_EDGE('',*,*,#2523,.T.);
#2523 = EDGE_CURVE('',#308,#2524,#2526,.T.);
#2524 = VERTEX_POINT('',#2525);
#2525 = CARTESIAN_POINT('',(81.690965640921,-71.50837053267,0.));
#2526 = SURFACE_CURVE('',#2527,(#2531,#2538),.PCURVE_S1.);
#2527 = LINE('',#2528,#2529);
#2528 = CARTESIAN_POINT('',(81.690965640921,-71.50837053267,-4.5));
#2529 = VECTOR('',#2530,1.);
#2530 = DIRECTION('',(-0.,-0.,1.));
#2531 = PCURVE('',#323,#2532);
#2532 = DEFINITIONAL_REPRESENTATION('',(#2533),#2537);
#2533 = LINE('',#2534,#2535);
#2534 = CARTESIAN_POINT('',(-0.,0.));
#2535 = VECTOR('',#2536,1.);
#2536 = DIRECTION('',(-0.,-1.));
#2537 = ( GEOMETRIC_REPRESENTATION_CONTEXT(2) 
PARAMETRIC_REPRESENTATION_CONTEXT() REPRESENTATION_CONTEXT('2D SPACE',''
  ) );
#2538 = PCURVE('',#351,#2539);
#2539 = DEFINITIONAL_REPRESENTATION('',(#2540),#2544);
#2540 = LINE('',#2541,#2542);
#2541 = CARTESIAN_POINT('',(-0.,-0.));
#2542 = VECTOR('',#2543,1.);
#2543 = DIRECTION('',(-0.,-1.));
#2544 = ( GEOMETRIC_REPRESENTATION_CONTEXT(2) 
PARAMETRIC_REPRESENTATION_CONTEXT() REPRESENTATION_CONTEXT('2D SPACE',''
  ) );
#2545 = ORIENTED_EDGE('',*,*,#2546,.T.);
#2546 = EDGE_CURVE('',#2524,#2426,#2547,.T.);
#2547 = SURFACE_CURVE('',#2548,(#2552,#2559),.PCURVE_S1.);
#2548 = LINE('',#2549,#2550);
#2549 = CARTESIAN_POINT('',(88.987470992873,-62.23213431381,0.));
#2550 = VECTOR('',#2551,1.);
#2551 = DIRECTION('',(0.61824235913,0.785987522405,-0.));
#2552 = PCURVE('',#323,#2553);
#2553 = DEFINITIONAL_REPRESENTATION('',(#2554),#2558);
#2554 = LINE('',#2555,#2556);
#2555 = CARTESIAN_POINT('',(-11.8020146051,-4.5));
#2556 = VECTOR('',#2557,1.);
#2557 = DIRECTION('',(-1.,0.));
#2558 = ( GEOMETRIC_REPRESENTATION_CONTEXT(2) 
PARAMETRIC_REPRESENTATION_CONTEXT() REPRESENTATION_CONTEXT('2D SPACE',''
  ) );
#2559 = PCURVE('',#1948,#2560);
#2560 = DEFINITIONAL_REPRESENTATION('',(#2561),#2565);
#2561 = LINE('',#2562,#2563);
#2562 = CARTESIAN_POINT('',(88.987470992873,-62.23213431381));
#2563 = VECTOR('',#2564,1.);
#2564 = DIRECTION('',(0.61824235913,0.785987522405));
#2565 = ( GEOMETRIC_REPRESENTATION_CONTEXT(2) 
PARAMETRIC_REPRESENTATION_CONTEXT() REPRESENTATION_CONTEXT('2D SPACE',''
  ) );
#2566 = ORIENTED_EDGE('',*,*,#2425,.F.);
#2567 = ORIENTED_EDGE('',*,*,#307,.F.);
#2568 = ADVANCED_FACE('',(#2569),#1415,.F.);
#2569 = FACE_BOUND('',#2570,.T.);
#2570 = EDGE_LOOP('',(#2571,#2594,#2615,#2616));
#2571 = ORIENTED_EDGE('',*,*,#2572,.T.);
#2572 = EDGE_CURVE('',#1372,#2573,#2575,.T.);
#2573 = VERTEX_POINT('',#2574);
#2574 = CARTESIAN_POINT('',(102.13824736183,36.339266651798,0.));
#2575 = SURFACE_CURVE('',#2576,(#2580,#2587),.PCURVE_S1.);
#2576 = LINE('',#2577,#2578);
#2577 = CARTESIAN_POINT('',(102.13824736183,36.339266651798,-4.5));
#2578 = VECTOR('',#2579,1.);
#2579 = DIRECTION('',(-0.,-0.,1.));
#2580 = PCURVE('',#1415,#2581);
#2581 = DEFINITIONAL_REPRESENTATION('',(#2582),#2586);
#2582 = LINE('',#2583,#2584);
#2583 = CARTESIAN_POINT('',(-6.966130745515E-15,0.));
#2584 = VECTOR('',#2585,1.);
#2585 = DIRECTION('',(-0.,-1.));
#2586 = ( GEOMETRIC_REPRESENTATION_CONTEXT(2) 
PARAMETRIC_REPRESENTATION_CONTEXT() REPRESENTATION_CONTEXT('2D SPACE',''
  ) );
#2587 = PCURVE('',#1387,#2588);
#2588 = DEFINITIONAL_REPRESENTATION('',(#2589),#2593);
#2589 = LINE('',#2590,#2591);
#2590 = CARTESIAN_POINT('',(-16.18856017748,0.));
#2591 = VECTOR('',#2592,1.);
#2592 = DIRECTION('',(-0.,-1.));
#2593 = ( GEOMETRIC_REPRESENTATION_CONTEXT(2) 
PARAMETRIC_REPRESENTATION_CONTEXT() REPRESENTATION_CONTEXT('2D SPACE',''
  ) );
#2594 = ORIENTED_EDGE('',*,*,#2595,.T.);
#2595 = EDGE_CURVE('',#2573,#2475,#2596,.T.);
#2596 = SURFACE_CURVE('',#2597,(#2601,#2608),.PCURVE_S1.);
#2597 = LINE('',#2598,#2599);
#2598 = CARTESIAN_POINT('',(103.97146445552,27.217811052533,0.));
#2599 = VECTOR('',#2600,1.);
#2600 = DIRECTION('',(0.197038533836,-0.980395744679,0.));
#2601 = PCURVE('',#1415,#2602);
#2602 = DEFINITIONAL_REPRESENTATION('',(#2603),#2607);
#2603 = LINE('',#2604,#2605);
#2604 = CARTESIAN_POINT('',(-9.303850663137,-4.5));
#2605 = VECTOR('',#2606,1.);
#2606 = DIRECTION('',(-1.,0.));
#2607 = ( GEOMETRIC_REPRESENTATION_CONTEXT(2) 
PARAMETRIC_REPRESENTATION_CONTEXT() REPRESENTATION_CONTEXT('2D SPACE',''
  ) );
#2608 = PCURVE('',#1948,#2609);
#2609 = DEFINITIONAL_REPRESENTATION('',(#2610),#2614);
#2610 = LINE('',#2611,#2612);
#2611 = CARTESIAN_POINT('',(103.97146445552,27.217811052533));
#2612 = VECTOR('',#2613,1.);
#2613 = DIRECTION('',(0.197038533836,-0.980395744679));
#2614 = ( GEOMETRIC_REPRESENTATION_CONTEXT(2) 
PARAMETRIC_REPRESENTATION_CONTEXT() REPRESENTATION_CONTEXT('2D SPACE',''
  ) );
#2615 = ORIENTED_EDGE('',*,*,#2474,.F.);
#2616 = ORIENTED_EDGE('',*,*,#1399,.F.);
#2617 = ADVANCED_FACE('',(#2618),#351,.F.);
#2618 = FACE_BOUND('',#2619,.T.);
#2619 = EDGE_LOOP('',(#2620,#2621,#2644,#2665));
#2620 = ORIENTED_EDGE('',*,*,#2523,.T.);
#2621 = ORIENTED_EDGE('',*,*,#2622,.T.);
#2622 = EDGE_CURVE('',#2524,#2623,#2625,.T.);
#2623 = VERTEX_POINT('',#2624);
#2624 = CARTESIAN_POINT('',(80.532607909636,-74.38298317383,0.));
#2625 = SURFACE_CURVE('',#2626,(#2630,#2637),.PCURVE_S1.);
#2626 = LINE('',#2627,#2628);
#2627 = CARTESIAN_POINT('',(87.878889650598,-56.15224685829,0.));
#2628 = VECTOR('',#2629,1.);
#2629 = DIRECTION('',(-0.373757323406,-0.927526529648,-0.));
#2630 = PCURVE('',#351,#2631);
#2631 = DEFINITIONAL_REPRESENTATION('',(#2632),#2636);
#2632 = LINE('',#2633,#2634);
#2633 = CARTESIAN_POINT('',(16.555994015836,-4.5));
#2634 = VECTOR('',#2635,1.);
#2635 = DIRECTION('',(-1.,0.));
#2636 = ( GEOMETRIC_REPRESENTATION_CONTEXT(2) 
PARAMETRIC_REPRESENTATION_CONTEXT() REPRESENTATION_CONTEXT('2D SPACE',''
  ) );
#2637 = PCURVE('',#1948,#2638);
#2638 = DEFINITIONAL_REPRESENTATION('',(#2639),#2643);
#2639 = LINE('',#2640,#2641);
#2640 = CARTESIAN_POINT('',(87.878889650598,-56.15224685829));
#2641 = VECTOR('',#2642,1.);
#2642 = DIRECTION('',(-0.373757323406,-0.927526529648));
#2643 = ( GEOMETRIC_REPRESENTATION_CONTEXT(2) 
PARAMETRIC_REPRESENTATION_CONTEXT() REPRESENTATION_CONTEXT('2D SPACE',''
  ) );
#2644 = ORIENTED_EDGE('',*,*,#2645,.F.);
#2645 = EDGE_CURVE('',#336,#2623,#2646,.T.);
#2646 = SURFACE_CURVE('',#2647,(#2651,#2658),.PCURVE_S1.);
#2647 = LINE('',#2648,#2649);
#2648 = CARTESIAN_POINT('',(80.532607909636,-74.38298317383,-4.5));
#2649 = VECTOR('',#2650,1.);
#2650 = DIRECTION('',(-0.,-0.,1.));
#2651 = PCURVE('',#351,#2652);
#2652 = DEFINITIONAL_REPRESENTATION('',(#2653),#2657);
#2653 = LINE('',#2654,#2655);
#2654 = CARTESIAN_POINT('',(-3.099224172334,0.));
#2655 = VECTOR('',#2656,1.);
#2656 = DIRECTION('',(-0.,-1.));
#2657 = ( GEOMETRIC_REPRESENTATION_CONTEXT(2) 
PARAMETRIC_REPRESENTATION_CONTEXT() REPRESENTATION_CONTEXT('2D SPACE',''
  ) );
#2658 = PCURVE('',#379,#2659);
#2659 = DEFINITIONAL_REPRESENTATION('',(#2660),#2664);
#2660 = LINE('',#2661,#2662);
#2661 = CARTESIAN_POINT('',(-0.834775770347,0.));
#2662 = VECTOR('',#2663,1.);
#2663 = DIRECTION('',(-0.,-1.));
#2664 = ( GEOMETRIC_REPRESENTATION_CONTEXT(2) 
PARAMETRIC_REPRESENTATION_CONTEXT() REPRESENTATION_CONTEXT('2D SPACE',''
  ) );
#2665 = ORIENTED_EDGE('',*,*,#335,.F.);
#2666 = ADVANCED_FACE('',(#2667),#1387,.F.);
#2667 = FACE_BOUND('',#2668,.T.);
#2668 = EDGE_LOOP('',(#2669,#2692,#2713,#2714));
#2669 = ORIENTED_EDGE('',*,*,#2670,.T.);
#2670 = EDGE_CURVE('',#1344,#2671,#2673,.T.);
#2671 = VERTEX_POINT('',#2672);
#2672 = CARTESIAN_POINT('',(97.771399926438,51.927727900301,0.));
#2673 = SURFACE_CURVE('',#2674,(#2678,#2685),.PCURVE_S1.);
#2674 = LINE('',#2675,#2676);
#2675 = CARTESIAN_POINT('',(97.771399926438,51.927727900301,-4.5));
#2676 = VECTOR('',#2677,1.);
#2677 = DIRECTION('',(-0.,-0.,1.));
#2678 = PCURVE('',#1387,#2679);
#2679 = DEFINITIONAL_REPRESENTATION('',(#2680),#2684);
#2680 = LINE('',#2681,#2682);
#2681 = CARTESIAN_POINT('',(-0.,-0.));
#2682 = VECTOR('',#2683,1.);
#2683 = DIRECTION('',(-0.,-1.));
#2684 = ( GEOMETRIC_REPRESENTATION_CONTEXT(2) 
PARAMETRIC_REPRESENTATION_CONTEXT() REPRESENTATION_CONTEXT('2D SPACE',''
  ) );
#2685 = PCURVE('',#1359,#2686);
#2686 = DEFINITIONAL_REPRESENTATION('',(#2687),#2691);
#2687 = LINE('',#2688,#2689);
#2688 = CARTESIAN_POINT('',(-0.,0.));
#2689 = VECTOR('',#2690,1.);
#2690 = DIRECTION('',(-0.,-1.));
#2691 = ( GEOMETRIC_REPRESENTATION_CONTEXT(2) 
PARAMETRIC_REPRESENTATION_CONTEXT() REPRESENTATION_CONTEXT('2D SPACE',''
  ) );
#2692 = ORIENTED_EDGE('',*,*,#2693,.T.);
#2693 = EDGE_CURVE('',#2671,#2573,#2694,.T.);
#2694 = SURFACE_CURVE('',#2695,(#2699,#2706),.PCURVE_S1.);
#2695 = LINE('',#2696,#2697);
#2696 = CARTESIAN_POINT('',(102.16307029657,36.250655505653,0.));
#2697 = VECTOR('',#2698,1.);
#2698 = DIRECTION('',(0.269748970107,-0.962930679294,0.));
#2699 = PCURVE('',#1387,#2700);
#2700 = DEFINITIONAL_REPRESENTATION('',(#2701),#2705);
#2701 = LINE('',#2702,#2703);
#2702 = CARTESIAN_POINT('',(-16.28058252971,-4.5));
#2703 = VECTOR('',#2704,1.);
#2704 = DIRECTION('',(-1.,0.));
#2705 = ( GEOMETRIC_REPRESENTATION_CONTEXT(2) 
PARAMETRIC_REPRESENTATION_CONTEXT() REPRESENTATION_CONTEXT('2D SPACE',''
  ) );
#2706 = PCURVE('',#1948,#2707);
#2707 = DEFINITIONAL_REPRESENTATION('',(#2708),#2712);
#2708 = LINE('',#2709,#2710);
#2709 = CARTESIAN_POINT('',(102.16307029657,36.250655505653));
#2710 = VECTOR('',#2711,1.);
#2711 = DIRECTION('',(0.269748970107,-0.962930679294));
#2712 = ( GEOMETRIC_REPRESENTATION_CONTEXT(2) 
PARAMETRIC_REPRESENTATION_CONTEXT() REPRESENTATION_CONTEXT('2D SPACE',''
  ) );
#2713 = ORIENTED_EDGE('',*,*,#2572,.F.);
#2714 = ORIENTED_EDGE('',*,*,#1371,.F.);
#2715 = ADVANCED_FACE('',(#2716),#379,.T.);
#2716 = FACE_BOUND('',#2717,.F.);
#2717 = EDGE_LOOP('',(#2718,#2741,#2762,#2763));
#2718 = ORIENTED_EDGE('',*,*,#2719,.T.);
#2719 = EDGE_CURVE('',#364,#2720,#2722,.T.);
#2720 = VERTEX_POINT('',#2721);
#2721 = CARTESIAN_POINT('',(80.354010451922,-75.19843000524,0.));
#2722 = SURFACE_CURVE('',#2723,(#2727,#2734),.PCURVE_S1.);
#2723 = LINE('',#2724,#2725);
#2724 = CARTESIAN_POINT('',(80.354010451922,-75.19843000524,-4.5));
#2725 = VECTOR('',#2726,1.);
#2726 = DIRECTION('',(-0.,-0.,1.));
#2727 = PCURVE('',#379,#2728);
#2728 = DEFINITIONAL_REPRESENTATION('',(#2729),#2733);
#2729 = LINE('',#2730,#2731);
#2730 = CARTESIAN_POINT('',(-0.,0.));
#2731 = VECTOR('',#2732,1.);
#2732 = DIRECTION('',(-0.,-1.));
#2733 = ( GEOMETRIC_REPRESENTATION_CONTEXT(2) 
PARAMETRIC_REPRESENTATION_CONTEXT() REPRESENTATION_CONTEXT('2D SPACE',''
  ) );
#2734 = PCURVE('',#407,#2735);
#2735 = DEFINITIONAL_REPRESENTATION('',(#2736),#2740);
#2736 = LINE('',#2737,#2738);
#2737 = CARTESIAN_POINT('',(-18.17290418342,0.));
#2738 = VECTOR('',#2739,1.);
#2739 = DIRECTION('',(-0.,-1.));
#2740 = ( GEOMETRIC_REPRESENTATION_CONTEXT(2) 
PARAMETRIC_REPRESENTATION_CONTEXT() REPRESENTATION_CONTEXT('2D SPACE',''
  ) );
#2741 = ORIENTED_EDGE('',*,*,#2742,.T.);
#2742 = EDGE_CURVE('',#2720,#2623,#2743,.T.);
#2743 = SURFACE_CURVE('',#2744,(#2748,#2755),.PCURVE_S1.);
#2744 = LINE('',#2745,#2746);
#2745 = CARTESIAN_POINT('',(86.371615938122,-47.72302588017,0.));
#2746 = VECTOR('',#2747,1.);
#2747 = DIRECTION('',(0.213946623822,0.976845352221,-0.));
#2748 = PCURVE('',#379,#2749);
#2749 = DEFINITIONAL_REPRESENTATION('',(#2750),#2754);
#2750 = LINE('',#2751,#2752);
#2751 = CARTESIAN_POINT('',(-28.12666719723,-4.5));
#2752 = VECTOR('',#2753,1.);
#2753 = DIRECTION('',(-1.,0.));
#2754 = ( GEOMETRIC_REPRESENTATION_CONTEXT(2) 
PARAMETRIC_REPRESENTATION_CONTEXT() REPRESENTATION_CONTEXT('2D SPACE',''
  ) );
#2755 = PCURVE('',#1948,#2756);
#2756 = DEFINITIONAL_REPRESENTATION('',(#2757),#2761);
#2757 = LINE('',#2758,#2759);
#2758 = CARTESIAN_POINT('',(86.371615938122,-47.72302588017));
#2759 = VECTOR('',#2760,1.);
#2760 = DIRECTION('',(0.213946623822,0.976845352221));
#2761 = ( GEOMETRIC_REPRESENTATION_CONTEXT(2) 
PARAMETRIC_REPRESENTATION_CONTEXT() REPRESENTATION_CONTEXT('2D SPACE',''
  ) );
#2762 = ORIENTED_EDGE('',*,*,#2645,.F.);
#2763 = ORIENTED_EDGE('',*,*,#363,.F.);
#2764 = ADVANCED_FACE('',(#2765),#1359,.T.);
#2765 = FACE_BOUND('',#2766,.F.);
#2766 = EDGE_LOOP('',(#2767,#2768,#2791,#2812));
#2767 = ORIENTED_EDGE('',*,*,#2670,.T.);
#2768 = ORIENTED_EDGE('',*,*,#2769,.T.);
#2769 = EDGE_CURVE('',#2671,#2770,#2772,.T.);
#2770 = VERTEX_POINT('',#2771);
#2771 = CARTESIAN_POINT('',(88.271399926438,62.427727900301,0.));
#2772 = SURFACE_CURVE('',#2773,(#2777,#2784),.PCURVE_S1.);
#2773 = LINE('',#2774,#2775);
#2774 = CARTESIAN_POINT('',(86.597908102996,64.27737675779,0.));
#2775 = VECTOR('',#2776,1.);
#2776 = DIRECTION('',(-0.670913323969,0.741535779124,-0.));
#2777 = PCURVE('',#1359,#2778);
#2778 = DEFINITIONAL_REPRESENTATION('',(#2779),#2783);
#2779 = LINE('',#2780,#2781);
#2780 = CARTESIAN_POINT('',(-16.65415102705,-4.5));
#2781 = VECTOR('',#2782,1.);
#2782 = DIRECTION('',(-1.,0.));
#2783 = ( GEOMETRIC_REPRESENTATION_CONTEXT(2) 
PARAMETRIC_REPRESENTATION_CONTEXT() REPRESENTATION_CONTEXT('2D SPACE',''
  ) );
#2784 = PCURVE('',#1948,#2785);
#2785 = DEFINITIONAL_REPRESENTATION('',(#2786),#2790);
#2786 = LINE('',#2787,#2788);
#2787 = CARTESIAN_POINT('',(86.597908102996,64.27737675779));
#2788 = VECTOR('',#2789,1.);
#2789 = DIRECTION('',(-0.670913323969,0.741535779124));
#2790 = ( GEOMETRIC_REPRESENTATION_CONTEXT(2) 
PARAMETRIC_REPRESENTATION_CONTEXT() REPRESENTATION_CONTEXT('2D SPACE',''
  ) );
#2791 = ORIENTED_EDGE('',*,*,#2792,.F.);
#2792 = EDGE_CURVE('',#1316,#2770,#2793,.T.);
#2793 = SURFACE_CURVE('',#2794,(#2798,#2805),.PCURVE_S1.);
#2794 = LINE('',#2795,#2796);
#2795 = CARTESIAN_POINT('',(88.271399926438,62.427727900301,-4.5));
#2796 = VECTOR('',#2797,1.);
#2797 = DIRECTION('',(-0.,-0.,1.));
#2798 = PCURVE('',#1359,#2799);
#2799 = DEFINITIONAL_REPRESENTATION('',(#2800),#2804);
#2800 = LINE('',#2801,#2802);
#2801 = CARTESIAN_POINT('',(-14.1598022585,0.));
#2802 = VECTOR('',#2803,1.);
#2803 = DIRECTION('',(-0.,-1.));
#2804 = ( GEOMETRIC_REPRESENTATION_CONTEXT(2) 
PARAMETRIC_REPRESENTATION_CONTEXT() REPRESENTATION_CONTEXT('2D SPACE',''
  ) );
#2805 = PCURVE('',#1331,#2806);
#2806 = DEFINITIONAL_REPRESENTATION('',(#2807),#2811);
#2807 = LINE('',#2808,#2809);
#2808 = CARTESIAN_POINT('',(-24.21636880163,0.));
#2809 = VECTOR('',#2810,1.);
#2810 = DIRECTION('',(-0.,-1.));
#2811 = ( GEOMETRIC_REPRESENTATION_CONTEXT(2) 
PARAMETRIC_REPRESENTATION_CONTEXT() REPRESENTATION_CONTEXT('2D SPACE',''
  ) );
#2812 = ORIENTED_EDGE('',*,*,#1343,.F.);
#2813 = ADVANCED_FACE('',(#2814),#407,.T.);
#2814 = FACE_BOUND('',#2815,.F.);
#2815 = EDGE_LOOP('',(#2816,#2839,#2860,#2861));
#2816 = ORIENTED_EDGE('',*,*,#2817,.T.);
#2817 = EDGE_CURVE('',#392,#2818,#2820,.T.);
#2818 = VERTEX_POINT('',#2819);
#2819 = CARTESIAN_POINT('',(69.396911555448,-89.69658265421,0.));
#2820 = SURFACE_CURVE('',#2821,(#2825,#2832),.PCURVE_S1.);
#2821 = LINE('',#2822,#2823);
#2822 = CARTESIAN_POINT('',(69.396911555448,-89.69658265421,-4.5));
#2823 = VECTOR('',#2824,1.);
#2824 = DIRECTION('',(-0.,-0.,1.));
#2825 = PCURVE('',#407,#2826);
#2826 = DEFINITIONAL_REPRESENTATION('',(#2827),#2831);
#2827 = LINE('',#2828,#2829);
#2828 = CARTESIAN_POINT('',(-0.,0.));
#2829 = VECTOR('',#2830,1.);
#2830 = DIRECTION('',(-0.,-1.));
#2831 = ( GEOMETRIC_REPRESENTATION_CONTEXT(2) 
PARAMETRIC_REPRESENTATION_CONTEXT() REPRESENTATION_CONTEXT('2D SPACE',''
  ) );
#2832 = PCURVE('',#435,#2833);
#2833 = DEFINITIONAL_REPRESENTATION('',(#2834),#2838);
#2834 = LINE('',#2835,#2836);
#2835 = CARTESIAN_POINT('',(-6.892111341522,0.));
#2836 = VECTOR('',#2837,1.);
#2837 = DIRECTION('',(-0.,-1.));
#2838 = ( GEOMETRIC_REPRESENTATION_CONTEXT(2) 
PARAMETRIC_REPRESENTATION_CONTEXT() REPRESENTATION_CONTEXT('2D SPACE',''
  ) );
#2839 = ORIENTED_EDGE('',*,*,#2840,.T.);
#2840 = EDGE_CURVE('',#2818,#2720,#2841,.T.);
#2841 = SURFACE_CURVE('',#2842,(#2846,#2853),.PCURVE_S1.);
#2842 = LINE('',#2843,#2844);
#2843 = CARTESIAN_POINT('',(80.281679195701,-75.29413687108,0.));
#2844 = VECTOR('',#2845,1.);
#2845 = DIRECTION('',(0.602936040706,0.797789527895,-0.));
#2846 = PCURVE('',#407,#2847);
#2847 = DEFINITIONAL_REPRESENTATION('',(#2848),#2852);
#2848 = LINE('',#2849,#2850);
#2849 = CARTESIAN_POINT('',(-18.05293912686,-4.5));
#2850 = VECTOR('',#2851,1.);
#2851 = DIRECTION('',(-1.,0.));
#2852 = ( GEOMETRIC_REPRESENTATION_CONTEXT(2) 
PARAMETRIC_REPRESENTATION_CONTEXT() REPRESENTATION_CONTEXT('2D SPACE',''
  ) );
#2853 = PCURVE('',#1948,#2854);
#2854 = DEFINITIONAL_REPRESENTATION('',(#2855),#2859);
#2855 = LINE('',#2856,#2857);
#2856 = CARTESIAN_POINT('',(80.281679195701,-75.29413687108));
#2857 = VECTOR('',#2858,1.);
#2858 = DIRECTION('',(0.602936040706,0.797789527895));
#2859 = ( GEOMETRIC_REPRESENTATION_CONTEXT(2) 
PARAMETRIC_REPRESENTATION_CONTEXT() REPRESENTATION_CONTEXT('2D SPACE',''
  ) );
#2860 = ORIENTED_EDGE('',*,*,#2719,.F.);
#2861 = ORIENTED_EDGE('',*,*,#391,.F.);
#2862 = ADVANCED_FACE('',(#2863),#1331,.F.);
#2863 = FACE_BOUND('',#2864,.T.);
#2864 = EDGE_LOOP('',(#2865,#2888,#2909,#2910));
#2865 = ORIENTED_EDGE('',*,*,#2866,.T.);
#2866 = EDGE_CURVE('',#1288,#2867,#2869,.T.);
#2867 = VERTEX_POINT('',#2868);
#2868 = CARTESIAN_POINT('',(64.756549609373,68.21429272779,0.));
#2869 = SURFACE_CURVE('',#2870,(#2874,#2881),.PCURVE_S1.);
#2870 = LINE('',#2871,#2872);
#2871 = CARTESIAN_POINT('',(64.756549609373,68.21429272779,-4.5));
#2872 = VECTOR('',#2873,1.);
#2873 = DIRECTION('',(-0.,-0.,1.));
#2874 = PCURVE('',#1331,#2875);
#2875 = DEFINITIONAL_REPRESENTATION('',(#2876),#2880);
#2876 = LINE('',#2877,#2878);
#2877 = CARTESIAN_POINT('',(-0.,-0.));
#2878 = VECTOR('',#2879,1.);
#2879 = DIRECTION('',(-0.,-1.));
#2880 = ( GEOMETRIC_REPRESENTATION_CONTEXT(2) 
PARAMETRIC_REPRESENTATION_CONTEXT() REPRESENTATION_CONTEXT('2D SPACE',''
  ) );
#2881 = PCURVE('',#1303,#2882);
#2882 = DEFINITIONAL_REPRESENTATION('',(#2883),#2887);
#2883 = LINE('',#2884,#2885);
#2884 = CARTESIAN_POINT('',(-0.,-0.));
#2885 = VECTOR('',#2886,1.);
#2886 = DIRECTION('',(-0.,-1.));
#2887 = ( GEOMETRIC_REPRESENTATION_CONTEXT(2) 
PARAMETRIC_REPRESENTATION_CONTEXT() REPRESENTATION_CONTEXT('2D SPACE',''
  ) );
#2888 = ORIENTED_EDGE('',*,*,#2889,.T.);
#2889 = EDGE_CURVE('',#2867,#2770,#2890,.T.);
#2890 = SURFACE_CURVE('',#2891,(#2895,#2902),.PCURVE_S1.);
#2891 = LINE('',#2892,#2893);
#2892 = CARTESIAN_POINT('',(45.572269728313,72.935185172506,0.));
#2893 = VECTOR('',#2894,1.);
#2894 = DIRECTION('',(0.971031227253,-0.23895262229,0.));
#2895 = PCURVE('',#1331,#2896);
#2896 = DEFINITIONAL_REPRESENTATION('',(#2897),#2901);
#2897 = LINE('',#2898,#2899);
#2898 = CARTESIAN_POINT('',(19.756604466088,-4.5));
#2899 = VECTOR('',#2900,1.);
#2900 = DIRECTION('',(-1.,0.));
#2901 = ( GEOMETRIC_REPRESENTATION_CONTEXT(2) 
PARAMETRIC_REPRESENTATION_CONTEXT() REPRESENTATION_CONTEXT('2D SPACE',''
  ) );
#2902 = PCURVE('',#1948,#2903);
#2903 = DEFINITIONAL_REPRESENTATION('',(#2904),#2908);
#2904 = LINE('',#2905,#2906);
#2905 = CARTESIAN_POINT('',(45.572269728313,72.935185172506));
#2906 = VECTOR('',#2907,1.);
#2907 = DIRECTION('',(0.971031227253,-0.23895262229));
#2908 = ( GEOMETRIC_REPRESENTATION_CONTEXT(2) 
PARAMETRIC_REPRESENTATION_CONTEXT() REPRESENTATION_CONTEXT('2D SPACE',''
  ) );
#2909 = ORIENTED_EDGE('',*,*,#2792,.F.);
#2910 = ORIENTED_EDGE('',*,*,#1315,.F.);
#2911 = ADVANCED_FACE('',(#2912),#435,.T.);
#2912 = FACE_BOUND('',#2913,.F.);
#2913 = EDGE_LOOP('',(#2914,#2937,#2958,#2959));
#2914 = ORIENTED_EDGE('',*,*,#2915,.T.);
#2915 = EDGE_CURVE('',#420,#2916,#2918,.T.);
#2916 = VERTEX_POINT('',#2917);
#2917 = CARTESIAN_POINT('',(62.634374305827,-91.02672877078,0.));
#2918 = SURFACE_CURVE('',#2919,(#2923,#2930),.PCURVE_S1.);
#2919 = LINE('',#2920,#2921);
#2920 = CARTESIAN_POINT('',(62.634374305827,-91.02672877078,-4.5));
#2921 = VECTOR('',#2922,1.);
#2922 = DIRECTION('',(-0.,-0.,1.));
#2923 = PCURVE('',#435,#2924);
#2924 = DEFINITIONAL_REPRESENTATION('',(#2925),#2929);
#2925 = LINE('',#2926,#2927);
#2926 = CARTESIAN_POINT('',(-0.,0.));
#2927 = VECTOR('',#2928,1.);
#2928 = DIRECTION('',(-0.,-1.));
#2929 = ( GEOMETRIC_REPRESENTATION_CONTEXT(2) 
PARAMETRIC_REPRESENTATION_CONTEXT() REPRESENTATION_CONTEXT('2D SPACE',''
  ) );
#2930 = PCURVE('',#463,#2931);
#2931 = DEFINITIONAL_REPRESENTATION('',(#2932),#2936);
#2932 = LINE('',#2933,#2934);
#2933 = CARTESIAN_POINT('',(6.833944925525E-15,-0.));
#2934 = VECTOR('',#2935,1.);
#2935 = DIRECTION('',(-0.,-1.));
#2936 = ( GEOMETRIC_REPRESENTATION_CONTEXT(2) 
PARAMETRIC_REPRESENTATION_CONTEXT() REPRESENTATION_CONTEXT('2D SPACE',''
  ) );
#2937 = ORIENTED_EDGE('',*,*,#2938,.T.);
#2938 = EDGE_CURVE('',#2916,#2818,#2939,.T.);
#2939 = SURFACE_CURVE('',#2940,(#2944,#2951),.PCURVE_S1.);
#2940 = LINE('',#2941,#2942);
#2941 = CARTESIAN_POINT('',(42.374198400939,-95.01177067239,0.));
#2942 = VECTOR('',#2943,1.);
#2943 = DIRECTION('',(0.981199651967,0.19299544808,-0.));
#2944 = PCURVE('',#435,#2945);
#2945 = DEFINITIONAL_REPRESENTATION('',(#2946),#2950);
#2946 = LINE('',#2947,#2948);
#2947 = CARTESIAN_POINT('',(20.648372494088,-4.5));
#2948 = VECTOR('',#2949,1.);
#2949 = DIRECTION('',(-1.,0.));
#2950 = ( GEOMETRIC_REPRESENTATION_CONTEXT(2) 
PARAMETRIC_REPRESENTATION_CONTEXT() REPRESENTATION_CONTEXT('2D SPACE',''
  ) );
#2951 = PCURVE('',#1948,#2952);
#2952 = DEFINITIONAL_REPRESENTATION('',(#2953),#2957);
#2953 = LINE('',#2954,#2955);
#2954 = CARTESIAN_POINT('',(42.374198400939,-95.01177067239));
#2955 = VECTOR('',#2956,1.);
#2956 = DIRECTION('',(0.981199651967,0.19299544808));
#2957 = ( GEOMETRIC_REPRESENTATION_CONTEXT(2) 
PARAMETRIC_REPRESENTATION_CONTEXT() REPRESENTATION_CONTEXT('2D SPACE',''
  ) );
#2958 = ORIENTED_EDGE('',*,*,#2817,.F.);
#2959 = ORIENTED_EDGE('',*,*,#419,.F.);
#2960 = ADVANCED_FACE('',(#2961),#1303,.T.);
#2961 = FACE_BOUND('',#2962,.F.);
#2962 = EDGE_LOOP('',(#2963,#2964,#2987,#3008));
#2963 = ORIENTED_EDGE('',*,*,#2866,.T.);
#2964 = ORIENTED_EDGE('',*,*,#2965,.T.);
#2965 = EDGE_CURVE('',#2867,#2966,#2968,.T.);
#2966 = VERTEX_POINT('',#2967);
#2967 = CARTESIAN_POINT('',(29.68785978264,68.21429272779,0.));
#2968 = SURFACE_CURVE('',#2969,(#2973,#2980),.PCURVE_S1.);
#2969 = LINE('',#2970,#2971);
#2970 = CARTESIAN_POINT('',(23.741958799383,68.21429272779,0.));
#2971 = VECTOR('',#2972,1.);
#2972 = DIRECTION('',(-1.,-0.,-0.));
#2973 = PCURVE('',#1303,#2974);
#2974 = DEFINITIONAL_REPRESENTATION('',(#2975),#2979);
#2975 = LINE('',#2976,#2977);
#2976 = CARTESIAN_POINT('',(-41.01459080999,-4.5));
#2977 = VECTOR('',#2978,1.);
#2978 = DIRECTION('',(-1.,0.));
#2979 = ( GEOMETRIC_REPRESENTATION_CONTEXT(2) 
PARAMETRIC_REPRESENTATION_CONTEXT() REPRESENTATION_CONTEXT('2D SPACE',''
  ) );
#2980 = PCURVE('',#1948,#2981);
#2981 = DEFINITIONAL_REPRESENTATION('',(#2982),#2986);
#2982 = LINE('',#2983,#2984);
#2983 = CARTESIAN_POINT('',(23.741958799383,68.21429272779));
#2984 = VECTOR('',#2985,1.);
#2985 = DIRECTION('',(-1.,0.));
#2986 = ( GEOMETRIC_REPRESENTATION_CONTEXT(2) 
PARAMETRIC_REPRESENTATION_CONTEXT() REPRESENTATION_CONTEXT('2D SPACE',''
  ) );
#2987 = ORIENTED_EDGE('',*,*,#2988,.F.);
#2988 = EDGE_CURVE('',#1260,#2966,#2989,.T.);
#2989 = SURFACE_CURVE('',#2990,(#2994,#3001),.PCURVE_S1.);
#2990 = LINE('',#2991,#2992);
#2991 = CARTESIAN_POINT('',(29.68785978264,68.21429272779,-4.5));
#2992 = VECTOR('',#2993,1.);
#2993 = DIRECTION('',(-0.,-0.,1.));
#2994 = PCURVE('',#1303,#2995);
#2995 = DEFINITIONAL_REPRESENTATION('',(#2996),#3000);
#2996 = LINE('',#2997,#2998);
#2997 = CARTESIAN_POINT('',(-35.06868982673,0.));
#2998 = VECTOR('',#2999,1.);
#2999 = DIRECTION('',(-0.,-1.));
#3000 = ( GEOMETRIC_REPRESENTATION_CONTEXT(2) 
PARAMETRIC_REPRESENTATION_CONTEXT() REPRESENTATION_CONTEXT('2D SPACE',''
  ) );
#3001 = PCURVE('',#1275,#3002);
#3002 = DEFINITIONAL_REPRESENTATION('',(#3003),#3007);
#3003 = LINE('',#3004,#3005);
#3004 = CARTESIAN_POINT('',(1.994784111442E-15,-8.881784197001E-16));
#3005 = VECTOR('',#3006,1.);
#3006 = DIRECTION('',(-0.,-1.));
#3007 = ( GEOMETRIC_REPRESENTATION_CONTEXT(2) 
PARAMETRIC_REPRESENTATION_CONTEXT() REPRESENTATION_CONTEXT('2D SPACE',''
  ) );
#3008 = ORIENTED_EDGE('',*,*,#1287,.F.);
#3009 = ADVANCED_FACE('',(#3010),#463,.F.);
#3010 = FACE_BOUND('',#3011,.T.);
#3011 = EDGE_LOOP('',(#3012,#3013,#3036,#3057));
#3012 = ORIENTED_EDGE('',*,*,#2915,.T.);
#3013 = ORIENTED_EDGE('',*,*,#3014,.T.);
#3014 = EDGE_CURVE('',#2916,#3015,#3017,.T.);
#3015 = VERTEX_POINT('',#3016);
#3016 = CARTESIAN_POINT('',(56.125976872606,-92.87938595439,0.));
#3017 = SURFACE_CURVE('',#3018,(#3022,#3029),.PCURVE_S1.);
#3018 = LINE('',#3019,#3020);
#3019 = CARTESIAN_POINT('',(46.260560190155,-95.68764025563,0.));
#3020 = VECTOR('',#3021,1.);
#3021 = DIRECTION('',(-0.961792244377,-0.273780347461,-0.));
#3022 = PCURVE('',#463,#3023);
#3023 = DEFINITIONAL_REPRESENTATION('',(#3024),#3028);
#3024 = LINE('',#3025,#3026);
#3025 = CARTESIAN_POINT('',(-17.02427339313,-4.5));
#3026 = VECTOR('',#3027,1.);
#3027 = DIRECTION('',(-1.,0.));
#3028 = ( GEOMETRIC_REPRESENTATION_CONTEXT(2) 
PARAMETRIC_REPRESENTATION_CONTEXT() REPRESENTATION_CONTEXT('2D SPACE',''
  ) );
#3029 = PCURVE('',#1948,#3030);
#3030 = DEFINITIONAL_REPRESENTATION('',(#3031),#3035);
#3031 = LINE('',#3032,#3033);
#3032 = CARTESIAN_POINT('',(46.260560190155,-95.68764025563));
#3033 = VECTOR('',#3034,1.);
#3034 = DIRECTION('',(-0.961792244377,-0.273780347461));
#3035 = ( GEOMETRIC_REPRESENTATION_CONTEXT(2) 
PARAMETRIC_REPRESENTATION_CONTEXT() REPRESENTATION_CONTEXT('2D SPACE',''
  ) );
#3036 = ORIENTED_EDGE('',*,*,#3037,.F.);
#3037 = EDGE_CURVE('',#448,#3015,#3038,.T.);
#3038 = SURFACE_CURVE('',#3039,(#3043,#3050),.PCURVE_S1.);
#3039 = LINE('',#3040,#3041);
#3040 = CARTESIAN_POINT('',(56.125976872606,-92.87938595439,-4.5));
#3041 = VECTOR('',#3042,1.);
#3042 = DIRECTION('',(-0.,-0.,1.));
#3043 = PCURVE('',#463,#3044);
#3044 = DEFINITIONAL_REPRESENTATION('',(#3045),#3049);
#3045 = LINE('',#3046,#3047);
#3046 = CARTESIAN_POINT('',(-6.766947302051,0.));
#3047 = VECTOR('',#3048,1.);
#3048 = DIRECTION('',(-0.,-1.));
#3049 = ( GEOMETRIC_REPRESENTATION_CONTEXT(2) 
PARAMETRIC_REPRESENTATION_CONTEXT() REPRESENTATION_CONTEXT('2D SPACE',''
  ) );
#3050 = PCURVE('',#491,#3051);
#3051 = DEFINITIONAL_REPRESENTATION('',(#3052),#3056);
#3052 = LINE('',#3053,#3054);
#3053 = CARTESIAN_POINT('',(-0.,0.));
#3054 = VECTOR('',#3055,1.);
#3055 = DIRECTION('',(-0.,-1.));
#3056 = ( GEOMETRIC_REPRESENTATION_CONTEXT(2) 
PARAMETRIC_REPRESENTATION_CONTEXT() REPRESENTATION_CONTEXT('2D SPACE',''
  ) );
#3057 = ORIENTED_EDGE('',*,*,#447,.F.);
#3058 = ADVANCED_FACE('',(#3059),#1275,.T.);
#3059 = FACE_BOUND('',#3060,.F.);
#3060 = EDGE_LOOP('',(#3061,#3062,#3085,#3106));
#3061 = ORIENTED_EDGE('',*,*,#2988,.T.);
#3062 = ORIENTED_EDGE('',*,*,#3063,.T.);
#3063 = EDGE_CURVE('',#2966,#3064,#3066,.T.);
#3064 = VERTEX_POINT('',#3065);
#3065 = CARTESIAN_POINT('',(27.77438593939,71.03429272779,0.));
#3066 = SURFACE_CURVE('',#3067,(#3071,#3078),.PCURVE_S1.);
#3067 = LINE('',#3068,#3069);
#3068 = CARTESIAN_POINT('',(40.612579164528,52.113885206875,
    -8.881784197001E-16));
#3069 = VECTOR('',#3070,1.);
#3070 = DIRECTION('',(-0.561481811311,0.82748907882,-0.));
#3071 = PCURVE('',#1275,#3072);
#3072 = DEFINITIONAL_REPRESENTATION('',(#3073),#3077);
#3073 = LINE('',#3074,#3075);
#3074 = CARTESIAN_POINT('',(19.456942614721,-4.5));
#3075 = VECTOR('',#3076,1.);
#3076 = DIRECTION('',(-1.,0.));
#3077 = ( GEOMETRIC_REPRESENTATION_CONTEXT(2) 
PARAMETRIC_REPRESENTATION_CONTEXT() REPRESENTATION_CONTEXT('2D SPACE',''
  ) );
#3078 = PCURVE('',#1948,#3079);
#3079 = DEFINITIONAL_REPRESENTATION('',(#3080),#3084);
#3080 = LINE('',#3081,#3082);
#3081 = CARTESIAN_POINT('',(40.612579164528,52.113885206875));
#3082 = VECTOR('',#3083,1.);
#3083 = DIRECTION('',(-0.561481811311,0.82748907882));
#3084 = ( GEOMETRIC_REPRESENTATION_CONTEXT(2) 
PARAMETRIC_REPRESENTATION_CONTEXT() REPRESENTATION_CONTEXT('2D SPACE',''
  ) );
#3085 = ORIENTED_EDGE('',*,*,#3086,.F.);
#3086 = EDGE_CURVE('',#1232,#3064,#3087,.T.);
#3087 = SURFACE_CURVE('',#3088,(#3092,#3099),.PCURVE_S1.);
#3088 = LINE('',#3089,#3090);
#3089 = CARTESIAN_POINT('',(27.77438593939,71.03429272779,-4.5));
#3090 = VECTOR('',#3091,1.);
#3091 = DIRECTION('',(-0.,-0.,1.));
#3092 = PCURVE('',#1275,#3093);
#3093 = DEFINITIONAL_REPRESENTATION('',(#3094),#3098);
#3094 = LINE('',#3095,#3096);
#3095 = CARTESIAN_POINT('',(-3.407899961677,-8.881784197001E-16));
#3096 = VECTOR('',#3097,1.);
#3097 = DIRECTION('',(-0.,-1.));
#3098 = ( GEOMETRIC_REPRESENTATION_CONTEXT(2) 
PARAMETRIC_REPRESENTATION_CONTEXT() REPRESENTATION_CONTEXT('2D SPACE',''
  ) );
#3099 = PCURVE('',#1247,#3100);
#3100 = DEFINITIONAL_REPRESENTATION('',(#3101),#3105);
#3101 = LINE('',#3102,#3103);
#3102 = CARTESIAN_POINT('',(-0.,-0.));
#3103 = VECTOR('',#3104,1.);
#3104 = DIRECTION('',(-0.,-1.));
#3105 = ( GEOMETRIC_REPRESENTATION_CONTEXT(2) 
PARAMETRIC_REPRESENTATION_CONTEXT() REPRESENTATION_CONTEXT('2D SPACE',''
  ) );
#3106 = ORIENTED_EDGE('',*,*,#1259,.F.);
#3107 = ADVANCED_FACE('',(#3108),#491,.F.);
#3108 = FACE_BOUND('',#3109,.T.);
#3109 = EDGE_LOOP('',(#3110,#3111,#3134,#3155));
#3110 = ORIENTED_EDGE('',*,*,#3037,.T.);
#3111 = ORIENTED_EDGE('',*,*,#3112,.T.);
#3112 = EDGE_CURVE('',#3015,#3113,#3115,.T.);
#3113 = VERTEX_POINT('',#3114);
#3114 = CARTESIAN_POINT('',(45.583241672591,-85.49728329399,0.));
#3115 = SURFACE_CURVE('',#3116,(#3120,#3127),.PCURVE_S1.);
#3116 = LINE('',#3117,#3118);
#3117 = CARTESIAN_POINT('',(13.20892880353,-62.82854537871,0.));
#3118 = VECTOR('',#3119,1.);
#3119 = DIRECTION('',(-0.819152044289,0.573576436351,-0.));
#3120 = PCURVE('',#491,#3121);
#3121 = DEFINITIONAL_REPRESENTATION('',(#3122),#3126);
#3122 = LINE('',#3123,#3124);
#3123 = CARTESIAN_POINT('',(-52.39204170738,-4.5));
#3124 = VECTOR('',#3125,1.);
#3125 = DIRECTION('',(-1.,0.));
#3126 = ( GEOMETRIC_REPRESENTATION_CONTEXT(2) 
PARAMETRIC_REPRESENTATION_CONTEXT() REPRESENTATION_CONTEXT('2D SPACE',''
  ) );
#3127 = PCURVE('',#1948,#3128);
#3128 = DEFINITIONAL_REPRESENTATION('',(#3129),#3133);
#3129 = LINE('',#3130,#3131);
#3130 = CARTESIAN_POINT('',(13.20892880353,-62.82854537871));
#3131 = VECTOR('',#3132,1.);
#3132 = DIRECTION('',(-0.819152044289,0.573576436351));
#3133 = ( GEOMETRIC_REPRESENTATION_CONTEXT(2) 
PARAMETRIC_REPRESENTATION_CONTEXT() REPRESENTATION_CONTEXT('2D SPACE',''
  ) );
#3134 = ORIENTED_EDGE('',*,*,#3135,.F.);
#3135 = EDGE_CURVE('',#476,#3113,#3136,.T.);
#3136 = SURFACE_CURVE('',#3137,(#3141,#3148),.PCURVE_S1.);
#3137 = LINE('',#3138,#3139);
#3138 = CARTESIAN_POINT('',(45.583241672591,-85.49728329399,-4.5));
#3139 = VECTOR('',#3140,1.);
#3140 = DIRECTION('',(-0.,-0.,1.));
#3141 = PCURVE('',#491,#3142);
#3142 = DEFINITIONAL_REPRESENTATION('',(#3143),#3147);
#3143 = LINE('',#3144,#3145);
#3144 = CARTESIAN_POINT('',(-12.87030322822,0.));
#3145 = VECTOR('',#3146,1.);
#3146 = DIRECTION('',(-0.,-1.));
#3147 = ( GEOMETRIC_REPRESENTATION_CONTEXT(2) 
PARAMETRIC_REPRESENTATION_CONTEXT() REPRESENTATION_CONTEXT('2D SPACE',''
  ) );
#3148 = PCURVE('',#519,#3149);
#3149 = DEFINITIONAL_REPRESENTATION('',(#3150),#3154);
#3150 = LINE('',#3151,#3152);
#3151 = CARTESIAN_POINT('',(1.587455696091E-14,-0.));
#3152 = VECTOR('',#3153,1.);
#3153 = DIRECTION('',(-0.,-1.));
#3154 = ( GEOMETRIC_REPRESENTATION_CONTEXT(2) 
PARAMETRIC_REPRESENTATION_CONTEXT() REPRESENTATION_CONTEXT('2D SPACE',''
  ) );
#3155 = ORIENTED_EDGE('',*,*,#475,.F.);
#3156 = ADVANCED_FACE('',(#3157),#1247,.T.);
#3157 = FACE_BOUND('',#3158,.F.);
#3158 = EDGE_LOOP('',(#3159,#3160,#3183,#3204));
#3159 = ORIENTED_EDGE('',*,*,#3086,.T.);
#3160 = ORIENTED_EDGE('',*,*,#3161,.T.);
#3161 = EDGE_CURVE('',#3064,#3162,#3164,.T.);
#3162 = VERTEX_POINT('',#3163);
#3163 = CARTESIAN_POINT('',(10.663170894173,71.03429272779,0.));
#3164 = SURFACE_CURVE('',#3165,(#3169,#3176),.PCURVE_S1.);
#3165 = LINE('',#3166,#3167);
#3166 = CARTESIAN_POINT('',(13.875360081352,71.03429272779,0.));
#3167 = VECTOR('',#3168,1.);
#3168 = DIRECTION('',(-1.,-0.,-0.));
#3169 = PCURVE('',#1247,#3170);
#3170 = DEFINITIONAL_REPRESENTATION('',(#3171),#3175);
#3171 = LINE('',#3172,#3173);
#3172 = CARTESIAN_POINT('',(-13.89902585803,-4.5));
#3173 = VECTOR('',#3174,1.);
#3174 = DIRECTION('',(-1.,0.));
#3175 = ( GEOMETRIC_REPRESENTATION_CONTEXT(2) 
PARAMETRIC_REPRESENTATION_CONTEXT() REPRESENTATION_CONTEXT('2D SPACE',''
  ) );
#3176 = PCURVE('',#1948,#3177);
#3177 = DEFINITIONAL_REPRESENTATION('',(#3178),#3182);
#3178 = LINE('',#3179,#3180);
#3179 = CARTESIAN_POINT('',(13.875360081352,71.03429272779));
#3180 = VECTOR('',#3181,1.);
#3181 = DIRECTION('',(-1.,0.));
#3182 = ( GEOMETRIC_REPRESENTATION_CONTEXT(2) 
PARAMETRIC_REPRESENTATION_CONTEXT() REPRESENTATION_CONTEXT('2D SPACE',''
  ) );
#3183 = ORIENTED_EDGE('',*,*,#3184,.F.);
#3184 = EDGE_CURVE('',#1204,#3162,#3185,.T.);
#3185 = SURFACE_CURVE('',#3186,(#3190,#3197),.PCURVE_S1.);
#3186 = LINE('',#3187,#3188);
#3187 = CARTESIAN_POINT('',(10.663170894173,71.03429272779,-4.5));
#3188 = VECTOR('',#3189,1.);
#3189 = DIRECTION('',(-0.,-0.,1.));
#3190 = PCURVE('',#1247,#3191);
#3191 = DEFINITIONAL_REPRESENTATION('',(#3192),#3196);
#3192 = LINE('',#3193,#3194);
#3193 = CARTESIAN_POINT('',(-17.11121504521,0.));
#3194 = VECTOR('',#3195,1.);
#3195 = DIRECTION('',(-0.,-1.));
#3196 = ( GEOMETRIC_REPRESENTATION_CONTEXT(2) 
PARAMETRIC_REPRESENTATION_CONTEXT() REPRESENTATION_CONTEXT('2D SPACE',''
  ) );
#3197 = PCURVE('',#1219,#3198);
#3198 = DEFINITIONAL_REPRESENTATION('',(#3199),#3203);
#3199 = LINE('',#3200,#3201);
#3200 = CARTESIAN_POINT('',(-2.947231585355E-15,0.));
#3201 = VECTOR('',#3202,1.);
#3202 = DIRECTION('',(-0.,-1.));
#3203 = ( GEOMETRIC_REPRESENTATION_CONTEXT(2) 
PARAMETRIC_REPRESENTATION_CONTEXT() REPRESENTATION_CONTEXT('2D SPACE',''
  ) );
#3204 = ORIENTED_EDGE('',*,*,#1231,.F.);
#3205 = ADVANCED_FACE('',(#3206),#519,.F.);
#3206 = FACE_BOUND('',#3207,.T.);
#3207 = EDGE_LOOP('',(#3208,#3209,#3232,#3253));
#3208 = ORIENTED_EDGE('',*,*,#3135,.T.);
#3209 = ORIENTED_EDGE('',*,*,#3210,.T.);
#3210 = EDGE_CURVE('',#3113,#3211,#3213,.T.);
#3211 = VERTEX_POINT('',#3212);
#3212 = CARTESIAN_POINT('',(45.529855832027,-85.59382724265,0.));
#3213 = SURFACE_CURVE('',#3214,(#3218,#3225),.PCURVE_S1.);
#3214 = LINE('',#3215,#3216);
#3215 = CARTESIAN_POINT('',(59.403377612954,-60.50469198774,0.));
#3216 = VECTOR('',#3217,1.);
#3217 = DIRECTION('',(-0.483912503178,-0.875116386127,-0.));
#3218 = PCURVE('',#519,#3219);
#3219 = DEFINITIONAL_REPRESENTATION('',(#3220),#3224);
#3220 = LINE('',#3221,#3222);
#3221 = CARTESIAN_POINT('',(28.559162761036,-4.5));
#3222 = VECTOR('',#3223,1.);
#3223 = DIRECTION('',(-1.,0.));
#3224 = ( GEOMETRIC_REPRESENTATION_CONTEXT(2) 
PARAMETRIC_REPRESENTATION_CONTEXT() REPRESENTATION_CONTEXT('2D SPACE',''
  ) );
#3225 = PCURVE('',#1948,#3226);
#3226 = DEFINITIONAL_REPRESENTATION('',(#3227),#3231);
#3227 = LINE('',#3228,#3229);
#3228 = CARTESIAN_POINT('',(59.403377612954,-60.50469198774));
#3229 = VECTOR('',#3230,1.);
#3230 = DIRECTION('',(-0.483912503178,-0.875116386127));
#3231 = ( GEOMETRIC_REPRESENTATION_CONTEXT(2) 
PARAMETRIC_REPRESENTATION_CONTEXT() REPRESENTATION_CONTEXT('2D SPACE',''
  ) );
#3232 = ORIENTED_EDGE('',*,*,#3233,.F.);
#3233 = EDGE_CURVE('',#504,#3211,#3234,.T.);
#3234 = SURFACE_CURVE('',#3235,(#3239,#3246),.PCURVE_S1.);
#3235 = LINE('',#3236,#3237);
#3236 = CARTESIAN_POINT('',(45.529855832027,-85.59382724265,-4.5));
#3237 = VECTOR('',#3238,1.);
#3238 = DIRECTION('',(-0.,-0.,1.));
#3239 = PCURVE('',#519,#3240);
#3240 = DEFINITIONAL_REPRESENTATION('',(#3241),#3245);
#3241 = LINE('',#3242,#3243);
#3242 = CARTESIAN_POINT('',(-0.110321267198,0.));
#3243 = VECTOR('',#3244,1.);
#3244 = DIRECTION('',(-0.,-1.));
#3245 = ( GEOMETRIC_REPRESENTATION_CONTEXT(2) 
PARAMETRIC_REPRESENTATION_CONTEXT() REPRESENTATION_CONTEXT('2D SPACE',''
  ) );
#3246 = PCURVE('',#547,#3247);
#3247 = DEFINITIONAL_REPRESENTATION('',(#3248),#3252);
#3248 = LINE('',#3249,#3250);
#3249 = CARTESIAN_POINT('',(-16.66113784748,0.));
#3250 = VECTOR('',#3251,1.);
#3251 = DIRECTION('',(-0.,-1.));
#3252 = ( GEOMETRIC_REPRESENTATION_CONTEXT(2) 
PARAMETRIC_REPRESENTATION_CONTEXT() REPRESENTATION_CONTEXT('2D SPACE',''
  ) );
#3253 = ORIENTED_EDGE('',*,*,#503,.F.);
#3254 = ADVANCED_FACE('',(#3255),#1219,.T.);
#3255 = FACE_BOUND('',#3256,.F.);
#3256 = EDGE_LOOP('',(#3257,#3258,#3281,#3302));
#3257 = ORIENTED_EDGE('',*,*,#3184,.T.);
#3258 = ORIENTED_EDGE('',*,*,#3259,.T.);
#3259 = EDGE_CURVE('',#3162,#3260,#3262,.T.);
#3260 = VERTEX_POINT('',#3261);
#3261 = CARTESIAN_POINT('',(6.473712618088,68.21429272779,0.));
#3262 = SURFACE_CURVE('',#3263,(#3267,#3274),.PCURVE_S1.);
#3263 = LINE('',#3264,#3265);
#3264 = CARTESIAN_POINT('',(-10.02677010639,57.107519914546,0.));
#3265 = VECTOR('',#3266,1.);
#3266 = DIRECTION('',(-0.829571941849,-0.558399850732,-0.));
#3267 = PCURVE('',#1219,#3268);
#3268 = DEFINITIONAL_REPRESENTATION('',(#3269),#3273);
#3269 = LINE('',#3270,#3271);
#3270 = CARTESIAN_POINT('',(-24.94050239266,-4.5));
#3271 = VECTOR('',#3272,1.);
#3272 = DIRECTION('',(-1.,0.));
#3273 = ( GEOMETRIC_REPRESENTATION_CONTEXT(2) 
PARAMETRIC_REPRESENTATION_CONTEXT() REPRESENTATION_CONTEXT('2D SPACE',''
  ) );
#3274 = PCURVE('',#1948,#3275);
#3275 = DEFINITIONAL_REPRESENTATION('',(#3276),#3280);
#3276 = LINE('',#3277,#3278);
#3277 = CARTESIAN_POINT('',(-10.02677010639,57.107519914546));
#3278 = VECTOR('',#3279,1.);
#3279 = DIRECTION('',(-0.829571941849,-0.558399850732));
#3280 = ( GEOMETRIC_REPRESENTATION_CONTEXT(2) 
PARAMETRIC_REPRESENTATION_CONTEXT() REPRESENTATION_CONTEXT('2D SPACE',''
  ) );
#3281 = ORIENTED_EDGE('',*,*,#3282,.F.);
#3282 = EDGE_CURVE('',#1176,#3260,#3283,.T.);
#3283 = SURFACE_CURVE('',#3284,(#3288,#3295),.PCURVE_S1.);
#3284 = LINE('',#3285,#3286);
#3285 = CARTESIAN_POINT('',(6.473712618088,68.21429272779,-4.5));
#3286 = VECTOR('',#3287,1.);
#3287 = DIRECTION('',(-0.,-0.,1.));
#3288 = PCURVE('',#1219,#3289);
#3289 = DEFINITIONAL_REPRESENTATION('',(#3290),#3294);
#3290 = LINE('',#3291,#3292);
#3291 = CARTESIAN_POINT('',(-5.05014461645,0.));
#3292 = VECTOR('',#3293,1.);
#3293 = DIRECTION('',(-0.,-1.));
#3294 = ( GEOMETRIC_REPRESENTATION_CONTEXT(2) 
PARAMETRIC_REPRESENTATION_CONTEXT() REPRESENTATION_CONTEXT('2D SPACE',''
  ) );
#3295 = PCURVE('',#1191,#3296);
#3296 = DEFINITIONAL_REPRESENTATION('',(#3297),#3301);
#3297 = LINE('',#3298,#3299);
#3298 = CARTESIAN_POINT('',(-17.46334833845,0.));
#3299 = VECTOR('',#3300,1.);
#3300 = DIRECTION('',(-0.,-1.));
#3301 = ( GEOMETRIC_REPRESENTATION_CONTEXT(2) 
PARAMETRIC_REPRESENTATION_CONTEXT() REPRESENTATION_CONTEXT('2D SPACE',''
  ) );
#3302 = ORIENTED_EDGE('',*,*,#1203,.F.);
#3303 = ADVANCED_FACE('',(#3304),#547,.T.);
#3304 = FACE_BOUND('',#3305,.F.);
#3305 = EDGE_LOOP('',(#3306,#3329,#3350,#3351));
#3306 = ORIENTED_EDGE('',*,*,#3307,.T.);
#3307 = EDGE_CURVE('',#532,#3308,#3310,.T.);
#3308 = VERTEX_POINT('',#3309);
#3309 = CARTESIAN_POINT('',(30.429736859957,-78.55252612692,0.));
#3310 = SURFACE_CURVE('',#3311,(#3315,#3322),.PCURVE_S1.);
#3311 = LINE('',#3312,#3313);
#3312 = CARTESIAN_POINT('',(30.429736859957,-78.55252612692,-4.5));
#3313 = VECTOR('',#3314,1.);
#3314 = DIRECTION('',(-0.,-0.,1.));
#3315 = PCURVE('',#547,#3316);
#3316 = DEFINITIONAL_REPRESENTATION('',(#3317),#3321);
#3317 = LINE('',#3318,#3319);
#3318 = CARTESIAN_POINT('',(-6.439704144417E-15,-0.));
#3319 = VECTOR('',#3320,1.);
#3320 = DIRECTION('',(-0.,-1.));
#3321 = ( GEOMETRIC_REPRESENTATION_CONTEXT(2) 
PARAMETRIC_REPRESENTATION_CONTEXT() REPRESENTATION_CONTEXT('2D SPACE',''
  ) );
#3322 = PCURVE('',#575,#3323);
#3323 = DEFINITIONAL_REPRESENTATION('',(#3324),#3328);
#3324 = LINE('',#3325,#3326);
#3325 = CARTESIAN_POINT('',(-2.317262251216E-15,0.));
#3326 = VECTOR('',#3327,1.);
#3327 = DIRECTION('',(-0.,-1.));
#3328 = ( GEOMETRIC_REPRESENTATION_CONTEXT(2) 
PARAMETRIC_REPRESENTATION_CONTEXT() REPRESENTATION_CONTEXT('2D SPACE',''
  ) );
#3329 = ORIENTED_EDGE('',*,*,#3330,.T.);
#3330 = EDGE_CURVE('',#3308,#3211,#3331,.T.);
#3331 = SURFACE_CURVE('',#3332,(#3336,#3343),.PCURVE_S1.);
#3332 = LINE('',#3333,#3334);
#3333 = CARTESIAN_POINT('',(2.919924585734,-65.72448998905,0.));
#3334 = VECTOR('',#3335,1.);
#3335 = DIRECTION('',(0.906307787037,-0.422618261741,0.));
#3336 = PCURVE('',#547,#3337);
#3337 = DEFINITIONAL_REPRESENTATION('',(#3338),#3342);
#3338 = LINE('',#3339,#3340);
#3339 = CARTESIAN_POINT('',(30.353719418181,-4.5));
#3340 = VECTOR('',#3341,1.);
#3341 = DIRECTION('',(-1.,0.));
#3342 = ( GEOMETRIC_REPRESENTATION_CONTEXT(2) 
PARAMETRIC_REPRESENTATION_CONTEXT() REPRESENTATION_CONTEXT('2D SPACE',''
  ) );
#3343 = PCURVE('',#1948,#3344);
#3344 = DEFINITIONAL_REPRESENTATION('',(#3345),#3349);
#3345 = LINE('',#3346,#3347);
#3346 = CARTESIAN_POINT('',(2.919924585734,-65.72448998905));
#3347 = VECTOR('',#3348,1.);
#3348 = DIRECTION('',(0.906307787037,-0.422618261741));
#3349 = ( GEOMETRIC_REPRESENTATION_CONTEXT(2) 
PARAMETRIC_REPRESENTATION_CONTEXT() REPRESENTATION_CONTEXT('2D SPACE',''
  ) );
#3350 = ORIENTED_EDGE('',*,*,#3233,.F.);
#3351 = ORIENTED_EDGE('',*,*,#531,.F.);
#3352 = ADVANCED_FACE('',(#3353),#1191,.F.);
#3353 = FACE_BOUND('',#3354,.T.);
#3354 = EDGE_LOOP('',(#3355,#3378,#3399,#3400));
#3355 = ORIENTED_EDGE('',*,*,#3356,.T.);
#3356 = EDGE_CURVE('',#1148,#3357,#3359,.T.);
#3357 = VERTEX_POINT('',#3358);
#3358 = CARTESIAN_POINT('',(-10.98963572036,68.21429272779,0.));
#3359 = SURFACE_CURVE('',#3360,(#3364,#3371),.PCURVE_S1.);
#3360 = LINE('',#3361,#3362);
#3361 = CARTESIAN_POINT('',(-10.98963572036,68.21429272779,-4.5));
#3362 = VECTOR('',#3363,1.);
#3363 = DIRECTION('',(-0.,-0.,1.));
#3364 = PCURVE('',#1191,#3365);
#3365 = DEFINITIONAL_REPRESENTATION('',(#3366),#3370);
#3366 = LINE('',#3367,#3368);
#3367 = CARTESIAN_POINT('',(-0.,0.));
#3368 = VECTOR('',#3369,1.);
#3369 = DIRECTION('',(-0.,-1.));
#3370 = ( GEOMETRIC_REPRESENTATION_CONTEXT(2) 
PARAMETRIC_REPRESENTATION_CONTEXT() REPRESENTATION_CONTEXT('2D SPACE',''
  ) );
#3371 = PCURVE('',#1163,#3372);
#3372 = DEFINITIONAL_REPRESENTATION('',(#3373),#3377);
#3373 = LINE('',#3374,#3375);
#3374 = CARTESIAN_POINT('',(-1.047139684138E-15,0.));
#3375 = VECTOR('',#3376,1.);
#3376 = DIRECTION('',(-0.,-1.));
#3377 = ( GEOMETRIC_REPRESENTATION_CONTEXT(2) 
PARAMETRIC_REPRESENTATION_CONTEXT() REPRESENTATION_CONTEXT('2D SPACE',''
  ) );
#3378 = ORIENTED_EDGE('',*,*,#3379,.T.);
#3379 = EDGE_CURVE('',#3357,#3260,#3380,.T.);
#3380 = SURFACE_CURVE('',#3381,(#3385,#3392),.PCURVE_S1.);
#3381 = LINE('',#3382,#3383);
#3382 = CARTESIAN_POINT('',(0.543204192858,68.21429272779,0.));
#3383 = VECTOR('',#3384,1.);
#3384 = DIRECTION('',(1.,-0.,-0.));
#3385 = PCURVE('',#1191,#3386);
#3386 = DEFINITIONAL_REPRESENTATION('',(#3387),#3391);
#3387 = LINE('',#3388,#3389);
#3388 = CARTESIAN_POINT('',(-11.53283991322,-4.5));
#3389 = VECTOR('',#3390,1.);
#3390 = DIRECTION('',(-1.,0.));
#3391 = ( GEOMETRIC_REPRESENTATION_CONTEXT(2) 
PARAMETRIC_REPRESENTATION_CONTEXT() REPRESENTATION_CONTEXT('2D SPACE',''
  ) );
#3392 = PCURVE('',#1948,#3393);
#3393 = DEFINITIONAL_REPRESENTATION('',(#3394),#3398);
#3394 = LINE('',#3395,#3396);
#3395 = CARTESIAN_POINT('',(0.543204192858,68.21429272779));
#3396 = VECTOR('',#3397,1.);
#3397 = DIRECTION('',(1.,-0.));
#3398 = ( GEOMETRIC_REPRESENTATION_CONTEXT(2) 
PARAMETRIC_REPRESENTATION_CONTEXT() REPRESENTATION_CONTEXT('2D SPACE',''
  ) );
#3399 = ORIENTED_EDGE('',*,*,#3282,.F.);
#3400 = ORIENTED_EDGE('',*,*,#1175,.F.);
#3401 = ADVANCED_FACE('',(#3402),#575,.F.);
#3402 = FACE_BOUND('',#3403,.T.);
#3403 = EDGE_LOOP('',(#3404,#3405,#3428,#3449));
#3404 = ORIENTED_EDGE('',*,*,#3307,.T.);
#3405 = ORIENTED_EDGE('',*,*,#3406,.T.);
#3406 = EDGE_CURVE('',#3308,#3407,#3409,.T.);
#3407 = VERTEX_POINT('',#3408);
#3408 = CARTESIAN_POINT('',(29.328313442332,-77.27252569279,0.));
#3409 = SURFACE_CURVE('',#3410,(#3414,#3421),.PCURVE_S1.);
#3410 = LINE('',#3411,#3412);
#3411 = CARTESIAN_POINT('',(4.399626261564,-48.30207717757,0.));
#3412 = VECTOR('',#3413,1.);
#3413 = DIRECTION('',(-0.652251338193,0.758002765051,-0.));
#3414 = PCURVE('',#575,#3415);
#3415 = DEFINITIONAL_REPRESENTATION('',(#3416),#3420);
#3416 = LINE('',#3417,#3418);
#3417 = CARTESIAN_POINT('',(-39.90809841876,-4.5));
#3418 = VECTOR('',#3419,1.);
#3419 = DIRECTION('',(-1.,0.));
#3420 = ( GEOMETRIC_REPRESENTATION_CONTEXT(2) 
PARAMETRIC_REPRESENTATION_CONTEXT() REPRESENTATION_CONTEXT('2D SPACE',''
  ) );
#3421 = PCURVE('',#1948,#3422);
#3422 = DEFINITIONAL_REPRESENTATION('',(#3423),#3427);
#3423 = LINE('',#3424,#3425);
#3424 = CARTESIAN_POINT('',(4.399626261564,-48.30207717757));
#3425 = VECTOR('',#3426,1.);
#3426 = DIRECTION('',(-0.652251338193,0.758002765051));
#3427 = ( GEOMETRIC_REPRESENTATION_CONTEXT(2) 
PARAMETRIC_REPRESENTATION_CONTEXT() REPRESENTATION_CONTEXT('2D SPACE',''
  ) );
#3428 = ORIENTED_EDGE('',*,*,#3429,.F.);
#3429 = EDGE_CURVE('',#560,#3407,#3430,.T.);
#3430 = SURFACE_CURVE('',#3431,(#3435,#3442),.PCURVE_S1.);
#3431 = LINE('',#3432,#3433);
#3432 = CARTESIAN_POINT('',(29.328313442332,-77.27252569279,-4.5));
#3433 = VECTOR('',#3434,1.);
#3434 = DIRECTION('',(-0.,-0.,1.));
#3435 = PCURVE('',#575,#3436);
#3436 = DEFINITIONAL_REPRESENTATION('',(#3437),#3441);
#3437 = LINE('',#3438,#3439);
#3438 = CARTESIAN_POINT('',(-1.688648766402,0.));
#3439 = VECTOR('',#3440,1.);
#3440 = DIRECTION('',(-0.,-1.));
#3441 = ( GEOMETRIC_REPRESENTATION_CONTEXT(2) 
PARAMETRIC_REPRESENTATION_CONTEXT() REPRESENTATION_CONTEXT('2D SPACE',''
  ) );
#3442 = PCURVE('',#603,#3443);
#3443 = DEFINITIONAL_REPRESENTATION('',(#3444),#3448);
#3444 = LINE('',#3445,#3446);
#3445 = CARTESIAN_POINT('',(-18.64160515568,0.));
#3446 = VECTOR('',#3447,1.);
#3447 = DIRECTION('',(-0.,-1.));
#3448 = ( GEOMETRIC_REPRESENTATION_CONTEXT(2) 
PARAMETRIC_REPRESENTATION_CONTEXT() REPRESENTATION_CONTEXT('2D SPACE',''
  ) );
#3449 = ORIENTED_EDGE('',*,*,#559,.F.);
#3450 = ADVANCED_FACE('',(#3451),#1163,.T.);
#3451 = FACE_BOUND('',#3452,.F.);
#3452 = EDGE_LOOP('',(#3453,#3454,#3477,#3498));
#3453 = ORIENTED_EDGE('',*,*,#3356,.T.);
#3454 = ORIENTED_EDGE('',*,*,#3455,.T.);
#3455 = EDGE_CURVE('',#3357,#3456,#3458,.T.);
#3456 = VERTEX_POINT('',#3457);
#3457 = CARTESIAN_POINT('',(-15.36822089025,62.21429272779,0.));
#3458 = SURFACE_CURVE('',#3459,(#3463,#3470),.PCURVE_S1.);
#3459 = LINE('',#3460,#3461);
#3460 = CARTESIAN_POINT('',(-26.92247257154,46.381436360297,0.));
#3461 = VECTOR('',#3462,1.);
#3462 = DIRECTION('',(-0.589487236411,-0.807777691019,-0.));
#3463 = PCURVE('',#1163,#3464);
#3464 = DEFINITIONAL_REPRESENTATION('',(#3465),#3469);
#3465 = LINE('',#3466,#3467);
#3466 = CARTESIAN_POINT('',(-27.02829826848,-4.5));
#3467 = VECTOR('',#3468,1.);
#3468 = DIRECTION('',(-1.,0.));
#3469 = ( GEOMETRIC_REPRESENTATION_CONTEXT(2) 
PARAMETRIC_REPRESENTATION_CONTEXT() REPRESENTATION_CONTEXT('2D SPACE',''
  ) );
#3470 = PCURVE('',#1948,#3471);
#3471 = DEFINITIONAL_REPRESENTATION('',(#3472),#3476);
#3472 = LINE('',#3473,#3474);
#3473 = CARTESIAN_POINT('',(-26.92247257154,46.381436360297));
#3474 = VECTOR('',#3475,1.);
#3475 = DIRECTION('',(-0.589487236411,-0.807777691019));
#3476 = ( GEOMETRIC_REPRESENTATION_CONTEXT(2) 
PARAMETRIC_REPRESENTATION_CONTEXT() REPRESENTATION_CONTEXT('2D SPACE',''
  ) );
#3477 = ORIENTED_EDGE('',*,*,#3478,.F.);
#3478 = EDGE_CURVE('',#1120,#3456,#3479,.T.);
#3479 = SURFACE_CURVE('',#3480,(#3484,#3491),.PCURVE_S1.);
#3480 = LINE('',#3481,#3482);
#3481 = CARTESIAN_POINT('',(-15.36822089025,62.21429272779,-4.5));
#3482 = VECTOR('',#3483,1.);
#3483 = DIRECTION('',(-0.,-0.,1.));
#3484 = PCURVE('',#1163,#3485);
#3485 = DEFINITIONAL_REPRESENTATION('',(#3486),#3490);
#3486 = LINE('',#3487,#3488);
#3487 = CARTESIAN_POINT('',(-7.427786217306,0.));
#3488 = VECTOR('',#3489,1.);
#3489 = DIRECTION('',(-0.,-1.));
#3490 = ( GEOMETRIC_REPRESENTATION_CONTEXT(2) 
PARAMETRIC_REPRESENTATION_CONTEXT() REPRESENTATION_CONTEXT('2D SPACE',''
  ) );
#3491 = PCURVE('',#1135,#3492);
#3492 = DEFINITIONAL_REPRESENTATION('',(#3493),#3497);
#3493 = LINE('',#3494,#3495);
#3494 = CARTESIAN_POINT('',(-0.,-0.));
#3495 = VECTOR('',#3496,1.);
#3496 = DIRECTION('',(-0.,-1.));
#3497 = ( GEOMETRIC_REPRESENTATION_CONTEXT(2) 
PARAMETRIC_REPRESENTATION_CONTEXT() REPRESENTATION_CONTEXT('2D SPACE',''
  ) );
#3498 = ORIENTED_EDGE('',*,*,#1147,.F.);
#3499 = ADVANCED_FACE('',(#3500),#603,.T.);
#3500 = FACE_BOUND('',#3501,.F.);
#3501 = EDGE_LOOP('',(#3502,#3525,#3546,#3547));
#3502 = ORIENTED_EDGE('',*,*,#3503,.T.);
#3503 = EDGE_CURVE('',#588,#3504,#3506,.T.);
#3504 = VERTEX_POINT('',#3505);
#3505 = CARTESIAN_POINT('',(26.354396596922,-58.86966555158,0.));
#3506 = SURFACE_CURVE('',#3507,(#3511,#3518),.PCURVE_S1.);
#3507 = LINE('',#3508,#3509);
#3508 = CARTESIAN_POINT('',(26.354396596922,-58.86966555158,-4.5));
#3509 = VECTOR('',#3510,1.);
#3510 = DIRECTION('',(-0.,-0.,1.));
#3511 = PCURVE('',#603,#3512);
#3512 = DEFINITIONAL_REPRESENTATION('',(#3513),#3517);
#3513 = LINE('',#3514,#3515);
#3514 = CARTESIAN_POINT('',(-0.,-0.));
#3515 = VECTOR('',#3516,1.);
#3516 = DIRECTION('',(-0.,-1.));
#3517 = ( GEOMETRIC_REPRESENTATION_CONTEXT(2) 
PARAMETRIC_REPRESENTATION_CONTEXT() REPRESENTATION_CONTEXT('2D SPACE',''
  ) );
#3518 = PCURVE('',#631,#3519);
#3519 = DEFINITIONAL_REPRESENTATION('',(#3520),#3524);
#3520 = LINE('',#3521,#3522);
#3521 = CARTESIAN_POINT('',(-0.,-0.));
#3522 = VECTOR('',#3523,1.);
#3523 = DIRECTION('',(-0.,-1.));
#3524 = ( GEOMETRIC_REPRESENTATION_CONTEXT(2) 
PARAMETRIC_REPRESENTATION_CONTEXT() REPRESENTATION_CONTEXT('2D SPACE',''
  ) );
#3525 = ORIENTED_EDGE('',*,*,#3526,.T.);
#3526 = EDGE_CURVE('',#3504,#3407,#3527,.T.);
#3527 = SURFACE_CURVE('',#3528,(#3532,#3539),.PCURVE_S1.);
#3528 = LINE('',#3529,#3530);
#3529 = CARTESIAN_POINT('',(22.327111985819,-33.9484726267,0.));
#3530 = VECTOR('',#3531,1.);
#3531 = DIRECTION('',(0.159531157353,-0.987192893934,0.));
#3532 = PCURVE('',#603,#3533);
#3533 = DEFINITIONAL_REPRESENTATION('',(#3534),#3538);
#3534 = LINE('',#3535,#3536);
#3535 = CARTESIAN_POINT('',(25.244501938795,-4.5));
#3536 = VECTOR('',#3537,1.);
#3537 = DIRECTION('',(-1.,0.));
#3538 = ( GEOMETRIC_REPRESENTATION_CONTEXT(2) 
PARAMETRIC_REPRESENTATION_CONTEXT() REPRESENTATION_CONTEXT('2D SPACE',''
  ) );
#3539 = PCURVE('',#1948,#3540);
#3540 = DEFINITIONAL_REPRESENTATION('',(#3541),#3545);
#3541 = LINE('',#3542,#3543);
#3542 = CARTESIAN_POINT('',(22.327111985819,-33.9484726267));
#3543 = VECTOR('',#3544,1.);
#3544 = DIRECTION('',(0.159531157353,-0.987192893934));
#3545 = ( GEOMETRIC_REPRESENTATION_CONTEXT(2) 
PARAMETRIC_REPRESENTATION_CONTEXT() REPRESENTATION_CONTEXT('2D SPACE',''
  ) );
#3546 = ORIENTED_EDGE('',*,*,#3429,.F.);
#3547 = ORIENTED_EDGE('',*,*,#587,.F.);
#3548 = ADVANCED_FACE('',(#3549),#1135,.T.);
#3549 = FACE_BOUND('',#3550,.F.);
#3550 = EDGE_LOOP('',(#3551,#3552,#3575,#3596));
#3551 = ORIENTED_EDGE('',*,*,#3478,.T.);
#3552 = ORIENTED_EDGE('',*,*,#3553,.T.);
#3553 = EDGE_CURVE('',#3456,#3554,#3556,.T.);
#3554 = VERTEX_POINT('',#3555);
#3555 = CARTESIAN_POINT('',(-54.31153806364,62.21429272779,0.));
#3556 = SURFACE_CURVE('',#3557,(#3561,#3568),.PCURVE_S1.);
#3557 = LINE('',#3558,#3559);
#3558 = CARTESIAN_POINT('',(-24.24237031963,62.21429272779,0.));
#3559 = VECTOR('',#3560,1.);
#3560 = DIRECTION('',(-1.,-0.,-0.));
#3561 = PCURVE('',#1135,#3562);
#3562 = DEFINITIONAL_REPRESENTATION('',(#3563),#3567);
#3563 = LINE('',#3564,#3565);
#3564 = CARTESIAN_POINT('',(-8.874149429376,-4.5));
#3565 = VECTOR('',#3566,1.);
#3566 = DIRECTION('',(-1.,0.));
#3567 = ( GEOMETRIC_REPRESENTATION_CONTEXT(2) 
PARAMETRIC_REPRESENTATION_CONTEXT() REPRESENTATION_CONTEXT('2D SPACE',''
  ) );
#3568 = PCURVE('',#1948,#3569);
#3569 = DEFINITIONAL_REPRESENTATION('',(#3570),#3574);
#3570 = LINE('',#3571,#3572);
#3571 = CARTESIAN_POINT('',(-24.24237031963,62.21429272779));
#3572 = VECTOR('',#3573,1.);
#3573 = DIRECTION('',(-1.,0.));
#3574 = ( GEOMETRIC_REPRESENTATION_CONTEXT(2) 
PARAMETRIC_REPRESENTATION_CONTEXT() REPRESENTATION_CONTEXT('2D SPACE',''
  ) );
#3575 = ORIENTED_EDGE('',*,*,#3576,.F.);
#3576 = EDGE_CURVE('',#1092,#3554,#3577,.T.);
#3577 = SURFACE_CURVE('',#3578,(#3582,#3589),.PCURVE_S1.);
#3578 = LINE('',#3579,#3580);
#3579 = CARTESIAN_POINT('',(-54.31153806364,62.21429272779,-4.5));
#3580 = VECTOR('',#3581,1.);
#3581 = DIRECTION('',(-0.,-0.,1.));
#3582 = PCURVE('',#1135,#3583);
#3583 = DEFINITIONAL_REPRESENTATION('',(#3584),#3588);
#3584 = LINE('',#3585,#3586);
#3585 = CARTESIAN_POINT('',(-38.94331717339,0.));
#3586 = VECTOR('',#3587,1.);
#3587 = DIRECTION('',(-0.,-1.));
#3588 = ( GEOMETRIC_REPRESENTATION_CONTEXT(2) 
PARAMETRIC_REPRESENTATION_CONTEXT() REPRESENTATION_CONTEXT('2D SPACE',''
  ) );
#3589 = PCURVE('',#1107,#3590);
#3590 = DEFINITIONAL_REPRESENTATION('',(#3591),#3595);
#3591 = LINE('',#3592,#3593);
#3592 = CARTESIAN_POINT('',(-0.,-0.));
#3593 = VECTOR('',#3594,1.);
#3594 = DIRECTION('',(-0.,-1.));
#3595 = ( GEOMETRIC_REPRESENTATION_CONTEXT(2) 
PARAMETRIC_REPRESENTATION_CONTEXT() REPRESENTATION_CONTEXT('2D SPACE',''
  ) );
#3596 = ORIENTED_EDGE('',*,*,#1119,.F.);
#3597 = ADVANCED_FACE('',(#3598),#631,.F.);
#3598 = FACE_BOUND('',#3599,.T.);
#3599 = EDGE_LOOP('',(#3600,#3601,#3624,#3645));
#3600 = ORIENTED_EDGE('',*,*,#3503,.T.);
#3601 = ORIENTED_EDGE('',*,*,#3602,.T.);
#3602 = EDGE_CURVE('',#3504,#3603,#3605,.T.);
#3603 = VERTEX_POINT('',#3604);
#3604 = CARTESIAN_POINT('',(6.570731219968,-68.21429272779,0.));
#3605 = SURFACE_CURVE('',#3606,(#3610,#3617),.PCURVE_S1.);
#3606 = LINE('',#3607,#3608);
#3607 = CARTESIAN_POINT('',(20.406175522587,-61.67925150252,0.));
#3608 = VECTOR('',#3609,1.);
#3609 = DIRECTION('',(-0.904207334139,-0.427093779971,-0.));
#3610 = PCURVE('',#631,#3611);
#3611 = DEFINITIONAL_REPRESENTATION('',(#3612),#3616);
#3612 = LINE('',#3613,#3614);
#3613 = CARTESIAN_POINT('',(-6.578381804436,-4.5));
#3614 = VECTOR('',#3615,1.);
#3615 = DIRECTION('',(-1.,0.));
#3616 = ( GEOMETRIC_REPRESENTATION_CONTEXT(2) 
PARAMETRIC_REPRESENTATION_CONTEXT() REPRESENTATION_CONTEXT('2D SPACE',''
  ) );
#3617 = PCURVE('',#1948,#3618);
#3618 = DEFINITIONAL_REPRESENTATION('',(#3619),#3623);
#3619 = LINE('',#3620,#3621);
#3620 = CARTESIAN_POINT('',(20.406175522587,-61.67925150252));
#3621 = VECTOR('',#3622,1.);
#3622 = DIRECTION('',(-0.904207334139,-0.427093779971));
#3623 = ( GEOMETRIC_REPRESENTATION_CONTEXT(2) 
PARAMETRIC_REPRESENTATION_CONTEXT() REPRESENTATION_CONTEXT('2D SPACE',''
  ) );
#3624 = ORIENTED_EDGE('',*,*,#3625,.F.);
#3625 = EDGE_CURVE('',#616,#3603,#3626,.T.);
#3626 = SURFACE_CURVE('',#3627,(#3631,#3638),.PCURVE_S1.);
#3627 = LINE('',#3628,#3629);
#3628 = CARTESIAN_POINT('',(6.570731219968,-68.21429272779,-4.5));
#3629 = VECTOR('',#3630,1.);
#3630 = DIRECTION('',(-0.,-0.,1.));
#3631 = PCURVE('',#631,#3632);
#3632 = DEFINITIONAL_REPRESENTATION('',(#3633),#3637);
#3633 = LINE('',#3634,#3635);
#3634 = CARTESIAN_POINT('',(-21.87956747309,0.));
#3635 = VECTOR('',#3636,1.);
#3636 = DIRECTION('',(-0.,-1.));
#3637 = ( GEOMETRIC_REPRESENTATION_CONTEXT(2) 
PARAMETRIC_REPRESENTATION_CONTEXT() REPRESENTATION_CONTEXT('2D SPACE',''
  ) );
#3638 = PCURVE('',#659,#3639);
#3639 = DEFINITIONAL_REPRESENTATION('',(#3640),#3644);
#3640 = LINE('',#3641,#3642);
#3641 = CARTESIAN_POINT('',(-2.6645352591E-15,0.));
#3642 = VECTOR('',#3643,1.);
#3643 = DIRECTION('',(-0.,-1.));
#3644 = ( GEOMETRIC_REPRESENTATION_CONTEXT(2) 
PARAMETRIC_REPRESENTATION_CONTEXT() REPRESENTATION_CONTEXT('2D SPACE',''
  ) );
#3645 = ORIENTED_EDGE('',*,*,#615,.F.);
#3646 = ADVANCED_FACE('',(#3647),#1107,.T.);
#3647 = FACE_BOUND('',#3648,.F.);
#3648 = EDGE_LOOP('',(#3649,#3650,#3673,#3694));
#3649 = ORIENTED_EDGE('',*,*,#3576,.T.);
#3650 = ORIENTED_EDGE('',*,*,#3651,.T.);
#3651 = EDGE_CURVE('',#3554,#3652,#3654,.T.);
#3652 = VERTEX_POINT('',#3653);
#3653 = CARTESIAN_POINT('',(-63.41950045606,53.121023666163,0.));
#3654 = SURFACE_CURVE('',#3655,(#3659,#3666),.PCURVE_S1.);
#3655 = LINE('',#3656,#3657);
#3656 = CARTESIAN_POINT('',(-59.3782323828,57.155772203438,0.));
#3657 = VECTOR('',#3658,1.);
#3658 = DIRECTION('',(-0.707677377567,-0.706535723994,-0.));
#3659 = PCURVE('',#1107,#3660);
#3660 = DEFINITIONAL_REPRESENTATION('',(#3661),#3665);
#3661 = LINE('',#3662,#3663);
#3662 = CARTESIAN_POINT('',(-7.159610409726,-4.5));
#3663 = VECTOR('',#3664,1.);
#3664 = DIRECTION('',(-1.,0.));
#3665 = ( GEOMETRIC_REPRESENTATION_CONTEXT(2) 
PARAMETRIC_REPRESENTATION_CONTEXT() REPRESENTATION_CONTEXT('2D SPACE',''
  ) );
#3666 = PCURVE('',#1948,#3667);
#3667 = DEFINITIONAL_REPRESENTATION('',(#3668),#3672);
#3668 = LINE('',#3669,#3670);
#3669 = CARTESIAN_POINT('',(-59.3782323828,57.155772203438));
#3670 = VECTOR('',#3671,1.);
#3671 = DIRECTION('',(-0.707677377567,-0.706535723994));
#3672 = ( GEOMETRIC_REPRESENTATION_CONTEXT(2) 
PARAMETRIC_REPRESENTATION_CONTEXT() REPRESENTATION_CONTEXT('2D SPACE',''
  ) );
#3673 = ORIENTED_EDGE('',*,*,#3674,.F.);
#3674 = EDGE_CURVE('',#1064,#3652,#3675,.T.);
#3675 = SURFACE_CURVE('',#3676,(#3680,#3687),.PCURVE_S1.);
#3676 = LINE('',#3677,#3678);
#3677 = CARTESIAN_POINT('',(-63.41950045606,53.121023666163,-4.5));
#3678 = VECTOR('',#3679,1.);
#3679 = DIRECTION('',(-0.,-0.,1.));
#3680 = PCURVE('',#1107,#3681);
#3681 = DEFINITIONAL_REPRESENTATION('',(#3682),#3686);
#3682 = LINE('',#3683,#3684);
#3683 = CARTESIAN_POINT('',(-12.87021838077,0.));
#3684 = VECTOR('',#3685,1.);
#3685 = DIRECTION('',(-0.,-1.));
#3686 = ( GEOMETRIC_REPRESENTATION_CONTEXT(2) 
PARAMETRIC_REPRESENTATION_CONTEXT() REPRESENTATION_CONTEXT('2D SPACE',''
  ) );
#3687 = PCURVE('',#1079,#3688);
#3688 = DEFINITIONAL_REPRESENTATION('',(#3689),#3693);
#3689 = LINE('',#3690,#3691);
#3690 = CARTESIAN_POINT('',(-0.,-0.));
#3691 = VECTOR('',#3692,1.);
#3692 = DIRECTION('',(-0.,-1.));
#3693 = ( GEOMETRIC_REPRESENTATION_CONTEXT(2) 
PARAMETRIC_REPRESENTATION_CONTEXT() REPRESENTATION_CONTEXT('2D SPACE',''
  ) );
#3694 = ORIENTED_EDGE('',*,*,#1091,.F.);
#3695 = ADVANCED_FACE('',(#3696),#659,.F.);
#3696 = FACE_BOUND('',#3697,.T.);
#3697 = EDGE_LOOP('',(#3698,#3699,#3722,#3743));
#3698 = ORIENTED_EDGE('',*,*,#3625,.T.);
#3699 = ORIENTED_EDGE('',*,*,#3700,.T.);
#3700 = EDGE_CURVE('',#3603,#3701,#3703,.T.);
#3701 = VERTEX_POINT('',#3702);
#3702 = CARTESIAN_POINT('',(-10.98963572036,-68.21429272779,0.));
#3703 = SURFACE_CURVE('',#3704,(#3708,#3715),.PCURVE_S1.);
#3704 = LINE('',#3705,#3706);
#3705 = CARTESIAN_POINT('',(3.273220478341,-68.21429272779,0.));
#3706 = VECTOR('',#3707,1.);
#3707 = DIRECTION('',(-1.,-0.,-0.));
#3708 = PCURVE('',#659,#3709);
#3709 = DEFINITIONAL_REPRESENTATION('',(#3710),#3714);
#3710 = LINE('',#3711,#3712);
#3711 = CARTESIAN_POINT('',(-3.297510741627,-4.5));
#3712 = VECTOR('',#3713,1.);
#3713 = DIRECTION('',(-1.,0.));
#3714 = ( GEOMETRIC_REPRESENTATION_CONTEXT(2) 
PARAMETRIC_REPRESENTATION_CONTEXT() REPRESENTATION_CONTEXT('2D SPACE',''
  ) );
#3715 = PCURVE('',#1948,#3716);
#3716 = DEFINITIONAL_REPRESENTATION('',(#3717),#3721);
#3717 = LINE('',#3718,#3719);
#3718 = CARTESIAN_POINT('',(3.273220478341,-68.21429272779));
#3719 = VECTOR('',#3720,1.);
#3720 = DIRECTION('',(-1.,0.));
#3721 = ( GEOMETRIC_REPRESENTATION_CONTEXT(2) 
PARAMETRIC_REPRESENTATION_CONTEXT() REPRESENTATION_CONTEXT('2D SPACE',''
  ) );
#3722 = ORIENTED_EDGE('',*,*,#3723,.F.);
#3723 = EDGE_CURVE('',#644,#3701,#3724,.T.);
#3724 = SURFACE_CURVE('',#3725,(#3729,#3736),.PCURVE_S1.);
#3725 = LINE('',#3726,#3727);
#3726 = CARTESIAN_POINT('',(-10.98963572036,-68.21429272779,-4.5));
#3727 = VECTOR('',#3728,1.);
#3728 = DIRECTION('',(-0.,-0.,1.));
#3729 = PCURVE('',#659,#3730);
#3730 = DEFINITIONAL_REPRESENTATION('',(#3731),#3735);
#3731 = LINE('',#3732,#3733);
#3732 = CARTESIAN_POINT('',(-17.56036694033,0.));
#3733 = VECTOR('',#3734,1.);
#3734 = DIRECTION('',(-0.,-1.));
#3735 = ( GEOMETRIC_REPRESENTATION_CONTEXT(2) 
PARAMETRIC_REPRESENTATION_CONTEXT() REPRESENTATION_CONTEXT('2D SPACE',''
  ) );
#3736 = PCURVE('',#687,#3737);
#3737 = DEFINITIONAL_REPRESENTATION('',(#3738),#3742);
#3738 = LINE('',#3739,#3740);
#3739 = CARTESIAN_POINT('',(-2.169069685095,0.));
#3740 = VECTOR('',#3741,1.);
#3741 = DIRECTION('',(-0.,-1.));
#3742 = ( GEOMETRIC_REPRESENTATION_CONTEXT(2) 
PARAMETRIC_REPRESENTATION_CONTEXT() REPRESENTATION_CONTEXT('2D SPACE',''
  ) );
#3743 = ORIENTED_EDGE('',*,*,#643,.F.);
#3744 = ADVANCED_FACE('',(#3745),#1079,.T.);
#3745 = FACE_BOUND('',#3746,.F.);
#3746 = EDGE_LOOP('',(#3747,#3748,#3771,#3792));
#3747 = ORIENTED_EDGE('',*,*,#3674,.T.);
#3748 = ORIENTED_EDGE('',*,*,#3749,.T.);
#3749 = EDGE_CURVE('',#3652,#3750,#3752,.T.);
#3750 = VERTEX_POINT('',#3751);
#3751 = CARTESIAN_POINT('',(-63.66271017823,51.121025198214,0.));
#3752 = SURFACE_CURVE('',#3753,(#3757,#3764),.PCURVE_S1.);
#3753 = LINE('',#3754,#3755);
#3754 = CARTESIAN_POINT('',(-66.23107695333,30.000448399418,0.));
#3755 = VECTOR('',#3756,1.);
#3756 = DIRECTION('',(-0.120715672305,-0.992687124153,-0.));
#3757 = PCURVE('',#1079,#3758);
#3758 = DEFINITIONAL_REPRESENTATION('',(#3759),#3763);
#3759 = LINE('',#3760,#3761);
#3760 = CARTESIAN_POINT('',(-23.29089871742,-4.5));
#3761 = VECTOR('',#3762,1.);
#3762 = DIRECTION('',(-1.,0.));
#3763 = ( GEOMETRIC_REPRESENTATION_CONTEXT(2) 
PARAMETRIC_REPRESENTATION_CONTEXT() REPRESENTATION_CONTEXT('2D SPACE',''
  ) );
#3764 = PCURVE('',#1948,#3765);
#3765 = DEFINITIONAL_REPRESENTATION('',(#3766),#3770);
#3766 = LINE('',#3767,#3768);
#3767 = CARTESIAN_POINT('',(-66.23107695333,30.000448399418));
#3768 = VECTOR('',#3769,1.);
#3769 = DIRECTION('',(-0.120715672305,-0.992687124153));
#3770 = ( GEOMETRIC_REPRESENTATION_CONTEXT(2) 
PARAMETRIC_REPRESENTATION_CONTEXT() REPRESENTATION_CONTEXT('2D SPACE',''
  ) );
#3771 = ORIENTED_EDGE('',*,*,#3772,.F.);
#3772 = EDGE_CURVE('',#1036,#3750,#3773,.T.);
#3773 = SURFACE_CURVE('',#3774,(#3778,#3785),.PCURVE_S1.);
#3774 = LINE('',#3775,#3776);
#3775 = CARTESIAN_POINT('',(-63.66271017823,51.121025198214,-4.5));
#3776 = VECTOR('',#3777,1.);
#3777 = DIRECTION('',(-0.,-0.,1.));
#3778 = PCURVE('',#1079,#3779);
#3779 = DEFINITIONAL_REPRESENTATION('',(#3780),#3784);
#3780 = LINE('',#3781,#3782);
#3781 = CARTESIAN_POINT('',(-2.014731952582,0.));
#3782 = VECTOR('',#3783,1.);
#3783 = DIRECTION('',(-0.,-1.));
#3784 = ( GEOMETRIC_REPRESENTATION_CONTEXT(2) 
PARAMETRIC_REPRESENTATION_CONTEXT() REPRESENTATION_CONTEXT('2D SPACE',''
  ) );
#3785 = PCURVE('',#1051,#3786);
#3786 = DEFINITIONAL_REPRESENTATION('',(#3787),#3791);
#3787 = LINE('',#3788,#3789);
#3788 = CARTESIAN_POINT('',(-0.,-0.));
#3789 = VECTOR('',#3790,1.);
#3790 = DIRECTION('',(-0.,-1.));
#3791 = ( GEOMETRIC_REPRESENTATION_CONTEXT(2) 
PARAMETRIC_REPRESENTATION_CONTEXT() REPRESENTATION_CONTEXT('2D SPACE',''
  ) );
#3792 = ORIENTED_EDGE('',*,*,#1063,.F.);
#3793 = ADVANCED_FACE('',(#3794),#687,.T.);
#3794 = FACE_BOUND('',#3795,.F.);
#3795 = EDGE_LOOP('',(#3796,#3819,#3840,#3841));
#3796 = ORIENTED_EDGE('',*,*,#3797,.T.);
#3797 = EDGE_CURVE('',#672,#3798,#3800,.T.);
#3798 = VERTEX_POINT('',#3799);
#3799 = CARTESIAN_POINT('',(-11.82920074285,-66.21429425984,0.));
#3800 = SURFACE_CURVE('',#3801,(#3805,#3812),.PCURVE_S1.);
#3801 = LINE('',#3802,#3803);
#3802 = CARTESIAN_POINT('',(-11.82920074285,-66.21429425984,-4.5));
#3803 = VECTOR('',#3804,1.);
#3804 = DIRECTION('',(-0.,-0.,1.));
#3805 = PCURVE('',#687,#3806);
#3806 = DEFINITIONAL_REPRESENTATION('',(#3807),#3811);
#3807 = LINE('',#3808,#3809);
#3808 = CARTESIAN_POINT('',(-0.,-0.));
#3809 = VECTOR('',#3810,1.);
#3810 = DIRECTION('',(-0.,-1.));
#3811 = ( GEOMETRIC_REPRESENTATION_CONTEXT(2) 
PARAMETRIC_REPRESENTATION_CONTEXT() REPRESENTATION_CONTEXT('2D SPACE',''
  ) );
#3812 = PCURVE('',#715,#3813);
#3813 = DEFINITIONAL_REPRESENTATION('',(#3814),#3818);
#3814 = LINE('',#3815,#3816);
#3815 = CARTESIAN_POINT('',(-15.9796481855,0.));
#3816 = VECTOR('',#3817,1.);
#3817 = DIRECTION('',(-0.,-1.));
#3818 = ( GEOMETRIC_REPRESENTATION_CONTEXT(2) 
PARAMETRIC_REPRESENTATION_CONTEXT() REPRESENTATION_CONTEXT('2D SPACE',''
  ) );
#3819 = ORIENTED_EDGE('',*,*,#3820,.T.);
#3820 = EDGE_CURVE('',#3798,#3701,#3821,.T.);
#3821 = SURFACE_CURVE('',#3822,(#3826,#3833),.PCURVE_S1.);
#3822 = LINE('',#3823,#3824);
#3823 = CARTESIAN_POINT('',(-22.65027567337,-40.43650135201,0.));
#3824 = VECTOR('',#3825,1.);
#3825 = DIRECTION('',(0.387062263728,-0.922053579787,0.));
#3826 = PCURVE('',#687,#3827);
#3827 = DEFINITIONAL_REPRESENTATION('',(#3828),#3832);
#3828 = LINE('',#3829,#3830);
#3829 = CARTESIAN_POINT('',(27.956935988242,-4.5));
#3830 = VECTOR('',#3831,1.);
#3831 = DIRECTION('',(-1.,0.));
#3832 = ( GEOMETRIC_REPRESENTATION_CONTEXT(2) 
PARAMETRIC_REPRESENTATION_CONTEXT() REPRESENTATION_CONTEXT('2D SPACE',''
  ) );
#3833 = PCURVE('',#1948,#3834);
#3834 = DEFINITIONAL_REPRESENTATION('',(#3835),#3839);
#3835 = LINE('',#3836,#3837);
#3836 = CARTESIAN_POINT('',(-22.65027567337,-40.43650135201));
#3837 = VECTOR('',#3838,1.);
#3838 = DIRECTION('',(0.387062263728,-0.922053579787));
#3839 = ( GEOMETRIC_REPRESENTATION_CONTEXT(2) 
PARAMETRIC_REPRESENTATION_CONTEXT() REPRESENTATION_CONTEXT('2D SPACE',''
  ) );
#3840 = ORIENTED_EDGE('',*,*,#3723,.F.);
#3841 = ORIENTED_EDGE('',*,*,#671,.F.);
#3842 = ADVANCED_FACE('',(#3843),#1051,.T.);
#3843 = FACE_BOUND('',#3844,.F.);
#3844 = EDGE_LOOP('',(#3845,#3846,#3869,#3890));
#3845 = ORIENTED_EDGE('',*,*,#3772,.T.);
#3846 = ORIENTED_EDGE('',*,*,#3847,.T.);
#3847 = EDGE_CURVE('',#3750,#3848,#3850,.T.);
#3848 = VERTEX_POINT('',#3849);
#3849 = CARTESIAN_POINT('',(-63.03083343007,35.532563949711,0.));
#3850 = SURFACE_CURVE('',#3851,(#3855,#3862),.PCURVE_S1.);
#3851 = LINE('',#3852,#3853);
#3852 = CARTESIAN_POINT('',(-62.57478560583,24.281819470905,0.));
#3853 = VECTOR('',#3854,1.);
#3854 = DIRECTION('',(4.05016419165E-02,-0.999179471868,0.));
#3855 = PCURVE('',#1051,#3856);
#3856 = DEFINITIONAL_REPRESENTATION('',(#3857),#3861);
#3857 = LINE('',#3858,#3859);
#3858 = CARTESIAN_POINT('',(-26.86124613542,-4.5));
#3859 = VECTOR('',#3860,1.);
#3860 = DIRECTION('',(-1.,0.));
#3861 = ( GEOMETRIC_REPRESENTATION_CONTEXT(2) 
PARAMETRIC_REPRESENTATION_CONTEXT() REPRESENTATION_CONTEXT('2D SPACE',''
  ) );
#3862 = PCURVE('',#1948,#3863);
#3863 = DEFINITIONAL_REPRESENTATION('',(#3864),#3868);
#3864 = LINE('',#3865,#3866);
#3865 = CARTESIAN_POINT('',(-62.57478560583,24.281819470905));
#3866 = VECTOR('',#3867,1.);
#3867 = DIRECTION('',(4.05016419165E-02,-0.999179471868));
#3868 = ( GEOMETRIC_REPRESENTATION_CONTEXT(2) 
PARAMETRIC_REPRESENTATION_CONTEXT() REPRESENTATION_CONTEXT('2D SPACE',''
  ) );
#3869 = ORIENTED_EDGE('',*,*,#3870,.F.);
#3870 = EDGE_CURVE('',#1008,#3848,#3871,.T.);
#3871 = SURFACE_CURVE('',#3872,(#3876,#3883),.PCURVE_S1.);
#3872 = LINE('',#3873,#3874);
#3873 = CARTESIAN_POINT('',(-63.03083343007,35.532563949711,-4.5));
#3874 = VECTOR('',#3875,1.);
#3875 = DIRECTION('',(-0.,-0.,1.));
#3876 = PCURVE('',#1051,#3877);
#3877 = DEFINITIONAL_REPRESENTATION('',(#3878),#3882);
#3878 = LINE('',#3879,#3880);
#3879 = CARTESIAN_POINT('',(-15.6012625233,0.));
#3880 = VECTOR('',#3881,1.);
#3881 = DIRECTION('',(-0.,-1.));
#3882 = ( GEOMETRIC_REPRESENTATION_CONTEXT(2) 
PARAMETRIC_REPRESENTATION_CONTEXT() REPRESENTATION_CONTEXT('2D SPACE',''
  ) );
#3883 = PCURVE('',#1023,#3884);
#3884 = DEFINITIONAL_REPRESENTATION('',(#3885),#3889);
#3885 = LINE('',#3886,#3887);
#3886 = CARTESIAN_POINT('',(-0.,-0.));
#3887 = VECTOR('',#3888,1.);
#3888 = DIRECTION('',(-0.,-1.));
#3889 = ( GEOMETRIC_REPRESENTATION_CONTEXT(2) 
PARAMETRIC_REPRESENTATION_CONTEXT() REPRESENTATION_CONTEXT('2D SPACE',''
  ) );
#3890 = ORIENTED_EDGE('',*,*,#1035,.F.);
#3891 = ADVANCED_FACE('',(#3892),#715,.T.);
#3892 = FACE_BOUND('',#3893,.F.);
#3893 = EDGE_LOOP('',(#3894,#3917,#3938,#3939));
#3894 = ORIENTED_EDGE('',*,*,#3895,.T.);
#3895 = EDGE_CURVE('',#700,#3896,#3898,.T.);
#3896 = VERTEX_POINT('',#3897);
#3897 = CARTESIAN_POINT('',(-17.89367807045,-51.43013818397,0.));
#3898 = SURFACE_CURVE('',#3899,(#3903,#3910),.PCURVE_S1.);
#3899 = LINE('',#3900,#3901);
#3900 = CARTESIAN_POINT('',(-17.89367807045,-51.43013818397,-4.5));
#3901 = VECTOR('',#3902,1.);
#3902 = DIRECTION('',(-0.,-0.,1.));
#3903 = PCURVE('',#715,#3904);
#3904 = DEFINITIONAL_REPRESENTATION('',(#3905),#3909);
#3905 = LINE('',#3906,#3907);
#3906 = CARTESIAN_POINT('',(-0.,-0.));
#3907 = VECTOR('',#3908,1.);
#3908 = DIRECTION('',(-0.,-1.));
#3909 = ( GEOMETRIC_REPRESENTATION_CONTEXT(2) 
PARAMETRIC_REPRESENTATION_CONTEXT() REPRESENTATION_CONTEXT('2D SPACE',''
  ) );
#3910 = PCURVE('',#743,#3911);
#3911 = DEFINITIONAL_REPRESENTATION('',(#3912),#3916);
#3912 = LINE('',#3913,#3914);
#3913 = CARTESIAN_POINT('',(-1.06581410364E-14,0.));
#3914 = VECTOR('',#3915,1.);
#3915 = DIRECTION('',(-0.,-1.));
#3916 = ( GEOMETRIC_REPRESENTATION_CONTEXT(2) 
PARAMETRIC_REPRESENTATION_CONTEXT() REPRESENTATION_CONTEXT('2D SPACE',''
  ) );
#3917 = ORIENTED_EDGE('',*,*,#3918,.T.);
#3918 = EDGE_CURVE('',#3896,#3798,#3919,.T.);
#3919 = SURFACE_CURVE('',#3920,(#3924,#3931),.PCURVE_S1.);
#3920 = LINE('',#3921,#3922);
#3921 = CARTESIAN_POINT('',(-23.61609880261,-37.47985744815,0.));
#3922 = VECTOR('',#3923,1.);
#3923 = DIRECTION('',(0.379512568562,-0.925186581346,0.));
#3924 = PCURVE('',#715,#3925);
#3925 = DEFINITIONAL_REPRESENTATION('',(#3926),#3930);
#3926 = LINE('',#3927,#3928);
#3927 = CARTESIAN_POINT('',(15.078343133249,-4.5));
#3928 = VECTOR('',#3929,1.);
#3929 = DIRECTION('',(-1.,0.));
#3930 = ( GEOMETRIC_REPRESENTATION_CONTEXT(2) 
PARAMETRIC_REPRESENTATION_CONTEXT() REPRESENTATION_CONTEXT('2D SPACE',''
  ) );
#3931 = PCURVE('',#1948,#3932);
#3932 = DEFINITIONAL_REPRESENTATION('',(#3933),#3937);
#3933 = LINE('',#3934,#3935);
#3934 = CARTESIAN_POINT('',(-23.61609880261,-37.47985744815));
#3935 = VECTOR('',#3936,1.);
#3936 = DIRECTION('',(0.379512568562,-0.925186581346));
#3937 = ( GEOMETRIC_REPRESENTATION_CONTEXT(2) 
PARAMETRIC_REPRESENTATION_CONTEXT() REPRESENTATION_CONTEXT('2D SPACE',''
  ) );
#3938 = ORIENTED_EDGE('',*,*,#3797,.F.);
#3939 = ORIENTED_EDGE('',*,*,#699,.F.);
#3940 = ADVANCED_FACE('',(#3941),#1023,.T.);
#3941 = FACE_BOUND('',#3942,.F.);
#3942 = EDGE_LOOP('',(#3943,#3944,#3967,#3988));
#3943 = ORIENTED_EDGE('',*,*,#3870,.T.);
#3944 = ORIENTED_EDGE('',*,*,#3945,.T.);
#3945 = EDGE_CURVE('',#3848,#3946,#3948,.T.);
#3946 = VERTEX_POINT('',#3947);
#3947 = CARTESIAN_POINT('',(-62.81631462868,28.156048492615,0.));
#3948 = SURFACE_CURVE('',#3949,(#3953,#3960),.PCURVE_S1.);
#3949 = LINE('',#3950,#3951);
#3950 = CARTESIAN_POINT('',(-62.45558357646,15.751829537185,0.));
#3951 = VECTOR('',#3952,1.);
#3952 = DIRECTION('',(2.906902973103E-02,-0.999577406463,0.));
#3953 = PCURVE('',#1023,#3954);
#3954 = DEFINITIONAL_REPRESENTATION('',(#3955),#3959);
#3955 = LINE('',#3956,#3957);
#3956 = CARTESIAN_POINT('',(-19.78909715709,-4.5));
#3957 = VECTOR('',#3958,1.);
#3958 = DIRECTION('',(-1.,0.));
#3959 = ( GEOMETRIC_REPRESENTATION_CONTEXT(2) 
PARAMETRIC_REPRESENTATION_CONTEXT() REPRESENTATION_CONTEXT('2D SPACE',''
  ) );
#3960 = PCURVE('',#1948,#3961);
#3961 = DEFINITIONAL_REPRESENTATION('',(#3962),#3966);
#3962 = LINE('',#3963,#3964);
#3963 = CARTESIAN_POINT('',(-62.45558357646,15.751829537185));
#3964 = VECTOR('',#3965,1.);
#3965 = DIRECTION('',(2.906902973103E-02,-0.999577406463));
#3966 = ( GEOMETRIC_REPRESENTATION_CONTEXT(2) 
PARAMETRIC_REPRESENTATION_CONTEXT() REPRESENTATION_CONTEXT('2D SPACE',''
  ) );
#3967 = ORIENTED_EDGE('',*,*,#3968,.F.);
#3968 = EDGE_CURVE('',#980,#3946,#3969,.T.);
#3969 = SURFACE_CURVE('',#3970,(#3974,#3981),.PCURVE_S1.);
#3970 = LINE('',#3971,#3972);
#3971 = CARTESIAN_POINT('',(-62.81631462868,28.156048492615,-4.5));
#3972 = VECTOR('',#3973,1.);
#3973 = DIRECTION('',(-0.,-0.,1.));
#3974 = PCURVE('',#1023,#3975);
#3975 = DEFINITIONAL_REPRESENTATION('',(#3976),#3980);
#3976 = LINE('',#3977,#3978);
#3977 = CARTESIAN_POINT('',(-7.379634042751,0.));
#3978 = VECTOR('',#3979,1.);
#3979 = DIRECTION('',(-0.,-1.));
#3980 = ( GEOMETRIC_REPRESENTATION_CONTEXT(2) 
PARAMETRIC_REPRESENTATION_CONTEXT() REPRESENTATION_CONTEXT('2D SPACE',''
  ) );
#3981 = PCURVE('',#995,#3982);
#3982 = DEFINITIONAL_REPRESENTATION('',(#3983),#3987);
#3983 = LINE('',#3984,#3985);
#3984 = CARTESIAN_POINT('',(-7.104170374366E-15,0.));
#3985 = VECTOR('',#3986,1.);
#3986 = DIRECTION('',(-0.,-1.));
#3987 = ( GEOMETRIC_REPRESENTATION_CONTEXT(2) 
PARAMETRIC_REPRESENTATION_CONTEXT() REPRESENTATION_CONTEXT('2D SPACE',''
  ) );
#3988 = ORIENTED_EDGE('',*,*,#1007,.F.);
#3989 = ADVANCED_FACE('',(#3990),#743,.F.);
#3990 = FACE_BOUND('',#3991,.T.);
#3991 = EDGE_LOOP('',(#3992,#3993,#4016,#4037));
#3992 = ORIENTED_EDGE('',*,*,#3895,.T.);
#3993 = ORIENTED_EDGE('',*,*,#3994,.T.);
#3994 = EDGE_CURVE('',#3896,#3995,#3997,.T.);
#3995 = VERTEX_POINT('',#3996);
#3996 = CARTESIAN_POINT('',(-53.26110813426,-51.43013818397,0.));
#3997 = SURFACE_CURVE('',#3998,(#4002,#4009),.PCURVE_S1.);
#3998 = LINE('',#3999,#4000);
#3999 = CARTESIAN_POINT('',(-16.50115094258,-51.43013818397,0.));
#4000 = VECTOR('',#4001,1.);
#4001 = DIRECTION('',(-1.,-0.,-0.));
#4002 = PCURVE('',#743,#4003);
#4003 = DEFINITIONAL_REPRESENTATION('',(#4004),#4008);
#4004 = LINE('',#4005,#4006);
#4005 = CARTESIAN_POINT('',(1.392527127871,-4.5));
#4006 = VECTOR('',#4007,1.);
#4007 = DIRECTION('',(-1.,0.));
#4008 = ( GEOMETRIC_REPRESENTATION_CONTEXT(2) 
PARAMETRIC_REPRESENTATION_CONTEXT() REPRESENTATION_CONTEXT('2D SPACE',''
  ) );
#4009 = PCURVE('',#1948,#4010);
#4010 = DEFINITIONAL_REPRESENTATION('',(#4011),#4015);
#4011 = LINE('',#4012,#4013);
#4012 = CARTESIAN_POINT('',(-16.50115094258,-51.43013818397));
#4013 = VECTOR('',#4014,1.);
#4014 = DIRECTION('',(-1.,0.));
#4015 = ( GEOMETRIC_REPRESENTATION_CONTEXT(2) 
PARAMETRIC_REPRESENTATION_CONTEXT() REPRESENTATION_CONTEXT('2D SPACE',''
  ) );
#4016 = ORIENTED_EDGE('',*,*,#4017,.F.);
#4017 = EDGE_CURVE('',#728,#3995,#4018,.T.);
#4018 = SURFACE_CURVE('',#4019,(#4023,#4030),.PCURVE_S1.);
#4019 = LINE('',#4020,#4021);
#4020 = CARTESIAN_POINT('',(-53.26110813426,-51.43013818397,-4.5));
#4021 = VECTOR('',#4022,1.);
#4022 = DIRECTION('',(-0.,-0.,1.));
#4023 = PCURVE('',#743,#4024);
#4024 = DEFINITIONAL_REPRESENTATION('',(#4025),#4029);
#4025 = LINE('',#4026,#4027);
#4026 = CARTESIAN_POINT('',(-35.3674300638,0.));
#4027 = VECTOR('',#4028,1.);
#4028 = DIRECTION('',(-0.,-1.));
#4029 = ( GEOMETRIC_REPRESENTATION_CONTEXT(2) 
PARAMETRIC_REPRESENTATION_CONTEXT() REPRESENTATION_CONTEXT('2D SPACE',''
  ) );
#4030 = PCURVE('',#771,#4031);
#4031 = DEFINITIONAL_REPRESENTATION('',(#4032),#4036);
#4032 = LINE('',#4033,#4034);
#4033 = CARTESIAN_POINT('',(-1.003884172766E-14,0.));
#4034 = VECTOR('',#4035,1.);
#4035 = DIRECTION('',(-0.,-1.));
#4036 = ( GEOMETRIC_REPRESENTATION_CONTEXT(2) 
PARAMETRIC_REPRESENTATION_CONTEXT() REPRESENTATION_CONTEXT('2D SPACE',''
  ) );
#4037 = ORIENTED_EDGE('',*,*,#727,.F.);
#4038 = ADVANCED_FACE('',(#4039),#995,.T.);
#4039 = FACE_BOUND('',#4040,.F.);
#4040 = EDGE_LOOP('',(#4041,#4042,#4065,#4086));
#4041 = ORIENTED_EDGE('',*,*,#3968,.T.);
#4042 = ORIENTED_EDGE('',*,*,#4043,.T.);
#4043 = EDGE_CURVE('',#3946,#4044,#4046,.T.);
#4044 = VERTEX_POINT('',#4045);
#4045 = CARTESIAN_POINT('',(-62.53928984883,13.430334799477,0.));
#4046 = SURFACE_CURVE('',#4047,(#4051,#4058),.PCURVE_S1.);
#4047 = LINE('',#4048,#4049);
#4048 = CARTESIAN_POINT('',(-62.44274131603,8.298136689818,0.));
#4049 = VECTOR('',#4050,1.);
#4050 = DIRECTION('',(1.880898804938E-02,-0.999823095337,0.));
#4051 = PCURVE('',#995,#4052);
#4052 = DEFINITIONAL_REPRESENTATION('',(#4053),#4057);
#4053 = LINE('',#4054,#4055);
#4054 = CARTESIAN_POINT('',(-19.86142538156,-4.5));
#4055 = VECTOR('',#4056,1.);
#4056 = DIRECTION('',(-1.,0.));
#4057 = ( GEOMETRIC_REPRESENTATION_CONTEXT(2) 
PARAMETRIC_REPRESENTATION_CONTEXT() REPRESENTATION_CONTEXT('2D SPACE',''
  ) );
#4058 = PCURVE('',#1948,#4059);
#4059 = DEFINITIONAL_REPRESENTATION('',(#4060),#4064);
#4060 = LINE('',#4061,#4062);
#4061 = CARTESIAN_POINT('',(-62.44274131603,8.298136689818));
#4062 = VECTOR('',#4063,1.);
#4063 = DIRECTION('',(1.880898804938E-02,-0.999823095337));
#4064 = ( GEOMETRIC_REPRESENTATION_CONTEXT(2) 
PARAMETRIC_REPRESENTATION_CONTEXT() REPRESENTATION_CONTEXT('2D SPACE',''
  ) );
#4065 = ORIENTED_EDGE('',*,*,#4066,.F.);
#4066 = EDGE_CURVE('',#952,#4044,#4067,.T.);
#4067 = SURFACE_CURVE('',#4068,(#4072,#4079),.PCURVE_S1.);
#4068 = LINE('',#4069,#4070);
#4069 = CARTESIAN_POINT('',(-62.53928984883,13.430334799477,-4.5));
#4070 = VECTOR('',#4071,1.);
#4071 = DIRECTION('',(-0.,-0.,1.));
#4072 = PCURVE('',#995,#4073);
#4073 = DEFINITIONAL_REPRESENTATION('',(#4074),#4078);
#4074 = LINE('',#4075,#4076);
#4075 = CARTESIAN_POINT('',(-14.72831920148,0.));
#4076 = VECTOR('',#4077,1.);
#4077 = DIRECTION('',(-0.,-1.));
#4078 = ( GEOMETRIC_REPRESENTATION_CONTEXT(2) 
PARAMETRIC_REPRESENTATION_CONTEXT() REPRESENTATION_CONTEXT('2D SPACE',''
  ) );
#4079 = PCURVE('',#967,#4080);
#4080 = DEFINITIONAL_REPRESENTATION('',(#4081),#4085);
#4081 = LINE('',#4082,#4083);
#4082 = CARTESIAN_POINT('',(-2.755007594522,0.));
#4083 = VECTOR('',#4084,1.);
#4084 = DIRECTION('',(-0.,-1.));
#4085 = ( GEOMETRIC_REPRESENTATION_CONTEXT(2) 
PARAMETRIC_REPRESENTATION_CONTEXT() REPRESENTATION_CONTEXT('2D SPACE',''
  ) );
#4086 = ORIENTED_EDGE('',*,*,#979,.F.);
#4087 = ADVANCED_FACE('',(#4088),#771,.F.);
#4088 = FACE_BOUND('',#4089,.T.);
#4089 = EDGE_LOOP('',(#4090,#4091,#4114,#4135));
#4090 = ORIENTED_EDGE('',*,*,#4017,.T.);
#4091 = ORIENTED_EDGE('',*,*,#4092,.T.);
#4092 = EDGE_CURVE('',#3995,#4093,#4095,.T.);
#4093 = VERTEX_POINT('',#4094);
#4094 = CARTESIAN_POINT('',(-62.54686661507,-41.28791640698,0.));
#4095 = SURFACE_CURVE('',#4096,(#4100,#4107),.PCURVE_S1.);
#4096 = LINE('',#4097,#4098);
#4097 = CARTESIAN_POINT('',(-56.81998673958,-47.54300972084,0.));
#4098 = VECTOR('',#4099,1.);
#4099 = DIRECTION('',(-0.675278828081,0.737562542667,-0.));
#4100 = PCURVE('',#771,#4101);
#4101 = DEFINITIONAL_REPRESENTATION('',(#4102),#4106);
#4102 = LINE('',#4103,#4104);
#4103 = CARTESIAN_POINT('',(-5.270235726821,-4.5));
#4104 = VECTOR('',#4105,1.);
#4105 = DIRECTION('',(-1.,0.));
#4106 = ( GEOMETRIC_REPRESENTATION_CONTEXT(2) 
PARAMETRIC_REPRESENTATION_CONTEXT() REPRESENTATION_CONTEXT('2D SPACE',''
  ) );
#4107 = PCURVE('',#1948,#4108);
#4108 = DEFINITIONAL_REPRESENTATION('',(#4109),#4113);
#4109 = LINE('',#4110,#4111);
#4110 = CARTESIAN_POINT('',(-56.81998673958,-47.54300972084));
#4111 = VECTOR('',#4112,1.);
#4112 = DIRECTION('',(-0.675278828081,0.737562542667));
#4113 = ( GEOMETRIC_REPRESENTATION_CONTEXT(2) 
PARAMETRIC_REPRESENTATION_CONTEXT() REPRESENTATION_CONTEXT('2D SPACE',''
  ) );
#4114 = ORIENTED_EDGE('',*,*,#4115,.F.);
#4115 = EDGE_CURVE('',#756,#4093,#4116,.T.);
#4116 = SURFACE_CURVE('',#4117,(#4121,#4128),.PCURVE_S1.);
#4117 = LINE('',#4118,#4119);
#4118 = CARTESIAN_POINT('',(-62.54686661507,-41.28791640698,-4.5));
#4119 = VECTOR('',#4120,1.);
#4120 = DIRECTION('',(-0.,-0.,1.));
#4121 = PCURVE('',#771,#4122);
#4122 = DEFINITIONAL_REPRESENTATION('',(#4123),#4127);
#4123 = LINE('',#4124,#4125);
#4124 = CARTESIAN_POINT('',(-13.75099898689,0.));
#4125 = VECTOR('',#4126,1.);
#4126 = DIRECTION('',(-0.,-1.));
#4127 = ( GEOMETRIC_REPRESENTATION_CONTEXT(2) 
PARAMETRIC_REPRESENTATION_CONTEXT() REPRESENTATION_CONTEXT('2D SPACE',''
  ) );
#4128 = PCURVE('',#799,#4129);
#4129 = DEFINITIONAL_REPRESENTATION('',(#4130),#4134);
#4130 = LINE('',#4131,#4132);
#4131 = CARTESIAN_POINT('',(-1.070224172295,0.));
#4132 = VECTOR('',#4133,1.);
#4133 = DIRECTION('',(-0.,-1.));
#4134 = ( GEOMETRIC_REPRESENTATION_CONTEXT(2) 
PARAMETRIC_REPRESENTATION_CONTEXT() REPRESENTATION_CONTEXT('2D SPACE',''
  ) );
#4135 = ORIENTED_EDGE('',*,*,#755,.F.);
#4136 = ADVANCED_FACE('',(#4137),#967,.F.);
#4137 = FACE_BOUND('',#4138,.T.);
#4138 = EDGE_LOOP('',(#4139,#4162,#4183,#4184));
#4139 = ORIENTED_EDGE('',*,*,#4140,.T.);
#4140 = EDGE_CURVE('',#924,#4141,#4143,.T.);
#4141 = VERTEX_POINT('',#4142);
#4142 = CARTESIAN_POINT('',(-62.29106515511,10.686532447393,0.));
#4143 = SURFACE_CURVE('',#4144,(#4148,#4155),.PCURVE_S1.);
#4144 = LINE('',#4145,#4146);
#4145 = CARTESIAN_POINT('',(-62.29106515511,10.686532447393,-4.5));
#4146 = VECTOR('',#4147,1.);
#4147 = DIRECTION('',(-0.,-0.,1.));
#4148 = PCURVE('',#967,#4149);
#4149 = DEFINITIONAL_REPRESENTATION('',(#4150),#4154);
#4150 = LINE('',#4151,#4152);
#4151 = CARTESIAN_POINT('',(-0.,0.));
#4152 = VECTOR('',#4153,1.);
#4153 = DIRECTION('',(-0.,-1.));
#4154 = ( GEOMETRIC_REPRESENTATION_CONTEXT(2) 
PARAMETRIC_REPRESENTATION_CONTEXT() REPRESENTATION_CONTEXT('2D SPACE',''
  ) );
#4155 = PCURVE('',#939,#4156);
#4156 = DEFINITIONAL_REPRESENTATION('',(#4157),#4161);
#4157 = LINE('',#4158,#4159);
#4158 = CARTESIAN_POINT('',(-7.744706003123,0.));
#4159 = VECTOR('',#4160,1.);
#4160 = DIRECTION('',(-0.,-1.));
#4161 = ( GEOMETRIC_REPRESENTATION_CONTEXT(2) 
PARAMETRIC_REPRESENTATION_CONTEXT() REPRESENTATION_CONTEXT('2D SPACE',''
  ) );
#4162 = ORIENTED_EDGE('',*,*,#4163,.T.);
#4163 = EDGE_CURVE('',#4141,#4044,#4164,.T.);
#4164 = SURFACE_CURVE('',#4165,(#4169,#4176),.PCURVE_S1.);
#4165 = LINE('',#4166,#4167);
#4166 = CARTESIAN_POINT('',(-61.9989732761,7.45783520274,0.));
#4167 = VECTOR('',#4168,1.);
#4168 = DIRECTION('',(-9.009945896707E-02,0.995932772577,-0.));
#4169 = PCURVE('',#967,#4170);
#4170 = DEFINITIONAL_REPRESENTATION('',(#4171),#4175);
#4171 = LINE('',#4172,#4173);
#4172 = CARTESIAN_POINT('',(3.241882718948,-4.5));
#4173 = VECTOR('',#4174,1.);
#4174 = DIRECTION('',(-1.,0.));
#4175 = ( GEOMETRIC_REPRESENTATION_CONTEXT(2) 
PARAMETRIC_REPRESENTATION_CONTEXT() REPRESENTATION_CONTEXT('2D SPACE',''
  ) );
#4176 = PCURVE('',#1948,#4177);
#4177 = DEFINITIONAL_REPRESENTATION('',(#4178),#4182);
#4178 = LINE('',#4179,#4180);
#4179 = CARTESIAN_POINT('',(-61.9989732761,7.45783520274));
#4180 = VECTOR('',#4181,1.);
#4181 = DIRECTION('',(-9.009945896707E-02,0.995932772577));
#4182 = ( GEOMETRIC_REPRESENTATION_CONTEXT(2) 
PARAMETRIC_REPRESENTATION_CONTEXT() REPRESENTATION_CONTEXT('2D SPACE',''
  ) );
#4183 = ORIENTED_EDGE('',*,*,#4066,.F.);
#4184 = ORIENTED_EDGE('',*,*,#951,.F.);
#4185 = ADVANCED_FACE('',(#4186),#799,.T.);
#4186 = FACE_BOUND('',#4187,.F.);
#4187 = EDGE_LOOP('',(#4188,#4211,#4232,#4233));
#4188 = ORIENTED_EDGE('',*,*,#4189,.T.);
#4189 = EDGE_CURVE('',#784,#4190,#4192,.T.);
#4190 = VERTEX_POINT('',#4191);
#4191 = CARTESIAN_POINT('',(-62.81813175898,-40.25264108096,0.));
#4192 = SURFACE_CURVE('',#4193,(#4197,#4204),.PCURVE_S1.);
#4193 = LINE('',#4194,#4195);
#4194 = CARTESIAN_POINT('',(-62.81813175898,-40.25264108096,-4.5));
#4195 = VECTOR('',#4196,1.);
#4196 = DIRECTION('',(-0.,-0.,1.));
#4197 = PCURVE('',#799,#4198);
#4198 = DEFINITIONAL_REPRESENTATION('',(#4199),#4203);
#4199 = LINE('',#4200,#4201);
#4200 = CARTESIAN_POINT('',(-0.,-0.));
#4201 = VECTOR('',#4202,1.);
#4202 = DIRECTION('',(-0.,-1.));
#4203 = ( GEOMETRIC_REPRESENTATION_CONTEXT(2) 
PARAMETRIC_REPRESENTATION_CONTEXT() REPRESENTATION_CONTEXT('2D SPACE',''
  ) );
#4204 = PCURVE('',#827,#4205);
#4205 = DEFINITIONAL_REPRESENTATION('',(#4206),#4210);
#4206 = LINE('',#4207,#4208);
#4207 = CARTESIAN_POINT('',(-7.104170374366E-15,0.));
#4208 = VECTOR('',#4209,1.);
#4209 = DIRECTION('',(-0.,-1.));
#4210 = ( GEOMETRIC_REPRESENTATION_CONTEXT(2) 
PARAMETRIC_REPRESENTATION_CONTEXT() REPRESENTATION_CONTEXT('2D SPACE',''
  ) );
#4211 = ORIENTED_EDGE('',*,*,#4212,.T.);
#4212 = EDGE_CURVE('',#4190,#4093,#4213,.T.);
#4213 = SURFACE_CURVE('',#4214,(#4218,#4225),.PCURVE_S1.);
#4214 = LINE('',#4215,#4216);
#4215 = CARTESIAN_POINT('',(-65.69979965463,-29.25484155834,0.));
#4216 = VECTOR('',#4217,1.);
#4217 = DIRECTION('',(0.253465723283,-0.967344368423,0.));
#4218 = PCURVE('',#799,#4219);
#4219 = DEFINITIONAL_REPRESENTATION('',(#4220),#4224);
#4220 = LINE('',#4221,#4222);
#4221 = CARTESIAN_POINT('',(11.36906347069,-4.5));
#4222 = VECTOR('',#4223,1.);
#4223 = DIRECTION('',(-1.,0.));
#4224 = ( GEOMETRIC_REPRESENTATION_CONTEXT(2) 
PARAMETRIC_REPRESENTATION_CONTEXT() REPRESENTATION_CONTEXT('2D SPACE',''
  ) );
#4225 = PCURVE('',#1948,#4226);
#4226 = DEFINITIONAL_REPRESENTATION('',(#4227),#4231);
#4227 = LINE('',#4228,#4229);
#4228 = CARTESIAN_POINT('',(-65.69979965463,-29.25484155834));
#4229 = VECTOR('',#4230,1.);
#4230 = DIRECTION('',(0.253465723283,-0.967344368423));
#4231 = ( GEOMETRIC_REPRESENTATION_CONTEXT(2) 
PARAMETRIC_REPRESENTATION_CONTEXT() REPRESENTATION_CONTEXT('2D SPACE',''
  ) );
#4232 = ORIENTED_EDGE('',*,*,#4115,.F.);
#4233 = ORIENTED_EDGE('',*,*,#783,.F.);
#4234 = ADVANCED_FACE('',(#4235),#939,.F.);
#4235 = FACE_BOUND('',#4236,.T.);
#4236 = EDGE_LOOP('',(#4237,#4260,#4281,#4282));
#4237 = ORIENTED_EDGE('',*,*,#4238,.T.);
#4238 = EDGE_CURVE('',#896,#4239,#4241,.T.);
#4239 = VERTEX_POINT('',#4240);
#4240 = CARTESIAN_POINT('',(-61.93534508927,2.95,0.));
#4241 = SURFACE_CURVE('',#4242,(#4246,#4253),.PCURVE_S1.);
#4242 = LINE('',#4243,#4244);
#4243 = CARTESIAN_POINT('',(-61.93534508927,2.95,-4.5));
#4244 = VECTOR('',#4245,1.);
#4245 = DIRECTION('',(-0.,-0.,1.));
#4246 = PCURVE('',#939,#4247);
#4247 = DEFINITIONAL_REPRESENTATION('',(#4248),#4252);
#4248 = LINE('',#4249,#4250);
#4249 = CARTESIAN_POINT('',(4.436205299668E-16,-0.));
#4250 = VECTOR('',#4251,1.);
#4251 = DIRECTION('',(-0.,-1.));
#4252 = ( GEOMETRIC_REPRESENTATION_CONTEXT(2) 
PARAMETRIC_REPRESENTATION_CONTEXT() REPRESENTATION_CONTEXT('2D SPACE',''
  ) );
#4253 = PCURVE('',#911,#4254);
#4254 = DEFINITIONAL_REPRESENTATION('',(#4255),#4259);
#4255 = LINE('',#4256,#4257);
#4256 = CARTESIAN_POINT('',(-0.,-0.));
#4257 = VECTOR('',#4258,1.);
#4258 = DIRECTION('',(-0.,-1.));
#4259 = ( GEOMETRIC_REPRESENTATION_CONTEXT(2) 
PARAMETRIC_REPRESENTATION_CONTEXT() REPRESENTATION_CONTEXT('2D SPACE',''
  ) );
#4260 = ORIENTED_EDGE('',*,*,#4261,.T.);
#4261 = EDGE_CURVE('',#4239,#4141,#4262,.T.);
#4262 = SURFACE_CURVE('',#4263,(#4267,#4274),.PCURVE_S1.);
#4263 = LINE('',#4264,#4265);
#4264 = CARTESIAN_POINT('',(-61.8289197575,0.63536241977,0.));
#4265 = VECTOR('',#4266,1.);
#4266 = DIRECTION('',(-4.593073845555E-02,0.998944626726,-0.));
#4267 = PCURVE('',#939,#4268);
#4268 = DEFINITIONAL_REPRESENTATION('',(#4269),#4273);
#4269 = LINE('',#4270,#4271);
#4270 = CARTESIAN_POINT('',(2.317082967667,-4.5));
#4271 = VECTOR('',#4272,1.);
#4272 = DIRECTION('',(-1.,0.));
#4273 = ( GEOMETRIC_REPRESENTATION_CONTEXT(2) 
PARAMETRIC_REPRESENTATION_CONTEXT() REPRESENTATION_CONTEXT('2D SPACE',''
  ) );
#4274 = PCURVE('',#1948,#4275);
#4275 = DEFINITIONAL_REPRESENTATION('',(#4276),#4280);
#4276 = LINE('',#4277,#4278);
#4277 = CARTESIAN_POINT('',(-61.8289197575,0.63536241977));
#4278 = VECTOR('',#4279,1.);
#4279 = DIRECTION('',(-4.593073845555E-02,0.998944626726));
#4280 = ( GEOMETRIC_REPRESENTATION_CONTEXT(2) 
PARAMETRIC_REPRESENTATION_CONTEXT() REPRESENTATION_CONTEXT('2D SPACE',''
  ) );
#4281 = ORIENTED_EDGE('',*,*,#4140,.F.);
#4282 = ORIENTED_EDGE('',*,*,#923,.F.);
#4283 = ADVANCED_FACE('',(#4284),#827,.F.);
#4284 = FACE_BOUND('',#4285,.T.);
#4285 = EDGE_LOOP('',(#4286,#4287,#4310,#4331));
#4286 = ORIENTED_EDGE('',*,*,#4189,.T.);
#4287 = ORIENTED_EDGE('',*,*,#4288,.T.);
#4288 = EDGE_CURVE('',#4190,#4289,#4291,.T.);
#4289 = VERTEX_POINT('',#4290);
#4290 = CARTESIAN_POINT('',(-62.53928984883,-25.43033479947,0.));
#4291 = SURFACE_CURVE('',#4292,(#4296,#4303),.PCURVE_S1.);
#4292 = LINE('',#4293,#4294);
#4293 = CARTESIAN_POINT('',(-62.26430919765,-10.81328017097,0.));
#4294 = VECTOR('',#4295,1.);
#4295 = DIRECTION('',(1.880898804935E-02,0.999823095337,-0.));
#4296 = PCURVE('',#827,#4297);
#4297 = DEFINITIONAL_REPRESENTATION('',(#4298),#4302);
#4298 = LINE('',#4299,#4300);
#4299 = CARTESIAN_POINT('',(-29.44456979169,-4.5));
#4300 = VECTOR('',#4301,1.);
#4301 = DIRECTION('',(-1.,0.));
#4302 = ( GEOMETRIC_REPRESENTATION_CONTEXT(2) 
PARAMETRIC_REPRESENTATION_CONTEXT() REPRESENTATION_CONTEXT('2D SPACE',''
  ) );
#4303 = PCURVE('',#1948,#4304);
#4304 = DEFINITIONAL_REPRESENTATION('',(#4305),#4309);
#4305 = LINE('',#4306,#4307);
#4306 = CARTESIAN_POINT('',(-62.26430919765,-10.81328017097));
#4307 = VECTOR('',#4308,1.);
#4308 = DIRECTION('',(1.880898804935E-02,0.999823095337));
#4309 = ( GEOMETRIC_REPRESENTATION_CONTEXT(2) 
PARAMETRIC_REPRESENTATION_CONTEXT() REPRESENTATION_CONTEXT('2D SPACE',''
  ) );
#4310 = ORIENTED_EDGE('',*,*,#4311,.F.);
#4311 = EDGE_CURVE('',#812,#4289,#4312,.T.);
#4312 = SURFACE_CURVE('',#4313,(#4317,#4324),.PCURVE_S1.);
#4313 = LINE('',#4314,#4315);
#4314 = CARTESIAN_POINT('',(-62.53928984883,-25.43033479947,-4.5));
#4315 = VECTOR('',#4316,1.);
#4316 = DIRECTION('',(-0.,-0.,1.));
#4317 = PCURVE('',#827,#4318);
#4318 = DEFINITIONAL_REPRESENTATION('',(#4319),#4323);
#4319 = LINE('',#4320,#4321);
#4320 = CARTESIAN_POINT('',(-14.82492888054,0.));
#4321 = VECTOR('',#4322,1.);
#4322 = DIRECTION('',(-0.,-1.));
#4323 = ( GEOMETRIC_REPRESENTATION_CONTEXT(2) 
PARAMETRIC_REPRESENTATION_CONTEXT() REPRESENTATION_CONTEXT('2D SPACE',''
  ) );
#4324 = PCURVE('',#855,#4325);
#4325 = DEFINITIONAL_REPRESENTATION('',(#4326),#4330);
#4326 = LINE('',#4327,#4328);
#4327 = CARTESIAN_POINT('',(-2.755007594522,0.));
#4328 = VECTOR('',#4329,1.);
#4329 = DIRECTION('',(-0.,-1.));
#4330 = ( GEOMETRIC_REPRESENTATION_CONTEXT(2) 
PARAMETRIC_REPRESENTATION_CONTEXT() REPRESENTATION_CONTEXT('2D SPACE',''
  ) );
#4331 = ORIENTED_EDGE('',*,*,#811,.F.);
#4332 = ADVANCED_FACE('',(#4333),#911,.T.);
#4333 = FACE_BOUND('',#4334,.F.);
#4334 = EDGE_LOOP('',(#4335,#4336,#4359,#4380));
#4335 = ORIENTED_EDGE('',*,*,#4238,.T.);
#4336 = ORIENTED_EDGE('',*,*,#4337,.T.);
#4337 = EDGE_CURVE('',#4239,#4338,#4340,.T.);
#4338 = VERTEX_POINT('',#4339);
#4339 = CARTESIAN_POINT('',(-61.93534508927,-14.95,0.));
#4340 = SURFACE_CURVE('',#4341,(#4345,#4352),.PCURVE_S1.);
#4341 = LINE('',#4342,#4343);
#4342 = CARTESIAN_POINT('',(-61.93534508927,-4.192955449418,0.));
#4343 = VECTOR('',#4344,1.);
#4344 = DIRECTION('',(-0.,-1.,-0.));
#4345 = PCURVE('',#911,#4346);
#4346 = DEFINITIONAL_REPRESENTATION('',(#4347),#4351);
#4347 = LINE('',#4348,#4349);
#4348 = CARTESIAN_POINT('',(-7.142955449418,-4.5));
#4349 = VECTOR('',#4350,1.);
#4350 = DIRECTION('',(-1.,0.));
#4351 = ( GEOMETRIC_REPRESENTATION_CONTEXT(2) 
PARAMETRIC_REPRESENTATION_CONTEXT() REPRESENTATION_CONTEXT('2D SPACE',''
  ) );
#4352 = PCURVE('',#1948,#4353);
#4353 = DEFINITIONAL_REPRESENTATION('',(#4354),#4358);
#4354 = LINE('',#4355,#4356);
#4355 = CARTESIAN_POINT('',(-61.93534508927,-4.192955449418));
#4356 = VECTOR('',#4357,1.);
#4357 = DIRECTION('',(-0.,-1.));
#4358 = ( GEOMETRIC_REPRESENTATION_CONTEXT(2) 
PARAMETRIC_REPRESENTATION_CONTEXT() REPRESENTATION_CONTEXT('2D SPACE',''
  ) );
#4359 = ORIENTED_EDGE('',*,*,#4360,.F.);
#4360 = EDGE_CURVE('',#868,#4338,#4361,.T.);
#4361 = SURFACE_CURVE('',#4362,(#4366,#4373),.PCURVE_S1.);
#4362 = LINE('',#4363,#4364);
#4363 = CARTESIAN_POINT('',(-61.93534508927,-14.95,-4.5));
#4364 = VECTOR('',#4365,1.);
#4365 = DIRECTION('',(-0.,-0.,1.));
#4366 = PCURVE('',#911,#4367);
#4367 = DEFINITIONAL_REPRESENTATION('',(#4368),#4372);
#4368 = LINE('',#4369,#4370);
#4369 = CARTESIAN_POINT('',(-17.9,0.));
#4370 = VECTOR('',#4371,1.);
#4371 = DIRECTION('',(-0.,-1.));
#4372 = ( GEOMETRIC_REPRESENTATION_CONTEXT(2) 
PARAMETRIC_REPRESENTATION_CONTEXT() REPRESENTATION_CONTEXT('2D SPACE',''
  ) );
#4373 = PCURVE('',#883,#4374);
#4374 = DEFINITIONAL_REPRESENTATION('',(#4375),#4379);
#4375 = LINE('',#4376,#4377);
#4376 = CARTESIAN_POINT('',(-7.744706003123,0.));
#4377 = VECTOR('',#4378,1.);
#4378 = DIRECTION('',(-0.,-1.));
#4379 = ( GEOMETRIC_REPRESENTATION_CONTEXT(2) 
PARAMETRIC_REPRESENTATION_CONTEXT() REPRESENTATION_CONTEXT('2D SPACE',''
  ) );
#4380 = ORIENTED_EDGE('',*,*,#895,.F.);
#4381 = ADVANCED_FACE('',(#4382),#855,.T.);
#4382 = FACE_BOUND('',#4383,.F.);
#4383 = EDGE_LOOP('',(#4384,#4407,#4428,#4429));
#4384 = ORIENTED_EDGE('',*,*,#4385,.T.);
#4385 = EDGE_CURVE('',#840,#4386,#4388,.T.);
#4386 = VERTEX_POINT('',#4387);
#4387 = CARTESIAN_POINT('',(-62.29106515511,-22.68653244739,0.));
#4388 = SURFACE_CURVE('',#4389,(#4393,#4400),.PCURVE_S1.);
#4389 = LINE('',#4390,#4391);
#4390 = CARTESIAN_POINT('',(-62.29106515511,-22.68653244739,-4.5));
#4391 = VECTOR('',#4392,1.);
#4392 = DIRECTION('',(-0.,-0.,1.));
#4393 = PCURVE('',#855,#4394);
#4394 = DEFINITIONAL_REPRESENTATION('',(#4395),#4399);
#4395 = LINE('',#4396,#4397);
#4396 = CARTESIAN_POINT('',(-0.,-0.));
#4397 = VECTOR('',#4398,1.);
#4398 = DIRECTION('',(-0.,-1.));
#4399 = ( GEOMETRIC_REPRESENTATION_CONTEXT(2) 
PARAMETRIC_REPRESENTATION_CONTEXT() REPRESENTATION_CONTEXT('2D SPACE',''
  ) );
#4400 = PCURVE('',#883,#4401);
#4401 = DEFINITIONAL_REPRESENTATION('',(#4402),#4406);
#4402 = LINE('',#4403,#4404);
#4403 = CARTESIAN_POINT('',(-0.,0.));
#4404 = VECTOR('',#4405,1.);
#4405 = DIRECTION('',(-0.,-1.));
#4406 = ( GEOMETRIC_REPRESENTATION_CONTEXT(2) 
PARAMETRIC_REPRESENTATION_CONTEXT() REPRESENTATION_CONTEXT('2D SPACE',''
  ) );
#4407 = ORIENTED_EDGE('',*,*,#4408,.T.);
#4408 = EDGE_CURVE('',#4386,#4289,#4409,.T.);
#4409 = SURFACE_CURVE('',#4410,(#4414,#4421),.PCURVE_S1.);
#4410 = LINE('',#4411,#4412);
#4411 = CARTESIAN_POINT('',(-61.46057525224,-13.50654267777,0.));
#4412 = VECTOR('',#4413,1.);
#4413 = DIRECTION('',(-9.009945896707E-02,-0.995932772577,-0.));
#4414 = PCURVE('',#855,#4415);
#4415 = DEFINITIONAL_REPRESENTATION('',(#4416),#4420);
#4416 = LINE('',#4417,#4418);
#4417 = CARTESIAN_POINT('',(9.217479354413,-4.5));
#4418 = VECTOR('',#4419,1.);
#4419 = DIRECTION('',(-1.,0.));
#4420 = ( GEOMETRIC_REPRESENTATION_CONTEXT(2) 
PARAMETRIC_REPRESENTATION_CONTEXT() REPRESENTATION_CONTEXT('2D SPACE',''
  ) );
#4421 = PCURVE('',#1948,#4422);
#4422 = DEFINITIONAL_REPRESENTATION('',(#4423),#4427);
#4423 = LINE('',#4424,#4425);
#4424 = CARTESIAN_POINT('',(-61.46057525224,-13.50654267777));
#4425 = VECTOR('',#4426,1.);
#4426 = DIRECTION('',(-9.009945896707E-02,-0.995932772577));
#4427 = ( GEOMETRIC_REPRESENTATION_CONTEXT(2) 
PARAMETRIC_REPRESENTATION_CONTEXT() REPRESENTATION_CONTEXT('2D SPACE',''
  ) );
#4428 = ORIENTED_EDGE('',*,*,#4311,.F.);
#4429 = ORIENTED_EDGE('',*,*,#839,.F.);
#4430 = ADVANCED_FACE('',(#4431),#883,.F.);
#4431 = FACE_BOUND('',#4432,.T.);
#4432 = EDGE_LOOP('',(#4433,#4434,#4455,#4456));
#4433 = ORIENTED_EDGE('',*,*,#4385,.T.);
#4434 = ORIENTED_EDGE('',*,*,#4435,.T.);
#4435 = EDGE_CURVE('',#4386,#4338,#4436,.T.);
#4436 = SURFACE_CURVE('',#4437,(#4441,#4448),.PCURVE_S1.);
#4437 = LINE('',#4438,#4439);
#4438 = CARTESIAN_POINT('',(-61.618454387,-8.057964841554,0.));
#4439 = VECTOR('',#4440,1.);
#4440 = DIRECTION('',(4.593073845555E-02,0.998944626726,-0.));
#4441 = PCURVE('',#883,#4442);
#4442 = DEFINITIONAL_REPRESENTATION('',(#4443),#4447);
#4443 = LINE('',#4444,#4445);
#4444 = CARTESIAN_POINT('',(-14.64402251582,-4.5));
#4445 = VECTOR('',#4446,1.);
#4446 = DIRECTION('',(-1.,0.));
#4447 = ( GEOMETRIC_REPRESENTATION_CONTEXT(2) 
PARAMETRIC_REPRESENTATION_CONTEXT() REPRESENTATION_CONTEXT('2D SPACE',''
  ) );
#4448 = PCURVE('',#1948,#4449);
#4449 = DEFINITIONAL_REPRESENTATION('',(#4450),#4454);
#4450 = LINE('',#4451,#4452);
#4451 = CARTESIAN_POINT('',(-61.618454387,-8.057964841554));
#4452 = VECTOR('',#4453,1.);
#4453 = DIRECTION('',(4.593073845555E-02,0.998944626726));
#4454 = ( GEOMETRIC_REPRESENTATION_CONTEXT(2) 
PARAMETRIC_REPRESENTATION_CONTEXT() REPRESENTATION_CONTEXT('2D SPACE',''
  ) );
#4455 = ORIENTED_EDGE('',*,*,#4360,.F.);
#4456 = ORIENTED_EDGE('',*,*,#867,.F.);
#4457 = ADVANCED_FACE('',(#4458),#1560,.F.);
#4458 = FACE_BOUND('',#4459,.T.);
#4459 = EDGE_LOOP('',(#4460,#4483,#4514,#4515));
#4460 = ORIENTED_EDGE('',*,*,#4461,.T.);
#4461 = EDGE_CURVE('',#1540,#4462,#4464,.T.);
#4462 = VERTEX_POINT('',#4463);
#4463 = CARTESIAN_POINT('',(53.182346429949,-85.51262893914,-2.5));
#4464 = SEAM_CURVE('',#4465,(#4469,#4476),.PCURVE_S1.);
#4465 = LINE('',#4466,#4467);
#4466 = CARTESIAN_POINT('',(53.182346429949,-85.51262893914,-6.5));
#4467 = VECTOR('',#4468,1.);
#4468 = DIRECTION('',(-0.,-0.,1.));
#4469 = PCURVE('',#1560,#4470);
#4470 = DEFINITIONAL_REPRESENTATION('',(#4471),#4475);
#4471 = LINE('',#4472,#4473);
#4472 = CARTESIAN_POINT('',(-6.28318530718,-0.));
#4473 = VECTOR('',#4474,1.);
#4474 = DIRECTION('',(-0.,1.));
#4475 = ( GEOMETRIC_REPRESENTATION_CONTEXT(2) 
PARAMETRIC_REPRESENTATION_CONTEXT() REPRESENTATION_CONTEXT('2D SPACE',''
  ) );
#4476 = PCURVE('',#1560,#4477);
#4477 = DEFINITIONAL_REPRESENTATION('',(#4478),#4482);
#4478 = LINE('',#4479,#4480);
#4479 = CARTESIAN_POINT('',(-0.,-0.));
#4480 = VECTOR('',#4481,1.);
#4481 = DIRECTION('',(-0.,1.));
#4482 = ( GEOMETRIC_REPRESENTATION_CONTEXT(2) 
PARAMETRIC_REPRESENTATION_CONTEXT() REPRESENTATION_CONTEXT('2D SPACE',''
  ) );
#4483 = ORIENTED_EDGE('',*,*,#4484,.F.);
#4484 = EDGE_CURVE('',#4462,#4462,#4485,.T.);
#4485 = SURFACE_CURVE('',#4486,(#4491,#4498),.PCURVE_S1.);
#4486 = CIRCLE('',#4487,3.);
#4487 = AXIS2_PLACEMENT_3D('',#4488,#4489,#4490);
#4488 = CARTESIAN_POINT('',(56.182346429949,-85.51262893914,-2.5));
#4489 = DIRECTION('',(0.,0.,-1.));
#4490 = DIRECTION('',(-1.,-0.,-0.));
#4491 = PCURVE('',#1560,#4492);
#4492 = DEFINITIONAL_REPRESENTATION('',(#4493),#4497);
#4493 = LINE('',#4494,#4495);
#4494 = CARTESIAN_POINT('',(-0.,4.));
#4495 = VECTOR('',#4496,1.);
#4496 = DIRECTION('',(-1.,0.));
#4497 = ( GEOMETRIC_REPRESENTATION_CONTEXT(2) 
PARAMETRIC_REPRESENTATION_CONTEXT() REPRESENTATION_CONTEXT('2D SPACE',''
  ) );
#4498 = PCURVE('',#4499,#4504);
#4499 = PLANE('',#4500);
#4500 = AXIS2_PLACEMENT_3D('',#4501,#4502,#4503);
#4501 = CARTESIAN_POINT('',(56.182346429949,-85.51262893914,-2.5));
#4502 = DIRECTION('',(-0.,-0.,1.));
#4503 = DIRECTION('',(1.,0.,0.));
#4504 = DEFINITIONAL_REPRESENTATION('',(#4505),#4513);
#4505 = ( BOUNDED_CURVE() B_SPLINE_CURVE(2,(#4506,#4507,#4508,#4509,
#4510,#4511,#4512),.UNSPECIFIED.,.T.,.F.) B_SPLINE_CURVE_WITH_KNOTS((1,2
    ,2,2,2,1),(-2.094395102393,0.,2.094395102393,4.188790204786,
6.28318530718,8.377580409573),.UNSPECIFIED.) CURVE() 
GEOMETRIC_REPRESENTATION_ITEM() RATIONAL_B_SPLINE_CURVE((1.,0.5,1.,0.5,
1.,0.5,1.)) REPRESENTATION_ITEM('') );
#4506 = CARTESIAN_POINT('',(-3.,0.));
#4507 = CARTESIAN_POINT('',(-3.,5.196152422707));
#4508 = CARTESIAN_POINT('',(1.5,2.598076211353));
#4509 = CARTESIAN_POINT('',(6.,7.347880794884E-16));
#4510 = CARTESIAN_POINT('',(1.5,-2.598076211353));
#4511 = CARTESIAN_POINT('',(-3.,-5.196152422707));
#4512 = CARTESIAN_POINT('',(-3.,0.));
#4513 = ( GEOMETRIC_REPRESENTATION_CONTEXT(2) 
PARAMETRIC_REPRESENTATION_CONTEXT() REPRESENTATION_CONTEXT('2D SPACE',''
  ) );
#4514 = ORIENTED_EDGE('',*,*,#4461,.F.);
#4515 = ORIENTED_EDGE('',*,*,#1539,.T.);
#4516 = ADVANCED_FACE('',(#4517),#1595,.F.);
#4517 = FACE_BOUND('',#4518,.T.);
#4518 = EDGE_LOOP('',(#4519,#4542,#4573,#4574));
#4519 = ORIENTED_EDGE('',*,*,#4520,.T.);
#4520 = EDGE_CURVE('',#1575,#4521,#4523,.T.);
#4521 = VERTEX_POINT('',#4522);
#4522 = CARTESIAN_POINT('',(77.678472390404,-29.81929598743,-2.5));
#4523 = SEAM_CURVE('',#4524,(#4528,#4535),.PCURVE_S1.);
#4524 = LINE('',#4525,#4526);
#4525 = CARTESIAN_POINT('',(77.678472390404,-29.81929598743,-6.5));
#4526 = VECTOR('',#4527,1.);
#4527 = DIRECTION('',(-0.,-0.,1.));
#4528 = PCURVE('',#1595,#4529);
#4529 = DEFINITIONAL_REPRESENTATION('',(#4530),#4534);
#4530 = LINE('',#4531,#4532);
#4531 = CARTESIAN_POINT('',(-6.28318530718,-0.));
#4532 = VECTOR('',#4533,1.);
#4533 = DIRECTION('',(-0.,1.));
#4534 = ( GEOMETRIC_REPRESENTATION_CONTEXT(2) 
PARAMETRIC_REPRESENTATION_CONTEXT() REPRESENTATION_CONTEXT('2D SPACE',''
  ) );
#4535 = PCURVE('',#1595,#4536);
#4536 = DEFINITIONAL_REPRESENTATION('',(#4537),#4541);
#4537 = LINE('',#4538,#4539);
#4538 = CARTESIAN_POINT('',(-0.,-0.));
#4539 = VECTOR('',#4540,1.);
#4540 = DIRECTION('',(-0.,1.));
#4541 = ( GEOMETRIC_REPRESENTATION_CONTEXT(2) 
PARAMETRIC_REPRESENTATION_CONTEXT() REPRESENTATION_CONTEXT('2D SPACE',''
  ) );
#4542 = ORIENTED_EDGE('',*,*,#4543,.F.);
#4543 = EDGE_CURVE('',#4521,#4521,#4544,.T.);
#4544 = SURFACE_CURVE('',#4545,(#4550,#4557),.PCURVE_S1.);
#4545 = CIRCLE('',#4546,3.);
#4546 = AXIS2_PLACEMENT_3D('',#4547,#4548,#4549);
#4547 = CARTESIAN_POINT('',(80.678472390404,-29.81929598743,-2.5));
#4548 = DIRECTION('',(0.,0.,-1.));
#4549 = DIRECTION('',(-1.,-0.,-0.));
#4550 = PCURVE('',#1595,#4551);
#4551 = DEFINITIONAL_REPRESENTATION('',(#4552),#4556);
#4552 = LINE('',#4553,#4554);
#4553 = CARTESIAN_POINT('',(-0.,4.));
#4554 = VECTOR('',#4555,1.);
#4555 = DIRECTION('',(-1.,0.));
#4556 = ( GEOMETRIC_REPRESENTATION_CONTEXT(2) 
PARAMETRIC_REPRESENTATION_CONTEXT() REPRESENTATION_CONTEXT('2D SPACE',''
  ) );
#4557 = PCURVE('',#4558,#4563);
#4558 = PLANE('',#4559);
#4559 = AXIS2_PLACEMENT_3D('',#4560,#4561,#4562);
#4560 = CARTESIAN_POINT('',(80.678472390404,-29.81929598743,-2.5));
#4561 = DIRECTION('',(-0.,-0.,1.));
#4562 = DIRECTION('',(1.,0.,0.));
#4563 = DEFINITIONAL_REPRESENTATION('',(#4564),#4572);
#4564 = ( BOUNDED_CURVE() B_SPLINE_CURVE(2,(#4565,#4566,#4567,#4568,
#4569,#4570,#4571),.UNSPECIFIED.,.T.,.F.) B_SPLINE_CURVE_WITH_KNOTS((1,2
    ,2,2,2,1),(-2.094395102393,0.,2.094395102393,4.188790204786,
6.28318530718,8.377580409573),.UNSPECIFIED.) CURVE() 
GEOMETRIC_REPRESENTATION_ITEM() RATIONAL_B_SPLINE_CURVE((1.,0.5,1.,0.5,
1.,0.5,1.)) REPRESENTATION_ITEM('') );
#4565 = CARTESIAN_POINT('',(-3.,0.));
#4566 = CARTESIAN_POINT('',(-3.,5.196152422707));
#4567 = CARTESIAN_POINT('',(1.5,2.598076211353));
#4568 = CARTESIAN_POINT('',(6.,7.347880794884E-16));
#4569 = CARTESIAN_POINT('',(1.5,-2.598076211353));
#4570 = CARTESIAN_POINT('',(-3.,-5.196152422707));
#4571 = CARTESIAN_POINT('',(-3.,0.));
#4572 = ( GEOMETRIC_REPRESENTATION_CONTEXT(2) 
PARAMETRIC_REPRESENTATION_CONTEXT() REPRESENTATION_CONTEXT('2D SPACE',''
  ) );
#4573 = ORIENTED_EDGE('',*,*,#4520,.F.);
#4574 = ORIENTED_EDGE('',*,*,#1574,.T.);
#4575 = ADVANCED_FACE('',(#4576),#1735,.F.);
#4576 = FACE_BOUND('',#4577,.T.);
#4577 = EDGE_LOOP('',(#4578,#4601,#4632,#4633));
#4578 = ORIENTED_EDGE('',*,*,#4579,.T.);
#4579 = EDGE_CURVE('',#1715,#4580,#4582,.T.);
#4580 = VERTEX_POINT('',#4581);
#4581 = CARTESIAN_POINT('',(-4.259489082499,-62.62531824854,-2.5));
#4582 = SEAM_CURVE('',#4583,(#4587,#4594),.PCURVE_S1.);
#4583 = LINE('',#4584,#4585);
#4584 = CARTESIAN_POINT('',(-4.259489082499,-62.62531824854,-6.5));
#4585 = VECTOR('',#4586,1.);
#4586 = DIRECTION('',(-0.,-0.,1.));
#4587 = PCURVE('',#1735,#4588);
#4588 = DEFINITIONAL_REPRESENTATION('',(#4589),#4593);
#4589 = LINE('',#4590,#4591);
#4590 = CARTESIAN_POINT('',(-6.28318530718,-0.));
#4591 = VECTOR('',#4592,1.);
#4592 = DIRECTION('',(-0.,1.));
#4593 = ( GEOMETRIC_REPRESENTATION_CONTEXT(2) 
PARAMETRIC_REPRESENTATION_CONTEXT() REPRESENTATION_CONTEXT('2D SPACE',''
  ) );
#4594 = PCURVE('',#1735,#4595);
#4595 = DEFINITIONAL_REPRESENTATION('',(#4596),#4600);
#4596 = LINE('',#4597,#4598);
#4597 = CARTESIAN_POINT('',(-0.,-0.));
#4598 = VECTOR('',#4599,1.);
#4599 = DIRECTION('',(-0.,1.));
#4600 = ( GEOMETRIC_REPRESENTATION_CONTEXT(2) 
PARAMETRIC_REPRESENTATION_CONTEXT() REPRESENTATION_CONTEXT('2D SPACE',''
  ) );
#4601 = ORIENTED_EDGE('',*,*,#4602,.F.);
#4602 = EDGE_CURVE('',#4580,#4580,#4603,.T.);
#4603 = SURFACE_CURVE('',#4604,(#4609,#4616),.PCURVE_S1.);
#4604 = CIRCLE('',#4605,3.);
#4605 = AXIS2_PLACEMENT_3D('',#4606,#4607,#4608);
#4606 = CARTESIAN_POINT('',(-1.259489082499,-62.62531824854,-2.5));
#4607 = DIRECTION('',(0.,0.,-1.));
#4608 = DIRECTION('',(-1.,-0.,-0.));
#4609 = PCURVE('',#1735,#4610);
#4610 = DEFINITIONAL_REPRESENTATION('',(#4611),#4615);
#4611 = LINE('',#4612,#4613);
#4612 = CARTESIAN_POINT('',(-0.,4.));
#4613 = VECTOR('',#4614,1.);
#4614 = DIRECTION('',(-1.,0.));
#4615 = ( GEOMETRIC_REPRESENTATION_CONTEXT(2) 
PARAMETRIC_REPRESENTATION_CONTEXT() REPRESENTATION_CONTEXT('2D SPACE',''
  ) );
#4616 = PCURVE('',#4617,#4622);
#4617 = PLANE('',#4618);
#4618 = AXIS2_PLACEMENT_3D('',#4619,#4620,#4621);
#4619 = CARTESIAN_POINT('',(-1.259489082499,-62.62531824854,-2.5));
#4620 = DIRECTION('',(-0.,-0.,1.));
#4621 = DIRECTION('',(1.,0.,0.));
#4622 = DEFINITIONAL_REPRESENTATION('',(#4623),#4631);
#4623 = ( BOUNDED_CURVE() B_SPLINE_CURVE(2,(#4624,#4625,#4626,#4627,
#4628,#4629,#4630),.UNSPECIFIED.,.T.,.F.) B_SPLINE_CURVE_WITH_KNOTS((1,2
    ,2,2,2,1),(-2.094395102393,0.,2.094395102393,4.188790204786,
6.28318530718,8.377580409573),.UNSPECIFIED.) CURVE() 
GEOMETRIC_REPRESENTATION_ITEM() RATIONAL_B_SPLINE_CURVE((1.,0.5,1.,0.5,
1.,0.5,1.)) REPRESENTATION_ITEM('') );
#4624 = CARTESIAN_POINT('',(-3.,0.));
#4625 = CARTESIAN_POINT('',(-3.,5.196152422707));
#4626 = CARTESIAN_POINT('',(1.5,2.598076211353));
#4627 = CARTESIAN_POINT('',(6.,7.347880794884E-16));
#4628 = CARTESIAN_POINT('',(1.5,-2.598076211353));
#4629 = CARTESIAN_POINT('',(-3.,-5.196152422707));
#4630 = CARTESIAN_POINT('',(-3.,0.));
#4631 = ( GEOMETRIC_REPRESENTATION_CONTEXT(2) 
PARAMETRIC_REPRESENTATION_CONTEXT() REPRESENTATION_CONTEXT('2D SPACE',''
  ) );
#4632 = ORIENTED_EDGE('',*,*,#4579,.F.);
#4633 = ORIENTED_EDGE('',*,*,#1714,.T.);
#4634 = ADVANCED_FACE('',(#4635),#1770,.F.);
#4635 = FACE_BOUND('',#4636,.T.);
#4636 = EDGE_LOOP('',(#4637,#4660,#4691,#4692));
#4637 = ORIENTED_EDGE('',*,*,#4638,.T.);
#4638 = EDGE_CURVE('',#1750,#4639,#4641,.T.);
#4639 = VERTEX_POINT('',#4640);
#4640 = CARTESIAN_POINT('',(-61.30665593763,-32.70157846001,-2.5));
#4641 = SEAM_CURVE('',#4642,(#4646,#4653),.PCURVE_S1.);
#4642 = LINE('',#4643,#4644);
#4643 = CARTESIAN_POINT('',(-61.30665593763,-32.70157846001,-6.5));
#4644 = VECTOR('',#4645,1.);
#4645 = DIRECTION('',(-0.,-0.,1.));
#4646 = PCURVE('',#1770,#4647);
#4647 = DEFINITIONAL_REPRESENTATION('',(#4648),#4652);
#4648 = LINE('',#4649,#4650);
#4649 = CARTESIAN_POINT('',(-6.28318530718,-0.));
#4650 = VECTOR('',#4651,1.);
#4651 = DIRECTION('',(-0.,1.));
#4652 = ( GEOMETRIC_REPRESENTATION_CONTEXT(2) 
PARAMETRIC_REPRESENTATION_CONTEXT() REPRESENTATION_CONTEXT('2D SPACE',''
  ) );
#4653 = PCURVE('',#1770,#4654);
#4654 = DEFINITIONAL_REPRESENTATION('',(#4655),#4659);
#4655 = LINE('',#4656,#4657);
#4656 = CARTESIAN_POINT('',(-0.,-0.));
#4657 = VECTOR('',#4658,1.);
#4658 = DIRECTION('',(-0.,1.));
#4659 = ( GEOMETRIC_REPRESENTATION_CONTEXT(2) 
PARAMETRIC_REPRESENTATION_CONTEXT() REPRESENTATION_CONTEXT('2D SPACE',''
  ) );
#4660 = ORIENTED_EDGE('',*,*,#4661,.F.);
#4661 = EDGE_CURVE('',#4639,#4639,#4662,.T.);
#4662 = SURFACE_CURVE('',#4663,(#4668,#4675),.PCURVE_S1.);
#4663 = CIRCLE('',#4664,3.);
#4664 = AXIS2_PLACEMENT_3D('',#4665,#4666,#4667);
#4665 = CARTESIAN_POINT('',(-58.30665593763,-32.70157846001,-2.5));
#4666 = DIRECTION('',(0.,0.,-1.));
#4667 = DIRECTION('',(-1.,-0.,-0.));
#4668 = PCURVE('',#1770,#4669);
#4669 = DEFINITIONAL_REPRESENTATION('',(#4670),#4674);
#4670 = LINE('',#4671,#4672);
#4671 = CARTESIAN_POINT('',(-0.,4.));
#4672 = VECTOR('',#4673,1.);
#4673 = DIRECTION('',(-1.,0.));
#4674 = ( GEOMETRIC_REPRESENTATION_CONTEXT(2) 
PARAMETRIC_REPRESENTATION_CONTEXT() REPRESENTATION_CONTEXT('2D SPACE',''
  ) );
#4675 = PCURVE('',#4676,#4681);
#4676 = PLANE('',#4677);
#4677 = AXIS2_PLACEMENT_3D('',#4678,#4679,#4680);
#4678 = CARTESIAN_POINT('',(-58.30665593763,-32.70157846001,-2.5));
#4679 = DIRECTION('',(-0.,-0.,1.));
#4680 = DIRECTION('',(1.,0.,0.));
#4681 = DEFINITIONAL_REPRESENTATION('',(#4682),#4690);
#4682 = ( BOUNDED_CURVE() B_SPLINE_CURVE(2,(#4683,#4684,#4685,#4686,
#4687,#4688,#4689),.UNSPECIFIED.,.T.,.F.) B_SPLINE_CURVE_WITH_KNOTS((1,2
    ,2,2,2,1),(-2.094395102393,0.,2.094395102393,4.188790204786,
6.28318530718,8.377580409573),.UNSPECIFIED.) CURVE() 
GEOMETRIC_REPRESENTATION_ITEM() RATIONAL_B_SPLINE_CURVE((1.,0.5,1.,0.5,
1.,0.5,1.)) REPRESENTATION_ITEM('') );
#4683 = CARTESIAN_POINT('',(-3.,0.));
#4684 = CARTESIAN_POINT('',(-3.,5.196152422707));
#4685 = CARTESIAN_POINT('',(1.5,2.598076211353));
#4686 = CARTESIAN_POINT('',(6.,7.347880794884E-16));
#4687 = CARTESIAN_POINT('',(1.5,-2.598076211353));
#4688 = CARTESIAN_POINT('',(-3.,-5.196152422707));
#4689 = CARTESIAN_POINT('',(-3.,0.));
#4690 = ( GEOMETRIC_REPRESENTATION_CONTEXT(2) 
PARAMETRIC_REPRESENTATION_CONTEXT() REPRESENTATION_CONTEXT('2D SPACE',''
  ) );
#4691 = ORIENTED_EDGE('',*,*,#4638,.F.);
#4692 = ORIENTED_EDGE('',*,*,#1749,.T.);
#4693 = ADVANCED_FACE('',(#4694),#1700,.F.);
#4694 = FACE_BOUND('',#4695,.T.);
#4695 = EDGE_LOOP('',(#4696,#4719,#4750,#4751));
#4696 = ORIENTED_EDGE('',*,*,#4697,.T.);
#4697 = EDGE_CURVE('',#1680,#4698,#4700,.T.);
#4698 = VERTEX_POINT('',#4699);
#4699 = CARTESIAN_POINT('',(92.404823644136,44.08349727605,-2.5));
#4700 = SEAM_CURVE('',#4701,(#4705,#4712),.PCURVE_S1.);
#4701 = LINE('',#4702,#4703);
#4702 = CARTESIAN_POINT('',(92.404823644136,44.08349727605,-6.5));
#4703 = VECTOR('',#4704,1.);
#4704 = DIRECTION('',(-0.,-0.,1.));
#4705 = PCURVE('',#1700,#4706);
#4706 = DEFINITIONAL_REPRESENTATION('',(#4707),#4711);
#4707 = LINE('',#4708,#4709);
#4708 = CARTESIAN_POINT('',(-6.28318530718,-0.));
#4709 = VECTOR('',#4710,1.);
#4710 = DIRECTION('',(-0.,1.));
#4711 = ( GEOMETRIC_REPRESENTATION_CONTEXT(2) 
PARAMETRIC_REPRESENTATION_CONTEXT() REPRESENTATION_CONTEXT('2D SPACE',''
  ) );
#4712 = PCURVE('',#1700,#4713);
#4713 = DEFINITIONAL_REPRESENTATION('',(#4714),#4718);
#4714 = LINE('',#4715,#4716);
#4715 = CARTESIAN_POINT('',(-0.,-0.));
#4716 = VECTOR('',#4717,1.);
#4717 = DIRECTION('',(-0.,1.));
#4718 = ( GEOMETRIC_REPRESENTATION_CONTEXT(2) 
PARAMETRIC_REPRESENTATION_CONTEXT() REPRESENTATION_CONTEXT('2D SPACE',''
  ) );
#4719 = ORIENTED_EDGE('',*,*,#4720,.F.);
#4720 = EDGE_CURVE('',#4698,#4698,#4721,.T.);
#4721 = SURFACE_CURVE('',#4722,(#4727,#4734),.PCURVE_S1.);
#4722 = CIRCLE('',#4723,3.);
#4723 = AXIS2_PLACEMENT_3D('',#4724,#4725,#4726);
#4724 = CARTESIAN_POINT('',(95.404823644136,44.08349727605,-2.5));
#4725 = DIRECTION('',(0.,0.,-1.));
#4726 = DIRECTION('',(-1.,-0.,-0.));
#4727 = PCURVE('',#1700,#4728);
#4728 = DEFINITIONAL_REPRESENTATION('',(#4729),#4733);
#4729 = LINE('',#4730,#4731);
#4730 = CARTESIAN_POINT('',(-0.,4.));
#4731 = VECTOR('',#4732,1.);
#4732 = DIRECTION('',(-1.,0.));
#4733 = ( GEOMETRIC_REPRESENTATION_CONTEXT(2) 
PARAMETRIC_REPRESENTATION_CONTEXT() REPRESENTATION_CONTEXT('2D SPACE',''
  ) );
#4734 = PCURVE('',#4735,#4740);
#4735 = PLANE('',#4736);
#4736 = AXIS2_PLACEMENT_3D('',#4737,#4738,#4739);
#4737 = CARTESIAN_POINT('',(95.404823644136,44.08349727605,-2.5));
#4738 = DIRECTION('',(-0.,-0.,1.));
#4739 = DIRECTION('',(1.,0.,0.));
#4740 = DEFINITIONAL_REPRESENTATION('',(#4741),#4749);
#4741 = ( BOUNDED_CURVE() B_SPLINE_CURVE(2,(#4742,#4743,#4744,#4745,
#4746,#4747,#4748),.UNSPECIFIED.,.T.,.F.) B_SPLINE_CURVE_WITH_KNOTS((1,2
    ,2,2,2,1),(-2.094395102393,0.,2.094395102393,4.188790204786,
6.28318530718,8.377580409573),.UNSPECIFIED.) CURVE() 
GEOMETRIC_REPRESENTATION_ITEM() RATIONAL_B_SPLINE_CURVE((1.,0.5,1.,0.5,
1.,0.5,1.)) REPRESENTATION_ITEM('') );
#4742 = CARTESIAN_POINT('',(-3.,0.));
#4743 = CARTESIAN_POINT('',(-3.,5.196152422707));
#4744 = CARTESIAN_POINT('',(1.5,2.598076211353));
#4745 = CARTESIAN_POINT('',(6.,7.347880794884E-16));
#4746 = CARTESIAN_POINT('',(1.5,-2.598076211353));
#4747 = CARTESIAN_POINT('',(-3.,-5.196152422707));
#4748 = CARTESIAN_POINT('',(-3.,0.));
#4749 = ( GEOMETRIC_REPRESENTATION_CONTEXT(2) 
PARAMETRIC_REPRESENTATION_CONTEXT() REPRESENTATION_CONTEXT('2D SPACE',''
  ) );
#4750 = ORIENTED_EDGE('',*,*,#4697,.F.);
#4751 = ORIENTED_EDGE('',*,*,#1679,.T.);
#4752 = ADVANCED_FACE('',(#4753),#1665,.F.);
#4753 = FACE_BOUND('',#4754,.T.);
#4754 = EDGE_LOOP('',(#4755,#4778,#4809,#4810));
#4755 = ORIENTED_EDGE('',*,*,#4756,.T.);
#4756 = EDGE_CURVE('',#1645,#4757,#4759,.T.);
#4757 = VERTEX_POINT('',#4758);
#4758 = CARTESIAN_POINT('',(-4.350374569373,63.274837467236,-2.5));
#4759 = SEAM_CURVE('',#4760,(#4764,#4771),.PCURVE_S1.);
#4760 = LINE('',#4761,#4762);
#4761 = CARTESIAN_POINT('',(-4.350374569373,63.274837467236,-6.5));
#4762 = VECTOR('',#4763,1.);
#4763 = DIRECTION('',(-0.,-0.,1.));
#4764 = PCURVE('',#1665,#4765);
#4765 = DEFINITIONAL_REPRESENTATION('',(#4766),#4770);
#4766 = LINE('',#4767,#4768);
#4767 = CARTESIAN_POINT('',(-6.28318530718,-0.));
#4768 = VECTOR('',#4769,1.);
#4769 = DIRECTION('',(-0.,1.));
#4770 = ( GEOMETRIC_REPRESENTATION_CONTEXT(2) 
PARAMETRIC_REPRESENTATION_CONTEXT() REPRESENTATION_CONTEXT('2D SPACE',''
  ) );
#4771 = PCURVE('',#1665,#4772);
#4772 = DEFINITIONAL_REPRESENTATION('',(#4773),#4777);
#4773 = LINE('',#4774,#4775);
#4774 = CARTESIAN_POINT('',(-0.,-0.));
#4775 = VECTOR('',#4776,1.);
#4776 = DIRECTION('',(-0.,1.));
#4777 = ( GEOMETRIC_REPRESENTATION_CONTEXT(2) 
PARAMETRIC_REPRESENTATION_CONTEXT() REPRESENTATION_CONTEXT('2D SPACE',''
  ) );
#4778 = ORIENTED_EDGE('',*,*,#4779,.F.);
#4779 = EDGE_CURVE('',#4757,#4757,#4780,.T.);
#4780 = SURFACE_CURVE('',#4781,(#4786,#4793),.PCURVE_S1.);
#4781 = CIRCLE('',#4782,3.);
#4782 = AXIS2_PLACEMENT_3D('',#4783,#4784,#4785);
#4783 = CARTESIAN_POINT('',(-1.350374569373,63.274837467236,-2.5));
#4784 = DIRECTION('',(0.,0.,-1.));
#4785 = DIRECTION('',(-1.,-0.,-0.));
#4786 = PCURVE('',#1665,#4787);
#4787 = DEFINITIONAL_REPRESENTATION('',(#4788),#4792);
#4788 = LINE('',#4789,#4790);
#4789 = CARTESIAN_POINT('',(-0.,4.));
#4790 = VECTOR('',#4791,1.);
#4791 = DIRECTION('',(-1.,0.));
#4792 = ( GEOMETRIC_REPRESENTATION_CONTEXT(2) 
PARAMETRIC_REPRESENTATION_CONTEXT() REPRESENTATION_CONTEXT('2D SPACE',''
  ) );
#4793 = PCURVE('',#4794,#4799);
#4794 = PLANE('',#4795);
#4795 = AXIS2_PLACEMENT_3D('',#4796,#4797,#4798);
#4796 = CARTESIAN_POINT('',(-1.350374569373,63.274837467236,-2.5));
#4797 = DIRECTION('',(-0.,-0.,1.));
#4798 = DIRECTION('',(1.,0.,0.));
#4799 = DEFINITIONAL_REPRESENTATION('',(#4800),#4808);
#4800 = ( BOUNDED_CURVE() B_SPLINE_CURVE(2,(#4801,#4802,#4803,#4804,
#4805,#4806,#4807),.UNSPECIFIED.,.T.,.F.) B_SPLINE_CURVE_WITH_KNOTS((1,2
    ,2,2,2,1),(-2.094395102393,0.,2.094395102393,4.188790204786,
6.28318530718,8.377580409573),.UNSPECIFIED.) CURVE() 
GEOMETRIC_REPRESENTATION_ITEM() RATIONAL_B_SPLINE_CURVE((1.,0.5,1.,0.5,
1.,0.5,1.)) REPRESENTATION_ITEM('') );
#4801 = CARTESIAN_POINT('',(-3.,0.));
#4802 = CARTESIAN_POINT('',(-3.,5.196152422707));
#4803 = CARTESIAN_POINT('',(1.5,2.598076211353));
#4804 = CARTESIAN_POINT('',(6.,7.347880794884E-16));
#4805 = CARTESIAN_POINT('',(1.5,-2.598076211353));
#4806 = CARTESIAN_POINT('',(-3.,-5.196152422707));
#4807 = CARTESIAN_POINT('',(-3.,0.));
#4808 = ( GEOMETRIC_REPRESENTATION_CONTEXT(2) 
PARAMETRIC_REPRESENTATION_CONTEXT() REPRESENTATION_CONTEXT('2D SPACE',''
  ) );
#4809 = ORIENTED_EDGE('',*,*,#4756,.F.);
#4810 = ORIENTED_EDGE('',*,*,#1644,.T.);
#4811 = ADVANCED_FACE('',(#4812),#1630,.F.);
#4812 = FACE_BOUND('',#4813,.T.);
#4813 = EDGE_LOOP('',(#4814,#4837,#4868,#4869));
#4814 = ORIENTED_EDGE('',*,*,#4815,.T.);
#4815 = EDGE_CURVE('',#1610,#4816,#4818,.T.);
#4816 = VERTEX_POINT('',#4817);
#4817 = CARTESIAN_POINT('',(-62.03025479665,45.583491530858,-2.5));
#4818 = SEAM_CURVE('',#4819,(#4823,#4830),.PCURVE_S1.);
#4819 = LINE('',#4820,#4821);
#4820 = CARTESIAN_POINT('',(-62.03025479665,45.583491530858,-6.5));
#4821 = VECTOR('',#4822,1.);
#4822 = DIRECTION('',(-0.,-0.,1.));
#4823 = PCURVE('',#1630,#4824);
#4824 = DEFINITIONAL_REPRESENTATION('',(#4825),#4829);
#4825 = LINE('',#4826,#4827);
#4826 = CARTESIAN_POINT('',(-6.28318530718,-0.));
#4827 = VECTOR('',#4828,1.);
#4828 = DIRECTION('',(-0.,1.));
#4829 = ( GEOMETRIC_REPRESENTATION_CONTEXT(2) 
PARAMETRIC_REPRESENTATION_CONTEXT() REPRESENTATION_CONTEXT('2D SPACE',''
  ) );
#4830 = PCURVE('',#1630,#4831);
#4831 = DEFINITIONAL_REPRESENTATION('',(#4832),#4836);
#4832 = LINE('',#4833,#4834);
#4833 = CARTESIAN_POINT('',(-0.,-0.));
#4834 = VECTOR('',#4835,1.);
#4835 = DIRECTION('',(-0.,1.));
#4836 = ( GEOMETRIC_REPRESENTATION_CONTEXT(2) 
PARAMETRIC_REPRESENTATION_CONTEXT() REPRESENTATION_CONTEXT('2D SPACE',''
  ) );
#4837 = ORIENTED_EDGE('',*,*,#4838,.F.);
#4838 = EDGE_CURVE('',#4816,#4816,#4839,.T.);
#4839 = SURFACE_CURVE('',#4840,(#4845,#4852),.PCURVE_S1.);
#4840 = CIRCLE('',#4841,3.);
#4841 = AXIS2_PLACEMENT_3D('',#4842,#4843,#4844);
#4842 = CARTESIAN_POINT('',(-59.03025479665,45.583491530858,-2.5));
#4843 = DIRECTION('',(0.,0.,-1.));
#4844 = DIRECTION('',(-1.,-0.,-0.));
#4845 = PCURVE('',#1630,#4846);
#4846 = DEFINITIONAL_REPRESENTATION('',(#4847),#4851);
#4847 = LINE('',#4848,#4849);
#4848 = CARTESIAN_POINT('',(-0.,4.));
#4849 = VECTOR('',#4850,1.);
#4850 = DIRECTION('',(-1.,0.));
#4851 = ( GEOMETRIC_REPRESENTATION_CONTEXT(2) 
PARAMETRIC_REPRESENTATION_CONTEXT() REPRESENTATION_CONTEXT('2D SPACE',''
  ) );
#4852 = PCURVE('',#4853,#4858);
#4853 = PLANE('',#4854);
#4854 = AXIS2_PLACEMENT_3D('',#4855,#4856,#4857);
#4855 = CARTESIAN_POINT('',(-59.03025479665,45.583491530858,-2.5));
#4856 = DIRECTION('',(-0.,-0.,1.));
#4857 = DIRECTION('',(1.,0.,0.));
#4858 = DEFINITIONAL_REPRESENTATION('',(#4859),#4867);
#4859 = ( BOUNDED_CURVE() B_SPLINE_CURVE(2,(#4860,#4861,#4862,#4863,
#4864,#4865,#4866),.UNSPECIFIED.,.T.,.F.) B_SPLINE_CURVE_WITH_KNOTS((1,2
    ,2,2,2,1),(-2.094395102393,0.,2.094395102393,4.188790204786,
6.28318530718,8.377580409573),.UNSPECIFIED.) CURVE() 
GEOMETRIC_REPRESENTATION_ITEM() RATIONAL_B_SPLINE_CURVE((1.,0.5,1.,0.5,
1.,0.5,1.)) REPRESENTATION_ITEM('') );
#4860 = CARTESIAN_POINT('',(-3.,0.));
#4861 = CARTESIAN_POINT('',(-3.,5.196152422707));
#4862 = CARTESIAN_POINT('',(1.5,2.598076211353));
#4863 = CARTESIAN_POINT('',(6.,7.347880794884E-16));
#4864 = CARTESIAN_POINT('',(1.5,-2.598076211353));
#4865 = CARTESIAN_POINT('',(-3.,-5.196152422707));
#4866 = CARTESIAN_POINT('',(-3.,0.));
#4867 = ( GEOMETRIC_REPRESENTATION_CONTEXT(2) 
PARAMETRIC_REPRESENTATION_CONTEXT() REPRESENTATION_CONTEXT('2D SPACE',''
  ) );
#4868 = ORIENTED_EDGE('',*,*,#4815,.F.);
#4869 = ORIENTED_EDGE('',*,*,#1609,.T.);
#4870 = ADVANCED_FACE('',(#4871,#4922,#4957,#4992,#5027,#5032,#5067,
    #5102,#5137,#5172),#1948,.T.);
#4871 = FACE_BOUND('',#4872,.F.);
#4872 = EDGE_LOOP('',(#4873,#4874,#4875,#4876,#4877,#4878,#4879,#4880,
    #4881,#4882,#4883,#4884,#4885,#4886,#4887,#4888,#4889,#4890,#4891,
    #4892,#4893,#4894,#4895,#4896,#4897,#4898,#4899,#4900,#4901,#4902,
    #4903,#4904,#4905,#4906,#4907,#4908,#4909,#4910,#4911,#4912,#4913,
    #4914,#4915,#4916,#4917,#4918,#4919,#4920,#4921));
#4873 = ORIENTED_EDGE('',*,*,#2083,.F.);
#4874 = ORIENTED_EDGE('',*,*,#2132,.T.);
#4875 = ORIENTED_EDGE('',*,*,#2252,.F.);
#4876 = ORIENTED_EDGE('',*,*,#2350,.F.);
#4877 = ORIENTED_EDGE('',*,*,#2448,.F.);
#4878 = ORIENTED_EDGE('',*,*,#2546,.F.);
#4879 = ORIENTED_EDGE('',*,*,#2622,.T.);
#4880 = ORIENTED_EDGE('',*,*,#2742,.F.);
#4881 = ORIENTED_EDGE('',*,*,#2840,.F.);
#4882 = ORIENTED_EDGE('',*,*,#2938,.F.);
#4883 = ORIENTED_EDGE('',*,*,#3014,.T.);
#4884 = ORIENTED_EDGE('',*,*,#3112,.T.);
#4885 = ORIENTED_EDGE('',*,*,#3210,.T.);
#4886 = ORIENTED_EDGE('',*,*,#3330,.F.);
#4887 = ORIENTED_EDGE('',*,*,#3406,.T.);
#4888 = ORIENTED_EDGE('',*,*,#3526,.F.);
#4889 = ORIENTED_EDGE('',*,*,#3602,.T.);
#4890 = ORIENTED_EDGE('',*,*,#3700,.T.);
#4891 = ORIENTED_EDGE('',*,*,#3820,.F.);
#4892 = ORIENTED_EDGE('',*,*,#3918,.F.);
#4893 = ORIENTED_EDGE('',*,*,#3994,.T.);
#4894 = ORIENTED_EDGE('',*,*,#4092,.T.);
#4895 = ORIENTED_EDGE('',*,*,#4212,.F.);
#4896 = ORIENTED_EDGE('',*,*,#4288,.T.);
#4897 = ORIENTED_EDGE('',*,*,#4408,.F.);
#4898 = ORIENTED_EDGE('',*,*,#4435,.T.);
#4899 = ORIENTED_EDGE('',*,*,#4337,.F.);
#4900 = ORIENTED_EDGE('',*,*,#4261,.T.);
#4901 = ORIENTED_EDGE('',*,*,#4163,.T.);
#4902 = ORIENTED_EDGE('',*,*,#4043,.F.);
#4903 = ORIENTED_EDGE('',*,*,#3945,.F.);
#4904 = ORIENTED_EDGE('',*,*,#3847,.F.);
#4905 = ORIENTED_EDGE('',*,*,#3749,.F.);
#4906 = ORIENTED_EDGE('',*,*,#3651,.F.);
#4907 = ORIENTED_EDGE('',*,*,#3553,.F.);
#4908 = ORIENTED_EDGE('',*,*,#3455,.F.);
#4909 = ORIENTED_EDGE('',*,*,#3379,.T.);
#4910 = ORIENTED_EDGE('',*,*,#3259,.F.);
#4911 = ORIENTED_EDGE('',*,*,#3161,.F.);
#4912 = ORIENTED_EDGE('',*,*,#3063,.F.);
#4913 = ORIENTED_EDGE('',*,*,#2965,.F.);
#4914 = ORIENTED_EDGE('',*,*,#2889,.T.);
#4915 = ORIENTED_EDGE('',*,*,#2769,.F.);
#4916 = ORIENTED_EDGE('',*,*,#2693,.T.);
#4917 = ORIENTED_EDGE('',*,*,#2595,.T.);
#4918 = ORIENTED_EDGE('',*,*,#2497,.T.);
#4919 = ORIENTED_EDGE('',*,*,#2377,.F.);
#4920 = ORIENTED_EDGE('',*,*,#2301,.T.);
#4921 = ORIENTED_EDGE('',*,*,#2181,.F.);
#4922 = FACE_BOUND('',#4923,.F.);
#4923 = EDGE_LOOP('',(#4924));
#4924 = ORIENTED_EDGE('',*,*,#4925,.F.);
#4925 = EDGE_CURVE('',#4926,#4926,#4928,.T.);
#4926 = VERTEX_POINT('',#4927);
#4927 = CARTESIAN_POINT('',(54.532346429949,-85.51262893914,0.));
#4928 = SURFACE_CURVE('',#4929,(#4934,#4945),.PCURVE_S1.);
#4929 = CIRCLE('',#4930,1.65);
#4930 = AXIS2_PLACEMENT_3D('',#4931,#4932,#4933);
#4931 = CARTESIAN_POINT('',(56.182346429949,-85.51262893914,0.));
#4932 = DIRECTION('',(0.,0.,-1.));
#4933 = DIRECTION('',(-1.,-0.,-0.));
#4934 = PCURVE('',#1948,#4935);
#4935 = DEFINITIONAL_REPRESENTATION('',(#4936),#4944);
#4936 = ( BOUNDED_CURVE() B_SPLINE_CURVE(2,(#4937,#4938,#4939,#4940,
#4941,#4942,#4943),.UNSPECIFIED.,.T.,.F.) B_SPLINE_CURVE_WITH_KNOTS((1,2
    ,2,2,2,1),(-2.094395102393,0.,2.094395102393,4.188790204786,
6.28318530718,8.377580409573),.UNSPECIFIED.) CURVE() 
GEOMETRIC_REPRESENTATION_ITEM() RATIONAL_B_SPLINE_CURVE((1.,0.5,1.,0.5,
1.,0.5,1.)) REPRESENTATION_ITEM('') );
#4937 = CARTESIAN_POINT('',(54.532346429949,-85.51262893914));
#4938 = CARTESIAN_POINT('',(54.532346429949,-82.65474510665));
#4939 = CARTESIAN_POINT('',(57.007346429949,-84.08368702289));
#4940 = CARTESIAN_POINT('',(59.482346429949,-85.51262893914));
#4941 = CARTESIAN_POINT('',(57.007346429949,-86.94157085538));
#4942 = CARTESIAN_POINT('',(54.532346429949,-88.37051277162));
#4943 = CARTESIAN_POINT('',(54.532346429949,-85.51262893914));
#4944 = ( GEOMETRIC_REPRESENTATION_CONTEXT(2) 
PARAMETRIC_REPRESENTATION_CONTEXT() REPRESENTATION_CONTEXT('2D SPACE',''
  ) );
#4945 = PCURVE('',#4946,#4951);
#4946 = CYLINDRICAL_SURFACE('',#4947,1.65);
#4947 = AXIS2_PLACEMENT_3D('',#4948,#4949,#4950);
#4948 = CARTESIAN_POINT('',(56.182346429949,-85.51262893914,-4.5));
#4949 = DIRECTION('',(0.,-0.,-1.));
#4950 = DIRECTION('',(-1.,-0.,-0.));
#4951 = DEFINITIONAL_REPRESENTATION('',(#4952),#4956);
#4952 = LINE('',#4953,#4954);
#4953 = CARTESIAN_POINT('',(0.,-4.5));
#4954 = VECTOR('',#4955,1.);
#4955 = DIRECTION('',(1.,0.));
#4956 = ( GEOMETRIC_REPRESENTATION_CONTEXT(2) 
PARAMETRIC_REPRESENTATION_CONTEXT() REPRESENTATION_CONTEXT('2D SPACE',''
  ) );
#4957 = FACE_BOUND('',#4958,.F.);
#4958 = EDGE_LOOP('',(#4959));
#4959 = ORIENTED_EDGE('',*,*,#4960,.F.);
#4960 = EDGE_CURVE('',#4961,#4961,#4963,.T.);
#4961 = VERTEX_POINT('',#4962);
#4962 = CARTESIAN_POINT('',(79.028472390404,-29.81929598743,0.));
#4963 = SURFACE_CURVE('',#4964,(#4969,#4980),.PCURVE_S1.);
#4964 = CIRCLE('',#4965,1.65);
#4965 = AXIS2_PLACEMENT_3D('',#4966,#4967,#4968);
#4966 = CARTESIAN_POINT('',(80.678472390404,-29.81929598743,0.));
#4967 = DIRECTION('',(0.,0.,-1.));
#4968 = DIRECTION('',(-1.,-0.,-0.));
#4969 = PCURVE('',#1948,#4970);
#4970 = DEFINITIONAL_REPRESENTATION('',(#4971),#4979);
#4971 = ( BOUNDED_CURVE() B_SPLINE_CURVE(2,(#4972,#4973,#4974,#4975,
#4976,#4977,#4978),.UNSPECIFIED.,.T.,.F.) B_SPLINE_CURVE_WITH_KNOTS((1,2
    ,2,2,2,1),(-2.094395102393,0.,2.094395102393,4.188790204786,
6.28318530718,8.377580409573),.UNSPECIFIED.) CURVE() 
GEOMETRIC_REPRESENTATION_ITEM() RATIONAL_B_SPLINE_CURVE((1.,0.5,1.,0.5,
1.,0.5,1.)) REPRESENTATION_ITEM('') );
#4972 = CARTESIAN_POINT('',(79.028472390404,-29.81929598743));
#4973 = CARTESIAN_POINT('',(79.028472390404,-26.96141215495));
#4974 = CARTESIAN_POINT('',(81.503472390404,-28.39035407119));
#4975 = CARTESIAN_POINT('',(83.978472390404,-29.81929598743));
#4976 = CARTESIAN_POINT('',(81.503472390404,-31.24823790368));
#4977 = CARTESIAN_POINT('',(79.028472390404,-32.67717981992));
#4978 = CARTESIAN_POINT('',(79.028472390404,-29.81929598743));
#4979 = ( GEOMETRIC_REPRESENTATION_CONTEXT(2) 
PARAMETRIC_REPRESENTATION_CONTEXT() REPRESENTATION_CONTEXT('2D SPACE',''
  ) );
#4980 = PCURVE('',#4981,#4986);
#4981 = CYLINDRICAL_SURFACE('',#4982,1.65);
#4982 = AXIS2_PLACEMENT_3D('',#4983,#4984,#4985);
#4983 = CARTESIAN_POINT('',(80.678472390404,-29.81929598743,-4.5));
#4984 = DIRECTION('',(0.,-0.,-1.));
#4985 = DIRECTION('',(-1.,-0.,-0.));
#4986 = DEFINITIONAL_REPRESENTATION('',(#4987),#4991);
#4987 = LINE('',#4988,#4989);
#4988 = CARTESIAN_POINT('',(0.,-4.5));
#4989 = VECTOR('',#4990,1.);
#4990 = DIRECTION('',(1.,0.));
#4991 = ( GEOMETRIC_REPRESENTATION_CONTEXT(2) 
PARAMETRIC_REPRESENTATION_CONTEXT() REPRESENTATION_CONTEXT('2D SPACE',''
  ) );
#4992 = FACE_BOUND('',#4993,.F.);
#4993 = EDGE_LOOP('',(#4994));
#4994 = ORIENTED_EDGE('',*,*,#4995,.F.);
#4995 = EDGE_CURVE('',#4996,#4996,#4998,.T.);
#4996 = VERTEX_POINT('',#4997);
#4997 = CARTESIAN_POINT('',(-2.909489082499,-62.62531824854,0.));
#4998 = SURFACE_CURVE('',#4999,(#5004,#5015),.PCURVE_S1.);
#4999 = CIRCLE('',#5000,1.65);
#5000 = AXIS2_PLACEMENT_3D('',#5001,#5002,#5003);
#5001 = CARTESIAN_POINT('',(-1.259489082499,-62.62531824854,0.));
#5002 = DIRECTION('',(0.,0.,-1.));
#5003 = DIRECTION('',(-1.,-0.,-0.));
#5004 = PCURVE('',#1948,#5005);
#5005 = DEFINITIONAL_REPRESENTATION('',(#5006),#5014);
#5006 = ( BOUNDED_CURVE() B_SPLINE_CURVE(2,(#5007,#5008,#5009,#5010,
#5011,#5012,#5013),.UNSPECIFIED.,.T.,.F.) B_SPLINE_CURVE_WITH_KNOTS((1,2
    ,2,2,2,1),(-2.094395102393,0.,2.094395102393,4.188790204786,
6.28318530718,8.377580409573),.UNSPECIFIED.) CURVE() 
GEOMETRIC_REPRESENTATION_ITEM() RATIONAL_B_SPLINE_CURVE((1.,0.5,1.,0.5,
1.,0.5,1.)) REPRESENTATION_ITEM('') );
#5007 = CARTESIAN_POINT('',(-2.909489082499,-62.62531824854));
#5008 = CARTESIAN_POINT('',(-2.909489082499,-59.76743441605));
#5009 = CARTESIAN_POINT('',(-0.434489082499,-61.1963763323));
#5010 = CARTESIAN_POINT('',(2.040510917501,-62.62531824854));
#5011 = CARTESIAN_POINT('',(-0.434489082499,-64.05426016479));
#5012 = CARTESIAN_POINT('',(-2.909489082499,-65.48320208103));
#5013 = CARTESIAN_POINT('',(-2.909489082499,-62.62531824854));
#5014 = ( GEOMETRIC_REPRESENTATION_CONTEXT(2) 
PARAMETRIC_REPRESENTATION_CONTEXT() REPRESENTATION_CONTEXT('2D SPACE',''
  ) );
#5015 = PCURVE('',#5016,#5021);
#5016 = CYLINDRICAL_SURFACE('',#5017,1.65);
#5017 = AXIS2_PLACEMENT_3D('',#5018,#5019,#5020);
#5018 = CARTESIAN_POINT('',(-1.259489082499,-62.62531824854,-4.5));
#5019 = DIRECTION('',(0.,-0.,-1.));
#5020 = DIRECTION('',(-1.,-0.,-0.));
#5021 = DEFINITIONAL_REPRESENTATION('',(#5022),#5026);
#5022 = LINE('',#5023,#5024);
#5023 = CARTESIAN_POINT('',(0.,-4.5));
#5024 = VECTOR('',#5025,1.);
#5025 = DIRECTION('',(1.,0.));
#5026 = ( GEOMETRIC_REPRESENTATION_CONTEXT(2) 
PARAMETRIC_REPRESENTATION_CONTEXT() REPRESENTATION_CONTEXT('2D SPACE',''
  ) );
#5027 = FACE_BOUND('',#5028,.F.);
#5028 = EDGE_LOOP('',(#5029,#5030,#5031));
#5029 = ORIENTED_EDGE('',*,*,#1986,.T.);
#5030 = ORIENTED_EDGE('',*,*,#2035,.T.);
#5031 = ORIENTED_EDGE('',*,*,#1932,.T.);
#5032 = FACE_BOUND('',#5033,.F.);
#5033 = EDGE_LOOP('',(#5034));
#5034 = ORIENTED_EDGE('',*,*,#5035,.F.);
#5035 = EDGE_CURVE('',#5036,#5036,#5038,.T.);
#5036 = VERTEX_POINT('',#5037);
#5037 = CARTESIAN_POINT('',(-59.95665593763,-32.70157846001,0.));
#5038 = SURFACE_CURVE('',#5039,(#5044,#5055),.PCURVE_S1.);
#5039 = CIRCLE('',#5040,1.65);
#5040 = AXIS2_PLACEMENT_3D('',#5041,#5042,#5043);
#5041 = CARTESIAN_POINT('',(-58.30665593763,-32.70157846001,0.));
#5042 = DIRECTION('',(0.,0.,-1.));
#5043 = DIRECTION('',(-1.,-0.,-0.));
#5044 = PCURVE('',#1948,#5045);
#5045 = DEFINITIONAL_REPRESENTATION('',(#5046),#5054);
#5046 = ( BOUNDED_CURVE() B_SPLINE_CURVE(2,(#5047,#5048,#5049,#5050,
#5051,#5052,#5053),.UNSPECIFIED.,.T.,.F.) B_SPLINE_CURVE_WITH_KNOTS((1,2
    ,2,2,2,1),(-2.094395102393,0.,2.094395102393,4.188790204786,
6.28318530718,8.377580409573),.UNSPECIFIED.) CURVE() 
GEOMETRIC_REPRESENTATION_ITEM() RATIONAL_B_SPLINE_CURVE((1.,0.5,1.,0.5,
1.,0.5,1.)) REPRESENTATION_ITEM('') );
#5047 = CARTESIAN_POINT('',(-59.95665593763,-32.70157846001));
#5048 = CARTESIAN_POINT('',(-59.95665593763,-29.84369462752));
#5049 = CARTESIAN_POINT('',(-57.48165593763,-31.27263654376));
#5050 = CARTESIAN_POINT('',(-55.00665593763,-32.70157846001));
#5051 = CARTESIAN_POINT('',(-57.48165593763,-34.13052037625));
#5052 = CARTESIAN_POINT('',(-59.95665593763,-35.5594622925));
#5053 = CARTESIAN_POINT('',(-59.95665593763,-32.70157846001));
#5054 = ( GEOMETRIC_REPRESENTATION_CONTEXT(2) 
PARAMETRIC_REPRESENTATION_CONTEXT() REPRESENTATION_CONTEXT('2D SPACE',''
  ) );
#5055 = PCURVE('',#5056,#5061);
#5056 = CYLINDRICAL_SURFACE('',#5057,1.65);
#5057 = AXIS2_PLACEMENT_3D('',#5058,#5059,#5060);
#5058 = CARTESIAN_POINT('',(-58.30665593763,-32.70157846001,-4.5));
#5059 = DIRECTION('',(0.,-0.,-1.));
#5060 = DIRECTION('',(-1.,-0.,-0.));
#5061 = DEFINITIONAL_REPRESENTATION('',(#5062),#5066);
#5062 = LINE('',#5063,#5064);
#5063 = CARTESIAN_POINT('',(0.,-4.5));
#5064 = VECTOR('',#5065,1.);
#5065 = DIRECTION('',(1.,0.));
#5066 = ( GEOMETRIC_REPRESENTATION_CONTEXT(2) 
PARAMETRIC_REPRESENTATION_CONTEXT() REPRESENTATION_CONTEXT('2D SPACE',''
  ) );
#5067 = FACE_BOUND('',#5068,.F.);
#5068 = EDGE_LOOP('',(#5069));
#5069 = ORIENTED_EDGE('',*,*,#5070,.F.);
#5070 = EDGE_CURVE('',#5071,#5071,#5073,.T.);
#5071 = VERTEX_POINT('',#5072);
#5072 = CARTESIAN_POINT('',(93.754823644136,44.08349727605,0.));
#5073 = SURFACE_CURVE('',#5074,(#5079,#5090),.PCURVE_S1.);
#5074 = CIRCLE('',#5075,1.65);
#5075 = AXIS2_PLACEMENT_3D('',#5076,#5077,#5078);
#5076 = CARTESIAN_POINT('',(95.404823644136,44.08349727605,0.));
#5077 = DIRECTION('',(0.,0.,-1.));
#5078 = DIRECTION('',(-1.,-0.,-0.));
#5079 = PCURVE('',#1948,#5080);
#5080 = DEFINITIONAL_REPRESENTATION('',(#5081),#5089);
#5081 = ( BOUNDED_CURVE() B_SPLINE_CURVE(2,(#5082,#5083,#5084,#5085,
#5086,#5087,#5088),.UNSPECIFIED.,.T.,.F.) B_SPLINE_CURVE_WITH_KNOTS((1,2
    ,2,2,2,1),(-2.094395102393,0.,2.094395102393,4.188790204786,
6.28318530718,8.377580409573),.UNSPECIFIED.) CURVE() 
GEOMETRIC_REPRESENTATION_ITEM() RATIONAL_B_SPLINE_CURVE((1.,0.5,1.,0.5,
1.,0.5,1.)) REPRESENTATION_ITEM('') );
#5082 = CARTESIAN_POINT('',(93.754823644136,44.08349727605));
#5083 = CARTESIAN_POINT('',(93.754823644136,46.941381108538));
#5084 = CARTESIAN_POINT('',(96.229823644136,45.512439192294));
#5085 = CARTESIAN_POINT('',(98.704823644136,44.08349727605));
#5086 = CARTESIAN_POINT('',(96.229823644136,42.654555359805));
#5087 = CARTESIAN_POINT('',(93.754823644136,41.225613443561));
#5088 = CARTESIAN_POINT('',(93.754823644136,44.08349727605));
#5089 = ( GEOMETRIC_REPRESENTATION_CONTEXT(2) 
PARAMETRIC_REPRESENTATION_CONTEXT() REPRESENTATION_CONTEXT('2D SPACE',''
  ) );
#5090 = PCURVE('',#5091,#5096);
#5091 = CYLINDRICAL_SURFACE('',#5092,1.65);
#5092 = AXIS2_PLACEMENT_3D('',#5093,#5094,#5095);
#5093 = CARTESIAN_POINT('',(95.404823644136,44.08349727605,-4.5));
#5094 = DIRECTION('',(0.,-0.,-1.));
#5095 = DIRECTION('',(-1.,-0.,-0.));
#5096 = DEFINITIONAL_REPRESENTATION('',(#5097),#5101);
#5097 = LINE('',#5098,#5099);
#5098 = CARTESIAN_POINT('',(0.,-4.5));
#5099 = VECTOR('',#5100,1.);
#5100 = DIRECTION('',(1.,0.));
#5101 = ( GEOMETRIC_REPRESENTATION_CONTEXT(2) 
PARAMETRIC_REPRESENTATION_CONTEXT() REPRESENTATION_CONTEXT('2D SPACE',''
  ) );
#5102 = FACE_BOUND('',#5103,.F.);
#5103 = EDGE_LOOP('',(#5104));
#5104 = ORIENTED_EDGE('',*,*,#5105,.F.);
#5105 = EDGE_CURVE('',#5106,#5106,#5108,.T.);
#5106 = VERTEX_POINT('',#5107);
#5107 = CARTESIAN_POINT('',(-3.000374569373,63.274837467236,0.));
#5108 = SURFACE_CURVE('',#5109,(#5114,#5125),.PCURVE_S1.);
#5109 = CIRCLE('',#5110,1.65);
#5110 = AXIS2_PLACEMENT_3D('',#5111,#5112,#5113);
#5111 = CARTESIAN_POINT('',(-1.350374569373,63.274837467236,0.));
#5112 = DIRECTION('',(0.,0.,-1.));
#5113 = DIRECTION('',(-1.,-0.,-0.));
#5114 = PCURVE('',#1948,#5115);
#5115 = DEFINITIONAL_REPRESENTATION('',(#5116),#5124);
#5116 = ( BOUNDED_CURVE() B_SPLINE_CURVE(2,(#5117,#5118,#5119,#5120,
#5121,#5122,#5123),.UNSPECIFIED.,.T.,.F.) B_SPLINE_CURVE_WITH_KNOTS((1,2
    ,2,2,2,1),(-2.094395102393,0.,2.094395102393,4.188790204786,
6.28318530718,8.377580409573),.UNSPECIFIED.) CURVE() 
GEOMETRIC_REPRESENTATION_ITEM() RATIONAL_B_SPLINE_CURVE((1.,0.5,1.,0.5,
1.,0.5,1.)) REPRESENTATION_ITEM('') );
#5117 = CARTESIAN_POINT('',(-3.000374569373,63.274837467236));
#5118 = CARTESIAN_POINT('',(-3.000374569373,66.132721299724));
#5119 = CARTESIAN_POINT('',(-0.525374569373,64.70377938348));
#5120 = CARTESIAN_POINT('',(1.949625430627,63.274837467236));
#5121 = CARTESIAN_POINT('',(-0.525374569373,61.845895550991));
#5122 = CARTESIAN_POINT('',(-3.000374569373,60.416953634747));
#5123 = CARTESIAN_POINT('',(-3.000374569373,63.274837467236));
#5124 = ( GEOMETRIC_REPRESENTATION_CONTEXT(2) 
PARAMETRIC_REPRESENTATION_CONTEXT() REPRESENTATION_CONTEXT('2D SPACE',''
  ) );
#5125 = PCURVE('',#5126,#5131);
#5126 = CYLINDRICAL_SURFACE('',#5127,1.65);
#5127 = AXIS2_PLACEMENT_3D('',#5128,#5129,#5130);
#5128 = CARTESIAN_POINT('',(-1.350374569373,63.274837467236,-4.5));
#5129 = DIRECTION('',(0.,-0.,-1.));
#5130 = DIRECTION('',(-1.,-0.,-0.));
#5131 = DEFINITIONAL_REPRESENTATION('',(#5132),#5136);
#5132 = LINE('',#5133,#5134);
#5133 = CARTESIAN_POINT('',(0.,-4.5));
#5134 = VECTOR('',#5135,1.);
#5135 = DIRECTION('',(1.,0.));
#5136 = ( GEOMETRIC_REPRESENTATION_CONTEXT(2) 
PARAMETRIC_REPRESENTATION_CONTEXT() REPRESENTATION_CONTEXT('2D SPACE',''
  ) );
#5137 = FACE_BOUND('',#5138,.F.);
#5138 = EDGE_LOOP('',(#5139));
#5139 = ORIENTED_EDGE('',*,*,#5140,.F.);
#5140 = EDGE_CURVE('',#5141,#5141,#5143,.T.);
#5141 = VERTEX_POINT('',#5142);
#5142 = CARTESIAN_POINT('',(-60.68025479665,45.583491530858,0.));
#5143 = SURFACE_CURVE('',#5144,(#5149,#5160),.PCURVE_S1.);
#5144 = CIRCLE('',#5145,1.65);
#5145 = AXIS2_PLACEMENT_3D('',#5146,#5147,#5148);
#5146 = CARTESIAN_POINT('',(-59.03025479665,45.583491530858,0.));
#5147 = DIRECTION('',(0.,0.,-1.));
#5148 = DIRECTION('',(-1.,-0.,-0.));
#5149 = PCURVE('',#1948,#5150);
#5150 = DEFINITIONAL_REPRESENTATION('',(#5151),#5159);
#5151 = ( BOUNDED_CURVE() B_SPLINE_CURVE(2,(#5152,#5153,#5154,#5155,
#5156,#5157,#5158),.UNSPECIFIED.,.T.,.F.) B_SPLINE_CURVE_WITH_KNOTS((1,2
    ,2,2,2,1),(-2.094395102393,0.,2.094395102393,4.188790204786,
6.28318530718,8.377580409573),.UNSPECIFIED.) CURVE() 
GEOMETRIC_REPRESENTATION_ITEM() RATIONAL_B_SPLINE_CURVE((1.,0.5,1.,0.5,
1.,0.5,1.)) REPRESENTATION_ITEM('') );
#5152 = CARTESIAN_POINT('',(-60.68025479665,45.583491530858));
#5153 = CARTESIAN_POINT('',(-60.68025479665,48.441375363347));
#5154 = CARTESIAN_POINT('',(-58.20525479665,47.012433447103));
#5155 = CARTESIAN_POINT('',(-55.73025479665,45.583491530858));
#5156 = CARTESIAN_POINT('',(-58.20525479665,44.154549614614));
#5157 = CARTESIAN_POINT('',(-60.68025479665,42.72560769837));
#5158 = CARTESIAN_POINT('',(-60.68025479665,45.583491530858));
#5159 = ( GEOMETRIC_REPRESENTATION_CONTEXT(2) 
PARAMETRIC_REPRESENTATION_CONTEXT() REPRESENTATION_CONTEXT('2D SPACE',''
  ) );
#5160 = PCURVE('',#5161,#5166);
#5161 = CYLINDRICAL_SURFACE('',#5162,1.65);
#5162 = AXIS2_PLACEMENT_3D('',#5163,#5164,#5165);
#5163 = CARTESIAN_POINT('',(-59.03025479665,45.583491530858,-4.5));
#5164 = DIRECTION('',(0.,-0.,-1.));
#5165 = DIRECTION('',(-1.,-0.,-0.));
#5166 = DEFINITIONAL_REPRESENTATION('',(#5167),#5171);
#5167 = LINE('',#5168,#5169);
#5168 = CARTESIAN_POINT('',(0.,-4.5));
#5169 = VECTOR('',#5170,1.);
#5170 = DIRECTION('',(1.,0.));
#5171 = ( GEOMETRIC_REPRESENTATION_CONTEXT(2) 
PARAMETRIC_REPRESENTATION_CONTEXT() REPRESENTATION_CONTEXT('2D SPACE',''
  ) );
#5172 = FACE_BOUND('',#5173,.F.);
#5173 = EDGE_LOOP('',(#5174,#5204,#5237,#5265,#5293,#5321,#5349,#5377,
    #5405,#5433,#5461,#5489,#5517,#5545,#5573,#5601,#5634,#5662,#5690,
    #5718,#5746,#5774,#5802,#5830,#5863,#5891,#5919,#5947,#5975,#6003,
    #6031,#6059,#6087,#6120,#6148,#6176,#6204,#6232,#6260,#6293,#6321,
    #6349,#6377,#6405,#6433,#6461,#6489,#6517,#6550,#6578,#6606,#6634,
    #6662,#6690,#6718,#6746,#6779,#6807,#6835,#6863,#6891,#6919,#6947));
#5174 = ORIENTED_EDGE('',*,*,#5175,.F.);
#5175 = EDGE_CURVE('',#5176,#5178,#5180,.T.);
#5176 = VERTEX_POINT('',#5177);
#5177 = CARTESIAN_POINT('',(52.708814636972,-84.39143996464,0.));
#5178 = VERTEX_POINT('',#5179);
#5179 = CARTESIAN_POINT('',(45.095976029729,-79.06087298468,0.));
#5180 = SURFACE_CURVE('',#5181,(#5185,#5192),.PCURVE_S1.);
#5181 = LINE('',#5182,#5183);
#5182 = CARTESIAN_POINT('',(13.383745207253,-56.85572990934,0.));
#5183 = VECTOR('',#5184,1.);
#5184 = DIRECTION('',(-0.819152044289,0.573576436351,-0.));
#5185 = PCURVE('',#1948,#5186);
#5186 = DEFINITIONAL_REPRESENTATION('',(#5187),#5191);
#5187 = LINE('',#5188,#5189);
#5188 = CARTESIAN_POINT('',(13.383745207253,-56.85572990934));
#5189 = VECTOR('',#5190,1.);
#5190 = DIRECTION('',(-0.819152044289,0.573576436351));
#5191 = ( GEOMETRIC_REPRESENTATION_CONTEXT(2) 
PARAMETRIC_REPRESENTATION_CONTEXT() REPRESENTATION_CONTEXT('2D SPACE',''
  ) );
#5192 = PCURVE('',#5193,#5198);
#5193 = PLANE('',#5194);
#5194 = AXIS2_PLACEMENT_3D('',#5195,#5196,#5197);
#5195 = CARTESIAN_POINT('',(52.708814636972,-84.39143996464,-4.5));
#5196 = DIRECTION('',(0.573576436351,0.819152044289,-0.));
#5197 = DIRECTION('',(0.819152044289,-0.573576436351,0.));
#5198 = DEFINITIONAL_REPRESENTATION('',(#5199),#5203);
#5199 = LINE('',#5200,#5201);
#5200 = CARTESIAN_POINT('',(-48.00704546108,-4.5));
#5201 = VECTOR('',#5202,1.);
#5202 = DIRECTION('',(-1.,0.));
#5203 = ( GEOMETRIC_REPRESENTATION_CONTEXT(2) 
PARAMETRIC_REPRESENTATION_CONTEXT() REPRESENTATION_CONTEXT('2D SPACE',''
  ) );
#5204 = ORIENTED_EDGE('',*,*,#5205,.T.);
#5205 = EDGE_CURVE('',#5176,#5206,#5208,.T.);
#5206 = VERTEX_POINT('',#5207);
#5207 = CARTESIAN_POINT('',(59.352483892387,-87.32169397461,
    -1.7763568394E-15));
#5208 = SURFACE_CURVE('',#5209,(#5214,#5225),.PCURVE_S1.);
#5209 = CIRCLE('',#5210,3.649998333333);
#5210 = AXIS2_PLACEMENT_3D('',#5211,#5212,#5213);
#5211 = CARTESIAN_POINT('',(56.182346429949,-85.51262893914,0.));
#5212 = DIRECTION('',(0.,0.,-1.));
#5213 = DIRECTION('',(-1.,-0.,-0.));
#5214 = PCURVE('',#1948,#5215);
#5215 = DEFINITIONAL_REPRESENTATION('',(#5216),#5224);
#5216 = ( BOUNDED_CURVE() B_SPLINE_CURVE(2,(#5217,#5218,#5219,#5220,
#5221,#5222,#5223),.UNSPECIFIED.,.T.,.F.) B_SPLINE_CURVE_WITH_KNOTS((1,2
    ,2,2,2,1),(-2.094395102393,0.,2.094395102393,4.188790204786,
6.28318530718,8.377580409573),.UNSPECIFIED.) CURVE() 
GEOMETRIC_REPRESENTATION_ITEM() RATIONAL_B_SPLINE_CURVE((1.,0.5,1.,0.5,
1.,0.5,1.)) REPRESENTATION_ITEM('') );
#5217 = CARTESIAN_POINT('',(52.532348096615,-85.51262893914));
#5218 = CARTESIAN_POINT('',(52.532348096615,-79.19064637826));
#5219 = CARTESIAN_POINT('',(58.007345596615,-82.3516376587));
#5220 = CARTESIAN_POINT('',(63.482343096615,-85.51262893914));
#5221 = CARTESIAN_POINT('',(58.007345596615,-88.67362021957));
#5222 = CARTESIAN_POINT('',(52.532348096615,-91.83461150001));
#5223 = CARTESIAN_POINT('',(52.532348096615,-85.51262893914));
#5224 = ( GEOMETRIC_REPRESENTATION_CONTEXT(2) 
PARAMETRIC_REPRESENTATION_CONTEXT() REPRESENTATION_CONTEXT('2D SPACE',''
  ) );
#5225 = PCURVE('',#5226,#5231);
#5226 = CYLINDRICAL_SURFACE('',#5227,3.649998333333);
#5227 = AXIS2_PLACEMENT_3D('',#5228,#5229,#5230);
#5228 = CARTESIAN_POINT('',(56.182346429949,-85.51262893914,-4.5));
#5229 = DIRECTION('',(0.,-0.,-1.));
#5230 = DIRECTION('',(-1.,-0.,-0.));
#5231 = DEFINITIONAL_REPRESENTATION('',(#5232),#5236);
#5232 = LINE('',#5233,#5234);
#5233 = CARTESIAN_POINT('',(0.,-4.5));
#5234 = VECTOR('',#5235,1.);
#5235 = DIRECTION('',(1.,0.));
#5236 = ( GEOMETRIC_REPRESENTATION_CONTEXT(2) 
PARAMETRIC_REPRESENTATION_CONTEXT() REPRESENTATION_CONTEXT('2D SPACE',''
  ) );
#5237 = ORIENTED_EDGE('',*,*,#5238,.T.);
#5238 = EDGE_CURVE('',#5206,#5239,#5241,.T.);
#5239 = VERTEX_POINT('',#5240);
#5240 = CARTESIAN_POINT('',(64.911802387631,-86.01834682424,0.));
#5241 = SURFACE_CURVE('',#5242,(#5246,#5253),.PCURVE_S1.);
#5242 = LINE('',#5243,#5244);
#5243 = CARTESIAN_POINT('',(42.779621333419,-91.20709705204,0.));
#5244 = VECTOR('',#5245,1.);
#5245 = DIRECTION('',(0.973601450129,0.22825471804,-0.));
#5246 = PCURVE('',#1948,#5247);
#5247 = DEFINITIONAL_REPRESENTATION('',(#5248),#5252);
#5248 = LINE('',#5249,#5250);
#5249 = CARTESIAN_POINT('',(42.779621333419,-91.20709705204));
#5250 = VECTOR('',#5251,1.);
#5251 = DIRECTION('',(0.973601450129,0.22825471804));
#5252 = ( GEOMETRIC_REPRESENTATION_CONTEXT(2) 
PARAMETRIC_REPRESENTATION_CONTEXT() REPRESENTATION_CONTEXT('2D SPACE',''
  ) );
#5253 = PCURVE('',#5254,#5259);
#5254 = PLANE('',#5255);
#5255 = AXIS2_PLACEMENT_3D('',#5256,#5257,#5258);
#5256 = CARTESIAN_POINT('',(59.352483892387,-87.32169397461,-4.5));
#5257 = DIRECTION('',(0.22825471804,-0.973601450129,0.));
#5258 = DIRECTION('',(-0.973601450129,-0.22825471804,0.));
#5259 = DEFINITIONAL_REPRESENTATION('',(#5260),#5264);
#5260 = LINE('',#5261,#5262);
#5261 = CARTESIAN_POINT('',(17.022224604102,-4.5));
#5262 = VECTOR('',#5263,1.);
#5263 = DIRECTION('',(-1.,0.));
#5264 = ( GEOMETRIC_REPRESENTATION_CONTEXT(2) 
PARAMETRIC_REPRESENTATION_CONTEXT() REPRESENTATION_CONTEXT('2D SPACE',''
  ) );
#5265 = ORIENTED_EDGE('',*,*,#5266,.F.);
#5266 = EDGE_CURVE('',#5267,#5239,#5269,.T.);
#5267 = VERTEX_POINT('',#5268);
#5268 = CARTESIAN_POINT('',(75.719964150098,-71.65833865293,0.));
#5269 = SURFACE_CURVE('',#5270,(#5274,#5281),.PCURVE_S1.);
#5270 = LINE('',#5271,#5272);
#5271 = CARTESIAN_POINT('',(75.715013409408,-71.6649163373,0.));
#5272 = VECTOR('',#5273,1.);
#5273 = DIRECTION('',(-0.601357822788,-0.798979830141,-0.));
#5274 = PCURVE('',#1948,#5275);
#5275 = DEFINITIONAL_REPRESENTATION('',(#5276),#5280);
#5276 = LINE('',#5277,#5278);
#5277 = CARTESIAN_POINT('',(75.715013409408,-71.6649163373));
#5278 = VECTOR('',#5279,1.);
#5279 = DIRECTION('',(-0.601357822788,-0.798979830141));
#5280 = ( GEOMETRIC_REPRESENTATION_CONTEXT(2) 
PARAMETRIC_REPRESENTATION_CONTEXT() REPRESENTATION_CONTEXT('2D SPACE',''
  ) );
#5281 = PCURVE('',#5282,#5287);
#5282 = PLANE('',#5283);
#5283 = AXIS2_PLACEMENT_3D('',#5284,#5285,#5286);
#5284 = CARTESIAN_POINT('',(75.719964150098,-71.65833865293,-4.5));
#5285 = DIRECTION('',(-0.798979830141,0.601357822788,-0.));
#5286 = DIRECTION('',(0.601357822788,0.798979830141,0.));
#5287 = DEFINITIONAL_REPRESENTATION('',(#5288),#5292);
#5288 = LINE('',#5289,#5290);
#5289 = CARTESIAN_POINT('',(-8.232603788049E-03,-4.5));
#5290 = VECTOR('',#5291,1.);
#5291 = DIRECTION('',(-1.,0.));
#5292 = ( GEOMETRIC_REPRESENTATION_CONTEXT(2) 
PARAMETRIC_REPRESENTATION_CONTEXT() REPRESENTATION_CONTEXT('2D SPACE',''
  ) );
#5293 = ORIENTED_EDGE('',*,*,#5294,.F.);
#5294 = EDGE_CURVE('',#5295,#5267,#5297,.T.);
#5295 = VERTEX_POINT('',#5296);
#5296 = CARTESIAN_POINT('',(75.755612872556,-71.31788341883,0.));
#5297 = SURFACE_CURVE('',#5298,(#5302,#5309),.PCURVE_S1.);
#5298 = LINE('',#5299,#5300);
#5299 = CARTESIAN_POINT('',(78.997388060732,-40.35802695152,
    -8.881784197001E-16));
#5300 = VECTOR('',#5301,1.);
#5301 = DIRECTION('',(-0.104139650542,-0.994562684392,-0.));
#5302 = PCURVE('',#1948,#5303);
#5303 = DEFINITIONAL_REPRESENTATION('',(#5304),#5308);
#5304 = LINE('',#5305,#5306);
#5305 = CARTESIAN_POINT('',(78.997388060732,-40.35802695152));
#5306 = VECTOR('',#5307,1.);
#5307 = DIRECTION('',(-0.104139650542,-0.994562684392));
#5308 = ( GEOMETRIC_REPRESENTATION_CONTEXT(2) 
PARAMETRIC_REPRESENTATION_CONTEXT() REPRESENTATION_CONTEXT('2D SPACE',''
  ) );
#5309 = PCURVE('',#5310,#5315);
#5310 = PLANE('',#5311);
#5311 = AXIS2_PLACEMENT_3D('',#5312,#5313,#5314);
#5312 = CARTESIAN_POINT('',(75.755612872556,-71.31788341883,-4.5));
#5313 = DIRECTION('',(-0.994562684392,0.104139650542,-0.));
#5314 = DIRECTION('',(0.104139650542,0.994562684392,0.));
#5315 = DEFINITIONAL_REPRESENTATION('',(#5316),#5320);
#5316 = LINE('',#5317,#5318);
#5317 = CARTESIAN_POINT('',(31.129115291758,-4.5));
#5318 = VECTOR('',#5319,1.);
#5319 = DIRECTION('',(-1.,0.));
#5320 = ( GEOMETRIC_REPRESENTATION_CONTEXT(2) 
PARAMETRIC_REPRESENTATION_CONTEXT() REPRESENTATION_CONTEXT('2D SPACE',''
  ) );
#5321 = ORIENTED_EDGE('',*,*,#5322,.F.);
#5322 = EDGE_CURVE('',#5323,#5295,#5325,.T.);
#5323 = VERTEX_POINT('',#5324);
#5324 = CARTESIAN_POINT('',(76.137080241711,-69.76448016066,0.));
#5325 = SURFACE_CURVE('',#5326,(#5330,#5337),.PCURVE_S1.);
#5326 = LINE('',#5327,#5328);
#5327 = CARTESIAN_POINT('',(82.021233644948,-45.80315657887,0.));
#5328 = VECTOR('',#5329,1.);
#5329 = DIRECTION('',(-0.238483301652,-0.971146598013,-0.));
#5330 = PCURVE('',#1948,#5331);
#5331 = DEFINITIONAL_REPRESENTATION('',(#5332),#5336);
#5332 = LINE('',#5333,#5334);
#5333 = CARTESIAN_POINT('',(82.021233644948,-45.80315657887));
#5334 = VECTOR('',#5335,1.);
#5335 = DIRECTION('',(-0.238483301652,-0.971146598013));
#5336 = ( GEOMETRIC_REPRESENTATION_CONTEXT(2) 
PARAMETRIC_REPRESENTATION_CONTEXT() REPRESENTATION_CONTEXT('2D SPACE',''
  ) );
#5337 = PCURVE('',#5338,#5343);
#5338 = PLANE('',#5339);
#5339 = AXIS2_PLACEMENT_3D('',#5340,#5341,#5342);
#5340 = CARTESIAN_POINT('',(76.137080241711,-69.76448016066,-4.5));
#5341 = DIRECTION('',(-0.971146598013,0.238483301652,-0.));
#5342 = DIRECTION('',(0.238483301652,0.971146598013,0.));
#5343 = DEFINITIONAL_REPRESENTATION('',(#5344),#5348);
#5344 = LINE('',#5345,#5346);
#5345 = CARTESIAN_POINT('',(24.673230211386,-4.5));
#5346 = VECTOR('',#5347,1.);
#5347 = DIRECTION('',(-1.,0.));
#5348 = ( GEOMETRIC_REPRESENTATION_CONTEXT(2) 
PARAMETRIC_REPRESENTATION_CONTEXT() REPRESENTATION_CONTEXT('2D SPACE',''
  ) );
#5349 = ORIENTED_EDGE('',*,*,#5350,.F.);
#5350 = EDGE_CURVE('',#5351,#5323,#5353,.T.);
#5351 = VERTEX_POINT('',#5352);
#5352 = CARTESIAN_POINT('',(76.946849564493,-67.79749063256,0.));
#5353 = SURFACE_CURVE('',#5354,(#5358,#5365),.PCURVE_S1.);
#5354 = LINE('',#5355,#5356);
#5355 = CARTESIAN_POINT('',(82.819360870851,-53.53272668278,0.));
#5356 = VECTOR('',#5357,1.);
#5357 = DIRECTION('',(-0.380682459194,-0.924705826337,-0.));
#5358 = PCURVE('',#1948,#5359);
#5359 = DEFINITIONAL_REPRESENTATION('',(#5360),#5364);
#5360 = LINE('',#5361,#5362);
#5361 = CARTESIAN_POINT('',(82.819360870851,-53.53272668278));
#5362 = VECTOR('',#5363,1.);
#5363 = DIRECTION('',(-0.380682459194,-0.924705826337));
#5364 = ( GEOMETRIC_REPRESENTATION_CONTEXT(2) 
PARAMETRIC_REPRESENTATION_CONTEXT() REPRESENTATION_CONTEXT('2D SPACE',''
  ) );
#5365 = PCURVE('',#5366,#5371);
#5366 = PLANE('',#5367);
#5367 = AXIS2_PLACEMENT_3D('',#5368,#5369,#5370);
#5368 = CARTESIAN_POINT('',(76.946849564493,-67.79749063256,-4.5));
#5369 = DIRECTION('',(-0.924705826337,0.380682459194,-0.));
#5370 = DIRECTION('',(0.380682459194,0.924705826337,0.));
#5371 = DEFINITIONAL_REPRESENTATION('',(#5372),#5376);
#5372 = LINE('',#5373,#5374);
#5373 = CARTESIAN_POINT('',(15.426272381434,-4.5));
#5374 = VECTOR('',#5375,1.);
#5375 = DIRECTION('',(-1.,0.));
#5376 = ( GEOMETRIC_REPRESENTATION_CONTEXT(2) 
PARAMETRIC_REPRESENTATION_CONTEXT() REPRESENTATION_CONTEXT('2D SPACE',''
  ) );
#5377 = ORIENTED_EDGE('',*,*,#5378,.T.);
#5378 = EDGE_CURVE('',#5351,#5379,#5381,.T.);
#5379 = VERTEX_POINT('',#5380);
#5380 = CARTESIAN_POINT('',(88.031402653763,-53.70541122237,0.));
#5381 = SURFACE_CURVE('',#5382,(#5386,#5393),.PCURVE_S1.);
#5382 = LINE('',#5383,#5384);
#5383 = CARTESIAN_POINT('',(84.263844809621,-58.49520508185,0.));
#5384 = VECTOR('',#5385,1.);
#5385 = DIRECTION('',(0.61824235913,0.785987522405,-0.));
#5386 = PCURVE('',#1948,#5387);
#5387 = DEFINITIONAL_REPRESENTATION('',(#5388),#5392);
#5388 = LINE('',#5389,#5390);
#5389 = CARTESIAN_POINT('',(84.263844809621,-58.49520508185));
#5390 = VECTOR('',#5391,1.);
#5391 = DIRECTION('',(0.61824235913,0.785987522405));
#5392 = ( GEOMETRIC_REPRESENTATION_CONTEXT(2) 
PARAMETRIC_REPRESENTATION_CONTEXT() REPRESENTATION_CONTEXT('2D SPACE',''
  ) );
#5393 = PCURVE('',#5394,#5399);
#5394 = PLANE('',#5395);
#5395 = AXIS2_PLACEMENT_3D('',#5396,#5397,#5398);
#5396 = CARTESIAN_POINT('',(76.946849564491,-67.79749063256,-4.5));
#5397 = DIRECTION('',(0.785987522405,-0.61824235913,0.));
#5398 = DIRECTION('',(-0.61824235913,-0.785987522405,0.));
#5399 = DEFINITIONAL_REPRESENTATION('',(#5400),#5404);
#5400 = LINE('',#5401,#5402);
#5401 = CARTESIAN_POINT('',(-11.8351567748,-4.5));
#5402 = VECTOR('',#5403,1.);
#5403 = DIRECTION('',(-1.,0.));
#5404 = ( GEOMETRIC_REPRESENTATION_CONTEXT(2) 
PARAMETRIC_REPRESENTATION_CONTEXT() REPRESENTATION_CONTEXT('2D SPACE',''
  ) );
#5405 = ORIENTED_EDGE('',*,*,#5406,.T.);
#5406 = EDGE_CURVE('',#5379,#5407,#5409,.T.);
#5407 = VERTEX_POINT('',#5408);
#5408 = CARTESIAN_POINT('',(88.237335180839,-47.07550715023,0.));
#5409 = SURFACE_CURVE('',#5410,(#5414,#5421),.PCURVE_S1.);
#5410 = LINE('',#5411,#5412);
#5411 = CARTESIAN_POINT('',(88.89956000317,-25.75548010744,0.));
#5412 = VECTOR('',#5413,1.);
#5413 = DIRECTION('',(3.10461893931E-02,0.999517950876,-0.));
#5414 = PCURVE('',#1948,#5415);
#5415 = DEFINITIONAL_REPRESENTATION('',(#5416),#5420);
#5416 = LINE('',#5417,#5418);
#5417 = CARTESIAN_POINT('',(88.89956000317,-25.75548010744));
#5418 = VECTOR('',#5419,1.);
#5419 = DIRECTION('',(3.10461893931E-02,0.999517950876));
#5420 = ( GEOMETRIC_REPRESENTATION_CONTEXT(2) 
PARAMETRIC_REPRESENTATION_CONTEXT() REPRESENTATION_CONTEXT('2D SPACE',''
  ) );
#5421 = PCURVE('',#5422,#5427);
#5422 = PLANE('',#5423);
#5423 = AXIS2_PLACEMENT_3D('',#5424,#5425,#5426);
#5424 = CARTESIAN_POINT('',(88.031402653763,-53.70541122237,-4.5));
#5425 = DIRECTION('',(0.999517950876,-3.10461893931E-02,0.));
#5426 = DIRECTION('',(-3.10461893931E-02,-0.999517950876,0.));
#5427 = DEFINITIONAL_REPRESENTATION('',(#5428),#5432);
#5428 = LINE('',#5429,#5430);
#5429 = CARTESIAN_POINT('',(-27.96341085261,-4.5));
#5430 = VECTOR('',#5431,1.);
#5431 = DIRECTION('',(-1.,0.));
#5432 = ( GEOMETRIC_REPRESENTATION_CONTEXT(2) 
PARAMETRIC_REPRESENTATION_CONTEXT() REPRESENTATION_CONTEXT('2D SPACE',''
  ) );
#5433 = ORIENTED_EDGE('',*,*,#5434,.T.);
#5434 = EDGE_CURVE('',#5407,#5435,#5437,.T.);
#5435 = VERTEX_POINT('',#5436);
#5436 = CARTESIAN_POINT('',(77.235611756687,-39.37201747534,0.));
#5437 = SURFACE_CURVE('',#5438,(#5442,#5449),.PCURVE_S1.);
#5438 = LINE('',#5439,#5440);
#5439 = CARTESIAN_POINT('',(44.030671101345,-16.12166772266,0.));
#5440 = VECTOR('',#5441,1.);
#5441 = DIRECTION('',(-0.819152044289,0.573576436351,-0.));
#5442 = PCURVE('',#1948,#5443);
#5443 = DEFINITIONAL_REPRESENTATION('',(#5444),#5448);
#5444 = LINE('',#5445,#5446);
#5445 = CARTESIAN_POINT('',(44.030671101345,-16.12166772266));
#5446 = VECTOR('',#5447,1.);
#5447 = DIRECTION('',(-0.819152044289,0.573576436351));
#5448 = ( GEOMETRIC_REPRESENTATION_CONTEXT(2) 
PARAMETRIC_REPRESENTATION_CONTEXT() REPRESENTATION_CONTEXT('2D SPACE',''
  ) );
#5449 = PCURVE('',#5450,#5455);
#5450 = PLANE('',#5451);
#5451 = AXIS2_PLACEMENT_3D('',#5452,#5453,#5454);
#5452 = CARTESIAN_POINT('',(88.237335180839,-47.07550715023,-4.5));
#5453 = DIRECTION('',(0.573576436351,0.819152044289,-0.));
#5454 = DIRECTION('',(0.819152044289,-0.573576436351,0.));
#5455 = DEFINITIONAL_REPRESENTATION('',(#5456),#5460);
#5456 = LINE('',#5457,#5458);
#5457 = CARTESIAN_POINT('',(-53.96637216215,-4.5));
#5458 = VECTOR('',#5459,1.);
#5459 = DIRECTION('',(-1.,0.));
#5460 = ( GEOMETRIC_REPRESENTATION_CONTEXT(2) 
PARAMETRIC_REPRESENTATION_CONTEXT() REPRESENTATION_CONTEXT('2D SPACE',''
  ) );
#5461 = ORIENTED_EDGE('',*,*,#5462,.T.);
#5462 = EDGE_CURVE('',#5435,#5463,#5465,.T.);
#5463 = VERTEX_POINT('',#5464);
#5464 = CARTESIAN_POINT('',(75.748606056215,-37.82038210747,0.));
#5465 = SURFACE_CURVE('',#5466,(#5470,#5477),.PCURVE_S1.);
#5466 = LINE('',#5467,#5468);
#5467 = CARTESIAN_POINT('',(48.725497723416,-9.622769532339,0.));
#5468 = VECTOR('',#5469,1.);
#5469 = DIRECTION('',(-0.691910652281,0.721983136409,-0.));
#5470 = PCURVE('',#1948,#5471);
#5471 = DEFINITIONAL_REPRESENTATION('',(#5472),#5476);
#5472 = LINE('',#5473,#5474);
#5473 = CARTESIAN_POINT('',(48.725497723416,-9.622769532339));
#5474 = VECTOR('',#5475,1.);
#5475 = DIRECTION('',(-0.691910652281,0.721983136409));
#5476 = ( GEOMETRIC_REPRESENTATION_CONTEXT(2) 
PARAMETRIC_REPRESENTATION_CONTEXT() REPRESENTATION_CONTEXT('2D SPACE',''
  ) );
#5477 = PCURVE('',#5478,#5483);
#5478 = PLANE('',#5479);
#5479 = AXIS2_PLACEMENT_3D('',#5480,#5481,#5482);
#5480 = CARTESIAN_POINT('',(77.235611756687,-39.37201747534,-4.5));
#5481 = DIRECTION('',(0.721983136409,0.691910652281,-0.));
#5482 = DIRECTION('',(0.691910652281,-0.721983136409,0.));
#5483 = DEFINITIONAL_REPRESENTATION('',(#5484),#5488);
#5484 = LINE('',#5485,#5486);
#5485 = CARTESIAN_POINT('',(-41.20490693308,-4.5));
#5486 = VECTOR('',#5487,1.);
#5487 = DIRECTION('',(-1.,0.));
#5488 = ( GEOMETRIC_REPRESENTATION_CONTEXT(2) 
PARAMETRIC_REPRESENTATION_CONTEXT() REPRESENTATION_CONTEXT('2D SPACE',''
  ) );
#5489 = ORIENTED_EDGE('',*,*,#5490,.T.);
#5490 = EDGE_CURVE('',#5463,#5491,#5493,.T.);
#5491 = VERTEX_POINT('',#5492);
#5492 = CARTESIAN_POINT('',(78.581325179029,-34.21907292487,0.));
#5493 = SURFACE_CURVE('',#5494,(#5498,#5505),.PCURVE_S1.);
#5494 = LINE('',#5495,#5496);
#5495 = CARTESIAN_POINT('',(71.495158954539,-43.22789956362,0.));
#5496 = VECTOR('',#5497,1.);
#5497 = DIRECTION('',(0.61824235913,0.785987522405,-0.));
#5498 = PCURVE('',#1948,#5499);
#5499 = DEFINITIONAL_REPRESENTATION('',(#5500),#5504);
#5500 = LINE('',#5501,#5502);
#5501 = CARTESIAN_POINT('',(71.495158954539,-43.22789956362));
#5502 = VECTOR('',#5503,1.);
#5503 = DIRECTION('',(0.61824235913,0.785987522405));
#5504 = ( GEOMETRIC_REPRESENTATION_CONTEXT(2) 
PARAMETRIC_REPRESENTATION_CONTEXT() REPRESENTATION_CONTEXT('2D SPACE',''
  ) );
#5505 = PCURVE('',#5506,#5511);
#5506 = PLANE('',#5507);
#5507 = AXIS2_PLACEMENT_3D('',#5508,#5509,#5510);
#5508 = CARTESIAN_POINT('',(75.748606056215,-37.82038210747,-4.5));
#5509 = DIRECTION('',(0.785987522405,-0.61824235913,0.));
#5510 = DIRECTION('',(-0.61824235913,-0.785987522405,0.));
#5511 = DEFINITIONAL_REPRESENTATION('',(#5512),#5516);
#5512 = LINE('',#5513,#5514);
#5513 = CARTESIAN_POINT('',(6.879902418301,-4.5));
#5514 = VECTOR('',#5515,1.);
#5515 = DIRECTION('',(-1.,0.));
#5516 = ( GEOMETRIC_REPRESENTATION_CONTEXT(2) 
PARAMETRIC_REPRESENTATION_CONTEXT() REPRESENTATION_CONTEXT('2D SPACE',''
  ) );
#5517 = ORIENTED_EDGE('',*,*,#5518,.F.);
#5518 = EDGE_CURVE('',#5519,#5491,#5521,.T.);
#5519 = VERTEX_POINT('',#5520);
#5520 = CARTESIAN_POINT('',(79.317923983724,-34.73484496055,0.));
#5521 = SURFACE_CURVE('',#5522,(#5526,#5533),.PCURVE_S1.);
#5522 = LINE('',#5523,#5524);
#5523 = CARTESIAN_POINT('',(44.204067656978,-10.14785806495,0.));
#5524 = VECTOR('',#5525,1.);
#5525 = DIRECTION('',(-0.819152044289,0.573576436351,-0.));
#5526 = PCURVE('',#1948,#5527);
#5527 = DEFINITIONAL_REPRESENTATION('',(#5528),#5532);
#5528 = LINE('',#5529,#5530);
#5529 = CARTESIAN_POINT('',(44.204067656978,-10.14785806495));
#5530 = VECTOR('',#5531,1.);
#5531 = DIRECTION('',(-0.819152044289,0.573576436351));
#5532 = ( GEOMETRIC_REPRESENTATION_CONTEXT(2) 
PARAMETRIC_REPRESENTATION_CONTEXT() REPRESENTATION_CONTEXT('2D SPACE',''
  ) );
#5533 = PCURVE('',#5534,#5539);
#5534 = PLANE('',#5535);
#5535 = AXIS2_PLACEMENT_3D('',#5536,#5537,#5538);
#5536 = CARTESIAN_POINT('',(79.317923983724,-34.73484496055,-4.5));
#5537 = DIRECTION('',(0.573576436351,0.819152044289,-0.));
#5538 = DIRECTION('',(0.819152044289,-0.573576436351,0.));
#5539 = DEFINITIONAL_REPRESENTATION('',(#5540),#5544);
#5540 = LINE('',#5541,#5542);
#5541 = CARTESIAN_POINT('',(-42.86610351711,-4.5));
#5542 = VECTOR('',#5543,1.);
#5543 = DIRECTION('',(-1.,0.));
#5544 = ( GEOMETRIC_REPRESENTATION_CONTEXT(2) 
PARAMETRIC_REPRESENTATION_CONTEXT() REPRESENTATION_CONTEXT('2D SPACE',''
  ) );
#5545 = ORIENTED_EDGE('',*,*,#5546,.T.);
#5546 = EDGE_CURVE('',#5519,#5547,#5549,.T.);
#5547 = VERTEX_POINT('',#5548);
#5548 = CARTESIAN_POINT('',(79.498249174035,-34.46262893914,0.));
#5549 = SURFACE_CURVE('',#5550,(#5554,#5561),.PCURVE_S1.);
#5550 = LINE('',#5551,#5552);
#5551 = CARTESIAN_POINT('',(74.325889097438,-42.27074093358,0.));
#5552 = VECTOR('',#5553,1.);
#5553 = DIRECTION('',(0.552254970379,0.833675265131,-0.));
#5554 = PCURVE('',#1948,#5555);
#5555 = DEFINITIONAL_REPRESENTATION('',(#5556),#5560);
#5556 = LINE('',#5557,#5558);
#5557 = CARTESIAN_POINT('',(74.325889097438,-42.27074093358));
#5558 = VECTOR('',#5559,1.);
#5559 = DIRECTION('',(0.552254970379,0.833675265131));
#5560 = ( GEOMETRIC_REPRESENTATION_CONTEXT(2) 
PARAMETRIC_REPRESENTATION_CONTEXT() REPRESENTATION_CONTEXT('2D SPACE',''
  ) );
#5561 = PCURVE('',#5562,#5567);
#5562 = PLANE('',#5563);
#5563 = AXIS2_PLACEMENT_3D('',#5564,#5565,#5566);
#5564 = CARTESIAN_POINT('',(79.317923983724,-34.73484496055,-4.5));
#5565 = DIRECTION('',(0.833675265131,-0.552254970379,0.));
#5566 = DIRECTION('',(-0.552254970379,-0.833675265131,0.));
#5567 = DEFINITIONAL_REPRESENTATION('',(#5568),#5572);
#5568 = LINE('',#5569,#5570);
#5569 = CARTESIAN_POINT('',(9.039366151576,-4.5));
#5570 = VECTOR('',#5571,1.);
#5571 = DIRECTION('',(-1.,0.));
#5572 = ( GEOMETRIC_REPRESENTATION_CONTEXT(2) 
PARAMETRIC_REPRESENTATION_CONTEXT() REPRESENTATION_CONTEXT('2D SPACE',''
  ) );
#5573 = ORIENTED_EDGE('',*,*,#5574,.F.);
#5574 = EDGE_CURVE('',#5575,#5547,#5577,.T.);
#5575 = VERTEX_POINT('',#5576);
#5576 = CARTESIAN_POINT('',(79.646745227213,-33.3204424988,0.));
#5577 = SURFACE_CURVE('',#5578,(#5582,#5589),.PCURVE_S1.);
#5578 = LINE('',#5579,#5580);
#5579 = CARTESIAN_POINT('',(81.372726404527,-20.04472065426,0.));
#5580 = VECTOR('',#5581,1.);
#5581 = DIRECTION('',(-0.128925318435,-0.991654305828,-0.));
#5582 = PCURVE('',#1948,#5583);
#5583 = DEFINITIONAL_REPRESENTATION('',(#5584),#5588);
#5584 = LINE('',#5585,#5586);
#5585 = CARTESIAN_POINT('',(81.372726404527,-20.04472065426));
#5586 = VECTOR('',#5587,1.);
#5587 = DIRECTION('',(-0.128925318435,-0.991654305828));
#5588 = ( GEOMETRIC_REPRESENTATION_CONTEXT(2) 
PARAMETRIC_REPRESENTATION_CONTEXT() REPRESENTATION_CONTEXT('2D SPACE',''
  ) );
#5589 = PCURVE('',#5590,#5595);
#5590 = PLANE('',#5591);
#5591 = AXIS2_PLACEMENT_3D('',#5592,#5593,#5594);
#5592 = CARTESIAN_POINT('',(79.646745227213,-33.3204424988,-4.5));
#5593 = DIRECTION('',(-0.991654305828,0.128925318435,-0.));
#5594 = DIRECTION('',(0.128925318435,0.991654305828,0.));
#5595 = DEFINITIONAL_REPRESENTATION('',(#5596),#5600);
#5596 = LINE('',#5597,#5598);
#5597 = CARTESIAN_POINT('',(13.387449403009,-4.5));
#5598 = VECTOR('',#5599,1.);
#5599 = DIRECTION('',(-1.,0.));
#5600 = ( GEOMETRIC_REPRESENTATION_CONTEXT(2) 
PARAMETRIC_REPRESENTATION_CONTEXT() REPRESENTATION_CONTEXT('2D SPACE',''
  ) );
#5601 = ORIENTED_EDGE('',*,*,#5602,.T.);
#5602 = EDGE_CURVE('',#5575,#5603,#5605,.T.);
#5603 = VERTEX_POINT('',#5604);
#5604 = CARTESIAN_POINT('',(80.576282015404,-26.17072846571,0.));
#5605 = SURFACE_CURVE('',#5606,(#5611,#5622),.PCURVE_S1.);
#5606 = CIRCLE('',#5607,3.649998333333);
#5607 = AXIS2_PLACEMENT_3D('',#5608,#5609,#5610);
#5608 = CARTESIAN_POINT('',(80.678472390404,-29.81929598743,0.));
#5609 = DIRECTION('',(0.,0.,-1.));
#5610 = DIRECTION('',(-1.,-0.,-0.));
#5611 = PCURVE('',#1948,#5612);
#5612 = DEFINITIONAL_REPRESENTATION('',(#5613),#5621);
#5613 = ( BOUNDED_CURVE() B_SPLINE_CURVE(2,(#5614,#5615,#5616,#5617,
#5618,#5619,#5620),.UNSPECIFIED.,.T.,.F.) B_SPLINE_CURVE_WITH_KNOTS((1,2
    ,2,2,2,1),(-2.094395102393,0.,2.094395102393,4.188790204786,
6.28318530718,8.377580409573),.UNSPECIFIED.) CURVE() 
GEOMETRIC_REPRESENTATION_ITEM() RATIONAL_B_SPLINE_CURVE((1.,0.5,1.,0.5,
1.,0.5,1.)) REPRESENTATION_ITEM('') );
#5614 = CARTESIAN_POINT('',(77.028474057071,-29.81929598743));
#5615 = CARTESIAN_POINT('',(77.028474057071,-23.49731342656));
#5616 = CARTESIAN_POINT('',(82.503471557071,-26.658304707));
#5617 = CARTESIAN_POINT('',(87.978469057071,-29.81929598743));
#5618 = CARTESIAN_POINT('',(82.503471557071,-32.98028726787));
#5619 = CARTESIAN_POINT('',(77.028474057071,-36.14127854831));
#5620 = CARTESIAN_POINT('',(77.028474057071,-29.81929598743));
#5621 = ( GEOMETRIC_REPRESENTATION_CONTEXT(2) 
PARAMETRIC_REPRESENTATION_CONTEXT() REPRESENTATION_CONTEXT('2D SPACE',''
  ) );
#5622 = PCURVE('',#5623,#5628);
#5623 = CYLINDRICAL_SURFACE('',#5624,3.649998333333);
#5624 = AXIS2_PLACEMENT_3D('',#5625,#5626,#5627);
#5625 = CARTESIAN_POINT('',(80.678472390404,-29.81929598743,-4.5));
#5626 = DIRECTION('',(0.,-0.,-1.));
#5627 = DIRECTION('',(-1.,-0.,-0.));
#5628 = DEFINITIONAL_REPRESENTATION('',(#5629),#5633);
#5629 = LINE('',#5630,#5631);
#5630 = CARTESIAN_POINT('',(0.,-4.5));
#5631 = VECTOR('',#5632,1.);
#5632 = DIRECTION('',(1.,0.));
#5633 = ( GEOMETRIC_REPRESENTATION_CONTEXT(2) 
PARAMETRIC_REPRESENTATION_CONTEXT() REPRESENTATION_CONTEXT('2D SPACE',''
  ) );
#5634 = ORIENTED_EDGE('',*,*,#5635,.F.);
#5635 = EDGE_CURVE('',#5636,#5603,#5638,.T.);
#5636 = VERTEX_POINT('',#5637);
#5637 = CARTESIAN_POINT('',(81.758695606774,-17.07596303573,0.));
#5638 = SURFACE_CURVE('',#5639,(#5643,#5650),.PCURVE_S1.);
#5639 = LINE('',#5640,#5641);
#5640 = CARTESIAN_POINT('',(81.372726404527,-20.04472065426,0.));
#5641 = VECTOR('',#5642,1.);
#5642 = DIRECTION('',(-0.128925318435,-0.991654305828,-0.));
#5643 = PCURVE('',#1948,#5644);
#5644 = DEFINITIONAL_REPRESENTATION('',(#5645),#5649);
#5645 = LINE('',#5646,#5647);
#5646 = CARTESIAN_POINT('',(81.372726404527,-20.04472065426));
#5647 = VECTOR('',#5648,1.);
#5648 = DIRECTION('',(-0.128925318435,-0.991654305828));
#5649 = ( GEOMETRIC_REPRESENTATION_CONTEXT(2) 
PARAMETRIC_REPRESENTATION_CONTEXT() REPRESENTATION_CONTEXT('2D SPACE',''
  ) );
#5650 = PCURVE('',#5651,#5656);
#5651 = PLANE('',#5652);
#5652 = AXIS2_PLACEMENT_3D('',#5653,#5654,#5655);
#5653 = CARTESIAN_POINT('',(81.758695606774,-17.07596303573,-4.5));
#5654 = DIRECTION('',(-0.991654305828,0.128925318435,-0.));
#5655 = DIRECTION('',(0.128925318435,0.991654305828,0.));
#5656 = DEFINITIONAL_REPRESENTATION('',(#5657),#5661);
#5657 = LINE('',#5658,#5659);
#5658 = CARTESIAN_POINT('',(-2.993742477676,-4.5));
#5659 = VECTOR('',#5660,1.);
#5660 = DIRECTION('',(-1.,0.));
#5661 = ( GEOMETRIC_REPRESENTATION_CONTEXT(2) 
PARAMETRIC_REPRESENTATION_CONTEXT() REPRESENTATION_CONTEXT('2D SPACE',''
  ) );
#5662 = ORIENTED_EDGE('',*,*,#5663,.T.);
#5663 = EDGE_CURVE('',#5636,#5664,#5666,.T.);
#5664 = VERTEX_POINT('',#5665);
#5665 = CARTESIAN_POINT('',(100.7861343344,-5.95,0.));
#5666 = SURFACE_CURVE('',#5667,(#5671,#5678),.PCURVE_S1.);
#5667 = LINE('',#5668,#5669);
#5668 = CARTESIAN_POINT('',(61.507082028221,-28.91774097098,0.));
#5669 = VECTOR('',#5670,1.);
#5670 = DIRECTION('',(0.863252717069,0.50477197473,-0.));
#5671 = PCURVE('',#1948,#5672);
#5672 = DEFINITIONAL_REPRESENTATION('',(#5673),#5677);
#5673 = LINE('',#5674,#5675);
#5674 = CARTESIAN_POINT('',(61.507082028221,-28.91774097098));
#5675 = VECTOR('',#5676,1.);
#5676 = DIRECTION('',(0.863252717069,0.50477197473));
#5677 = ( GEOMETRIC_REPRESENTATION_CONTEXT(2) 
PARAMETRIC_REPRESENTATION_CONTEXT() REPRESENTATION_CONTEXT('2D SPACE',''
  ) );
#5678 = PCURVE('',#5679,#5684);
#5679 = PLANE('',#5680);
#5680 = AXIS2_PLACEMENT_3D('',#5681,#5682,#5683);
#5681 = CARTESIAN_POINT('',(81.758695606774,-17.07596303573,-4.5));
#5682 = DIRECTION('',(0.50477197473,-0.863252717069,0.));
#5683 = DIRECTION('',(-0.863252717069,-0.50477197473,0.));
#5684 = DEFINITIONAL_REPRESENTATION('',(#5685),#5689);
#5685 = LINE('',#5686,#5687);
#5686 = CARTESIAN_POINT('',(23.459658079406,-4.5));
#5687 = VECTOR('',#5688,1.);
#5688 = DIRECTION('',(-1.,0.));
#5689 = ( GEOMETRIC_REPRESENTATION_CONTEXT(2) 
PARAMETRIC_REPRESENTATION_CONTEXT() REPRESENTATION_CONTEXT('2D SPACE',''
  ) );
#5690 = ORIENTED_EDGE('',*,*,#5691,.T.);
#5691 = EDGE_CURVE('',#5664,#5692,#5694,.T.);
#5692 = VERTEX_POINT('',#5693);
#5693 = CARTESIAN_POINT('',(100.7861343344,11.95,0.));
#5694 = SURFACE_CURVE('',#5695,(#5699,#5706),.PCURVE_S1.);
#5695 = LINE('',#5696,#5697);
#5696 = CARTESIAN_POINT('',(100.7861343344,3.247917753559,0.));
#5697 = VECTOR('',#5698,1.);
#5698 = DIRECTION('',(-0.,1.,-0.));
#5699 = PCURVE('',#1948,#5700);
#5700 = DEFINITIONAL_REPRESENTATION('',(#5701),#5705);
#5701 = LINE('',#5702,#5703);
#5702 = CARTESIAN_POINT('',(100.7861343344,3.247917753559));
#5703 = VECTOR('',#5704,1.);
#5704 = DIRECTION('',(-0.,1.));
#5705 = ( GEOMETRIC_REPRESENTATION_CONTEXT(2) 
PARAMETRIC_REPRESENTATION_CONTEXT() REPRESENTATION_CONTEXT('2D SPACE',''
  ) );
#5706 = PCURVE('',#5707,#5712);
#5707 = PLANE('',#5708);
#5708 = AXIS2_PLACEMENT_3D('',#5709,#5710,#5711);
#5709 = CARTESIAN_POINT('',(100.7861343344,-5.95,-4.5));
#5710 = DIRECTION('',(1.,-0.,-0.));
#5711 = DIRECTION('',(0.,-1.,0.));
#5712 = DEFINITIONAL_REPRESENTATION('',(#5713),#5717);
#5713 = LINE('',#5714,#5715);
#5714 = CARTESIAN_POINT('',(-9.197917753559,-4.5));
#5715 = VECTOR('',#5716,1.);
#5716 = DIRECTION('',(-1.,0.));
#5717 = ( GEOMETRIC_REPRESENTATION_CONTEXT(2) 
PARAMETRIC_REPRESENTATION_CONTEXT() REPRESENTATION_CONTEXT('2D SPACE',''
  ) );
#5718 = ORIENTED_EDGE('',*,*,#5719,.T.);
#5719 = EDGE_CURVE('',#5692,#5720,#5722,.T.);
#5720 = VERTEX_POINT('',#5721);
#5721 = CARTESIAN_POINT('',(100.75869560677,14.075963035738,0.));
#5722 = SURFACE_CURVE('',#5723,(#5727,#5734),.PCURVE_S1.);
#5723 = LINE('',#5724,#5725);
#5724 = CARTESIAN_POINT('',(100.84465231538,7.416004613027,0.));
#5725 = VECTOR('',#5726,1.);
#5726 = DIRECTION('',(-1.290541844621E-02,0.99991672162,-0.));
#5727 = PCURVE('',#1948,#5728);
#5728 = DEFINITIONAL_REPRESENTATION('',(#5729),#5733);
#5729 = LINE('',#5730,#5731);
#5730 = CARTESIAN_POINT('',(100.84465231538,7.416004613027));
#5731 = VECTOR('',#5732,1.);
#5732 = DIRECTION('',(-1.290541844621E-02,0.99991672162));
#5733 = ( GEOMETRIC_REPRESENTATION_CONTEXT(2) 
PARAMETRIC_REPRESENTATION_CONTEXT() REPRESENTATION_CONTEXT('2D SPACE',''
  ) );
#5734 = PCURVE('',#5735,#5740);
#5735 = PLANE('',#5736);
#5736 = AXIS2_PLACEMENT_3D('',#5737,#5738,#5739);
#5737 = CARTESIAN_POINT('',(100.7861343344,11.95,-4.5));
#5738 = DIRECTION('',(0.99991672162,1.290541844621E-02,-0.));
#5739 = DIRECTION('',(1.290541844621E-02,-0.99991672162,0.));
#5740 = DEFINITIONAL_REPRESENTATION('',(#5741),#5745);
#5741 = LINE('',#5742,#5743);
#5742 = CARTESIAN_POINT('',(4.534373002212,-4.5));
#5743 = VECTOR('',#5744,1.);
#5744 = DIRECTION('',(-1.,0.));
#5745 = ( GEOMETRIC_REPRESENTATION_CONTEXT(2) 
PARAMETRIC_REPRESENTATION_CONTEXT() REPRESENTATION_CONTEXT('2D SPACE',''
  ) );
#5746 = ORIENTED_EDGE('',*,*,#5747,.T.);
#5747 = EDGE_CURVE('',#5720,#5748,#5750,.T.);
#5748 = VERTEX_POINT('',#5749);
#5749 = CARTESIAN_POINT('',(98.498249174035,31.46262893914,0.));
#5750 = SURFACE_CURVE('',#5751,(#5755,#5762),.PCURVE_S1.);
#5751 = LINE('',#5752,#5753);
#5752 = CARTESIAN_POINT('',(100.03030138386,19.678549682465,0.));
#5753 = VECTOR('',#5754,1.);
#5754 = DIRECTION('',(-0.128925318435,0.991654305828,-0.));
#5755 = PCURVE('',#1948,#5756);
#5756 = DEFINITIONAL_REPRESENTATION('',(#5757),#5761);
#5757 = LINE('',#5758,#5759);
#5758 = CARTESIAN_POINT('',(100.03030138386,19.678549682465));
#5759 = VECTOR('',#5760,1.);
#5760 = DIRECTION('',(-0.128925318435,0.991654305828));
#5761 = ( GEOMETRIC_REPRESENTATION_CONTEXT(2) 
PARAMETRIC_REPRESENTATION_CONTEXT() REPRESENTATION_CONTEXT('2D SPACE',''
  ) );
#5762 = PCURVE('',#5763,#5768);
#5763 = PLANE('',#5764);
#5764 = AXIS2_PLACEMENT_3D('',#5765,#5766,#5767);
#5765 = CARTESIAN_POINT('',(100.75869560677,14.075963035738,-4.5));
#5766 = DIRECTION('',(0.991654305828,0.128925318435,-0.));
#5767 = DIRECTION('',(0.128925318435,-0.991654305828,0.));
#5768 = DEFINITIONAL_REPRESENTATION('',(#5769),#5773);
#5769 = LINE('',#5770,#5771);
#5770 = CARTESIAN_POINT('',(-5.649737629135,-4.5));
#5771 = VECTOR('',#5772,1.);
#5772 = DIRECTION('',(-1.,0.));
#5773 = ( GEOMETRIC_REPRESENTATION_CONTEXT(2) 
PARAMETRIC_REPRESENTATION_CONTEXT() REPRESENTATION_CONTEXT('2D SPACE',''
  ) );
#5774 = ORIENTED_EDGE('',*,*,#5775,.T.);
#5775 = EDGE_CURVE('',#5748,#5776,#5778,.T.);
#5776 = VERTEX_POINT('',#5777);
#5777 = CARTESIAN_POINT('',(97.538247361834,36.239266651798,0.));
#5778 = SURFACE_CURVE('',#5779,(#5783,#5790),.PCURVE_S1.);
#5779 = LINE('',#5780,#5781);
#5780 = CARTESIAN_POINT('',(99.271795019694,27.613731768446,
    -8.881784197001E-16));
#5781 = VECTOR('',#5782,1.);
#5782 = DIRECTION('',(-0.197038533836,0.980395744679,-0.));
#5783 = PCURVE('',#1948,#5784);
#5784 = DEFINITIONAL_REPRESENTATION('',(#5785),#5789);
#5785 = LINE('',#5786,#5787);
#5786 = CARTESIAN_POINT('',(99.271795019694,27.613731768446));
#5787 = VECTOR('',#5788,1.);
#5788 = DIRECTION('',(-0.197038533836,0.980395744679));
#5789 = ( GEOMETRIC_REPRESENTATION_CONTEXT(2) 
PARAMETRIC_REPRESENTATION_CONTEXT() REPRESENTATION_CONTEXT('2D SPACE',''
  ) );
#5790 = PCURVE('',#5791,#5796);
#5791 = PLANE('',#5792);
#5792 = AXIS2_PLACEMENT_3D('',#5793,#5794,#5795);
#5793 = CARTESIAN_POINT('',(98.498249174035,31.46262893914,-4.5));
#5794 = DIRECTION('',(0.980395744679,0.197038533836,-0.));
#5795 = DIRECTION('',(0.197038533836,-0.980395744679,0.));
#5796 = DEFINITIONAL_REPRESENTATION('',(#5797),#5801);
#5797 = LINE('',#5798,#5799);
#5798 = CARTESIAN_POINT('',(3.925860747137,-4.5));
#5799 = VECTOR('',#5800,1.);
#5800 = DIRECTION('',(-1.,0.));
#5801 = ( GEOMETRIC_REPRESENTATION_CONTEXT(2) 
PARAMETRIC_REPRESENTATION_CONTEXT() REPRESENTATION_CONTEXT('2D SPACE',''
  ) );
#5802 = ORIENTED_EDGE('',*,*,#5803,.T.);
#5803 = EDGE_CURVE('',#5776,#5804,#5806,.T.);
#5804 = VERTEX_POINT('',#5805);
#5805 = CARTESIAN_POINT('',(96.329917301766,40.552677320579,0.));
#5806 = SURFACE_CURVE('',#5807,(#5811,#5818),.PCURVE_S1.);
#5807 = LINE('',#5808,#5809);
#5808 = CARTESIAN_POINT('',(98.016169229793,34.533215174452,0.));
#5809 = VECTOR('',#5810,1.);
#5810 = DIRECTION('',(-0.269748970107,0.962930679294,-0.));
#5811 = PCURVE('',#1948,#5812);
#5812 = DEFINITIONAL_REPRESENTATION('',(#5813),#5817);
#5813 = LINE('',#5814,#5815);
#5814 = CARTESIAN_POINT('',(98.016169229793,34.533215174452));
#5815 = VECTOR('',#5816,1.);
#5816 = DIRECTION('',(-0.269748970107,0.962930679294));
#5817 = ( GEOMETRIC_REPRESENTATION_CONTEXT(2) 
PARAMETRIC_REPRESENTATION_CONTEXT() REPRESENTATION_CONTEXT('2D SPACE',''
  ) );
#5818 = PCURVE('',#5819,#5824);
#5819 = PLANE('',#5820);
#5820 = AXIS2_PLACEMENT_3D('',#5821,#5822,#5823);
#5821 = CARTESIAN_POINT('',(97.538247361834,36.239266651798,-4.5));
#5822 = DIRECTION('',(0.962930679294,0.269748970107,-0.));
#5823 = DIRECTION('',(0.269748970107,-0.962930679294,0.));
#5824 = DEFINITIONAL_REPRESENTATION('',(#5825),#5829);
#5825 = LINE('',#5826,#5827);
#5826 = CARTESIAN_POINT('',(1.771728239665,-4.5));
#5827 = VECTOR('',#5828,1.);
#5828 = DIRECTION('',(-1.,0.));
#5829 = ( GEOMETRIC_REPRESENTATION_CONTEXT(2) 
PARAMETRIC_REPRESENTATION_CONTEXT() REPRESENTATION_CONTEXT('2D SPACE',''
  ) );
#5830 = ORIENTED_EDGE('',*,*,#5831,.T.);
#5831 = EDGE_CURVE('',#5804,#5832,#5834,.T.);
#5832 = VERTEX_POINT('',#5833);
#5833 = CARTESIAN_POINT('',(94.361031481291,47.58106582493,0.));
#5834 = SURFACE_CURVE('',#5835,(#5840,#5851),.PCURVE_S1.);
#5835 = CIRCLE('',#5836,3.649998333333);
#5836 = AXIS2_PLACEMENT_3D('',#5837,#5838,#5839);
#5837 = CARTESIAN_POINT('',(95.404823644136,44.08349727605,0.));
#5838 = DIRECTION('',(0.,0.,-1.));
#5839 = DIRECTION('',(-1.,-0.,-0.));
#5840 = PCURVE('',#1948,#5841);
#5841 = DEFINITIONAL_REPRESENTATION('',(#5842),#5850);
#5842 = ( BOUNDED_CURVE() B_SPLINE_CURVE(2,(#5843,#5844,#5845,#5846,
#5847,#5848,#5849),.UNSPECIFIED.,.T.,.F.) B_SPLINE_CURVE_WITH_KNOTS((1,2
    ,2,2,2,1),(-2.094395102393,0.,2.094395102393,4.188790204786,
6.28318530718,8.377580409573),.UNSPECIFIED.) CURVE() 
GEOMETRIC_REPRESENTATION_ITEM() RATIONAL_B_SPLINE_CURVE((1.,0.5,1.,0.5,
1.,0.5,1.)) REPRESENTATION_ITEM('') );
#5843 = CARTESIAN_POINT('',(91.754825310803,44.08349727605));
#5844 = CARTESIAN_POINT('',(91.754825310803,50.405479836925));
#5845 = CARTESIAN_POINT('',(97.229822810803,47.244488556487));
#5846 = CARTESIAN_POINT('',(102.7048203108,44.08349727605));
#5847 = CARTESIAN_POINT('',(97.229822810803,40.922505995612));
#5848 = CARTESIAN_POINT('',(91.754825310803,37.761514715175));
#5849 = CARTESIAN_POINT('',(91.754825310803,44.08349727605));
#5850 = ( GEOMETRIC_REPRESENTATION_CONTEXT(2) 
PARAMETRIC_REPRESENTATION_CONTEXT() REPRESENTATION_CONTEXT('2D SPACE',''
  ) );
#5851 = PCURVE('',#5852,#5857);
#5852 = CYLINDRICAL_SURFACE('',#5853,3.649998333333);
#5853 = AXIS2_PLACEMENT_3D('',#5854,#5855,#5856);
#5854 = CARTESIAN_POINT('',(95.404823644136,44.08349727605,-4.5));
#5855 = DIRECTION('',(0.,-0.,-1.));
#5856 = DIRECTION('',(-1.,-0.,-0.));
#5857 = DEFINITIONAL_REPRESENTATION('',(#5858),#5862);
#5858 = LINE('',#5859,#5860);
#5859 = CARTESIAN_POINT('',(0.,-4.5));
#5860 = VECTOR('',#5861,1.);
#5861 = DIRECTION('',(1.,0.));
#5862 = ( GEOMETRIC_REPRESENTATION_CONTEXT(2) 
PARAMETRIC_REPRESENTATION_CONTEXT() REPRESENTATION_CONTEXT('2D SPACE',''
  ) );
#5863 = ORIENTED_EDGE('',*,*,#5864,.T.);
#5864 = EDGE_CURVE('',#5832,#5865,#5867,.T.);
#5865 = VERTEX_POINT('',#5866);
#5866 = CARTESIAN_POINT('',(93.171399926438,51.827727900301,0.));
#5867 = SURFACE_CURVE('',#5868,(#5872,#5879),.PCURVE_S1.);
#5868 = LINE('',#5869,#5870);
#5869 = CARTESIAN_POINT('',(98.016169229793,34.533215174452,0.));
#5870 = VECTOR('',#5871,1.);
#5871 = DIRECTION('',(-0.269748970107,0.962930679294,-0.));
#5872 = PCURVE('',#1948,#5873);
#5873 = DEFINITIONAL_REPRESENTATION('',(#5874),#5878);
#5874 = LINE('',#5875,#5876);
#5875 = CARTESIAN_POINT('',(98.016169229793,34.533215174452));
#5876 = VECTOR('',#5877,1.);
#5877 = DIRECTION('',(-0.269748970107,0.962930679294));
#5878 = ( GEOMETRIC_REPRESENTATION_CONTEXT(2) 
PARAMETRIC_REPRESENTATION_CONTEXT() REPRESENTATION_CONTEXT('2D SPACE',''
  ) );
#5879 = PCURVE('',#5880,#5885);
#5880 = PLANE('',#5881);
#5881 = AXIS2_PLACEMENT_3D('',#5882,#5883,#5884);
#5882 = CARTESIAN_POINT('',(94.361031481291,47.58106582493,-4.5));
#5883 = DIRECTION('',(0.962930679294,0.269748970107,-0.));
#5884 = DIRECTION('',(0.269748970107,-0.962930679294,0.));
#5885 = DEFINITIONAL_REPRESENTATION('',(#5886),#5890);
#5886 = LINE('',#5887,#5888);
#5887 = CARTESIAN_POINT('',(13.550145333453,-4.5));
#5888 = VECTOR('',#5889,1.);
#5889 = DIRECTION('',(-1.,0.));
#5890 = ( GEOMETRIC_REPRESENTATION_CONTEXT(2) 
PARAMETRIC_REPRESENTATION_CONTEXT() REPRESENTATION_CONTEXT('2D SPACE',''
  ) );
#5891 = ORIENTED_EDGE('',*,*,#5892,.T.);
#5892 = EDGE_CURVE('',#5865,#5893,#5895,.T.);
#5893 = VERTEX_POINT('',#5894);
#5894 = CARTESIAN_POINT('',(88.171399926438,57.827727900301,0.));
#5895 = SURFACE_CURVE('',#5896,(#5900,#5907),.PCURVE_S1.);
#5896 = LINE('',#5897,#5898);
#5897 = CARTESIAN_POINT('',(84.995640564105,61.638639135101,0.));
#5898 = VECTOR('',#5899,1.);
#5899 = DIRECTION('',(-0.640184399664,0.768221279597,-0.));
#5900 = PCURVE('',#1948,#5901);
#5901 = DEFINITIONAL_REPRESENTATION('',(#5902),#5906);
#5902 = LINE('',#5903,#5904);
#5903 = CARTESIAN_POINT('',(84.995640564105,61.638639135101));
#5904 = VECTOR('',#5905,1.);
#5905 = DIRECTION('',(-0.640184399664,0.768221279597));
#5906 = ( GEOMETRIC_REPRESENTATION_CONTEXT(2) 
PARAMETRIC_REPRESENTATION_CONTEXT() REPRESENTATION_CONTEXT('2D SPACE',''
  ) );
#5907 = PCURVE('',#5908,#5913);
#5908 = PLANE('',#5909);
#5909 = AXIS2_PLACEMENT_3D('',#5910,#5911,#5912);
#5910 = CARTESIAN_POINT('',(93.171399926438,51.827727900301,-4.5));
#5911 = DIRECTION('',(0.768221279597,0.640184399664,-0.));
#5912 = DIRECTION('',(0.640184399664,-0.768221279597,0.));
#5913 = DEFINITIONAL_REPRESENTATION('',(#5914),#5918);
#5914 = LINE('',#5915,#5916);
#5915 = CARTESIAN_POINT('',(-12.77094438199,-4.5));
#5916 = VECTOR('',#5917,1.);
#5917 = DIRECTION('',(-1.,0.));
#5918 = ( GEOMETRIC_REPRESENTATION_CONTEXT(2) 
PARAMETRIC_REPRESENTATION_CONTEXT() REPRESENTATION_CONTEXT('2D SPACE',''
  ) );
#5919 = ORIENTED_EDGE('',*,*,#5920,.F.);
#5920 = EDGE_CURVE('',#5921,#5893,#5923,.T.);
#5921 = VERTEX_POINT('',#5922);
#5922 = CARTESIAN_POINT('',(64.104279646349,62.230576385224,0.));
#5923 = SURFACE_CURVE('',#5924,(#5928,#5935),.PCURVE_S1.);
#5924 = LINE('',#5925,#5926);
#5925 = CARTESIAN_POINT('',(42.200803652495,66.237606930289,0.));
#5926 = VECTOR('',#5927,1.);
#5927 = DIRECTION('',(0.983675044675,-0.179953900994,0.));
#5928 = PCURVE('',#1948,#5929);
#5929 = DEFINITIONAL_REPRESENTATION('',(#5930),#5934);
#5930 = LINE('',#5931,#5932);
#5931 = CARTESIAN_POINT('',(42.200803652495,66.237606930289));
#5932 = VECTOR('',#5933,1.);
#5933 = DIRECTION('',(0.983675044675,-0.179953900994));
#5934 = ( GEOMETRIC_REPRESENTATION_CONTEXT(2) 
PARAMETRIC_REPRESENTATION_CONTEXT() REPRESENTATION_CONTEXT('2D SPACE',''
  ) );
#5935 = PCURVE('',#5936,#5941);
#5936 = PLANE('',#5937);
#5937 = AXIS2_PLACEMENT_3D('',#5938,#5939,#5940);
#5938 = CARTESIAN_POINT('',(64.104279646349,62.230576385224,-4.5));
#5939 = DIRECTION('',(-0.179953900994,-0.983675044675,-0.));
#5940 = DIRECTION('',(-0.983675044675,0.179953900994,-0.));
#5941 = DEFINITIONAL_REPRESENTATION('',(#5942),#5946);
#5942 = LINE('',#5943,#5944);
#5943 = CARTESIAN_POINT('',(22.266983504786,-4.5));
#5944 = VECTOR('',#5945,1.);
#5945 = DIRECTION('',(-1.,0.));
#5946 = ( GEOMETRIC_REPRESENTATION_CONTEXT(2) 
PARAMETRIC_REPRESENTATION_CONTEXT() REPRESENTATION_CONTEXT('2D SPACE',''
  ) );
#5947 = ORIENTED_EDGE('',*,*,#5948,.F.);
#5948 = EDGE_CURVE('',#5949,#5921,#5951,.T.);
#5949 = VERTEX_POINT('',#5950);
#5950 = CARTESIAN_POINT('',(29.122558189882,62.230576385224,0.));
#5951 = SURFACE_CURVE('',#5952,(#5956,#5963),.PCURVE_S1.);
#5952 = LINE('',#5953,#5954);
#5953 = CARTESIAN_POINT('',(23.854815624974,62.230576385224,0.));
#5954 = VECTOR('',#5955,1.);
#5955 = DIRECTION('',(1.,-0.,-0.));
#5956 = PCURVE('',#1948,#5957);
#5957 = DEFINITIONAL_REPRESENTATION('',(#5958),#5962);
#5958 = LINE('',#5959,#5960);
#5959 = CARTESIAN_POINT('',(23.854815624974,62.230576385224));
#5960 = VECTOR('',#5961,1.);
#5961 = DIRECTION('',(1.,-0.));
#5962 = ( GEOMETRIC_REPRESENTATION_CONTEXT(2) 
PARAMETRIC_REPRESENTATION_CONTEXT() REPRESENTATION_CONTEXT('2D SPACE',''
  ) );
#5963 = PCURVE('',#5964,#5969);
#5964 = PLANE('',#5965);
#5965 = AXIS2_PLACEMENT_3D('',#5966,#5967,#5968);
#5966 = CARTESIAN_POINT('',(29.122558189882,62.230576385224,-4.5));
#5967 = DIRECTION('',(-0.,-1.,-0.));
#5968 = DIRECTION('',(-1.,0.,0.));
#5969 = DEFINITIONAL_REPRESENTATION('',(#5970),#5974);
#5970 = LINE('',#5971,#5972);
#5971 = CARTESIAN_POINT('',(5.267742564907,-4.5));
#5972 = VECTOR('',#5973,1.);
#5973 = DIRECTION('',(-1.,0.));
#5974 = ( GEOMETRIC_REPRESENTATION_CONTEXT(2) 
PARAMETRIC_REPRESENTATION_CONTEXT() REPRESENTATION_CONTEXT('2D SPACE',''
  ) );
#5975 = ORIENTED_EDGE('',*,*,#5976,.F.);
#5976 = EDGE_CURVE('',#5977,#5949,#5979,.T.);
#5977 = VERTEX_POINT('',#5978);
#5978 = CARTESIAN_POINT('',(27.300354996095,65.050576385224,0.));
#5979 = SURFACE_CURVE('',#5980,(#5984,#5991),.PCURVE_S1.);
#5980 = LINE('',#5981,#5982);
#5981 = CARTESIAN_POINT('',(38.780276030637,47.284513068139,0.));
#5982 = VECTOR('',#5983,1.);
#5983 = DIRECTION('',(0.54272575441,-0.839909968687,0.));
#5984 = PCURVE('',#1948,#5985);
#5985 = DEFINITIONAL_REPRESENTATION('',(#5986),#5990);
#5986 = LINE('',#5987,#5988);
#5987 = CARTESIAN_POINT('',(38.780276030637,47.284513068139));
#5988 = VECTOR('',#5989,1.);
#5989 = DIRECTION('',(0.54272575441,-0.839909968687));
#5990 = ( GEOMETRIC_REPRESENTATION_CONTEXT(2) 
PARAMETRIC_REPRESENTATION_CONTEXT() REPRESENTATION_CONTEXT('2D SPACE',''
  ) );
#5991 = PCURVE('',#5992,#5997);
#5992 = PLANE('',#5993);
#5993 = AXIS2_PLACEMENT_3D('',#5994,#5995,#5996);
#5994 = CARTESIAN_POINT('',(27.300354996095,65.050576385224,-4.5));
#5995 = DIRECTION('',(-0.839909968687,-0.54272575441,-0.));
#5996 = DIRECTION('',(-0.54272575441,0.839909968687,-0.));
#5997 = DEFINITIONAL_REPRESENTATION('',(#5998),#6002);
#5998 = LINE('',#5999,#6000);
#5999 = CARTESIAN_POINT('',(-21.15234248838,-4.5));
#6000 = VECTOR('',#6001,1.);
#6001 = DIRECTION('',(-1.,0.));
#6002 = ( GEOMETRIC_REPRESENTATION_CONTEXT(2) 
PARAMETRIC_REPRESENTATION_CONTEXT() REPRESENTATION_CONTEXT('2D SPACE',''
  ) );
#6003 = ORIENTED_EDGE('',*,*,#6004,.F.);
#6004 = EDGE_CURVE('',#6005,#5977,#6007,.T.);
#6005 = VERTEX_POINT('',#6006);
#6006 = CARTESIAN_POINT('',(10.378214150272,65.050576385224,0.));
#6007 = SURFACE_CURVE('',#6008,(#6012,#6019),.PCURVE_S1.);
#6008 = LINE('',#6009,#6010);
#6009 = CARTESIAN_POINT('',(13.662016063068,65.050576385224,0.));
#6010 = VECTOR('',#6011,1.);
#6011 = DIRECTION('',(1.,-0.,-0.));
#6012 = PCURVE('',#1948,#6013);
#6013 = DEFINITIONAL_REPRESENTATION('',(#6014),#6018);
#6014 = LINE('',#6015,#6016);
#6015 = CARTESIAN_POINT('',(13.662016063068,65.050576385224));
#6016 = VECTOR('',#6017,1.);
#6017 = DIRECTION('',(1.,-0.));
#6018 = ( GEOMETRIC_REPRESENTATION_CONTEXT(2) 
PARAMETRIC_REPRESENTATION_CONTEXT() REPRESENTATION_CONTEXT('2D SPACE',''
  ) );
#6019 = PCURVE('',#6020,#6025);
#6020 = PLANE('',#6021);
#6021 = AXIS2_PLACEMENT_3D('',#6022,#6023,#6024);
#6022 = CARTESIAN_POINT('',(10.378214150272,65.050576385224,-4.5));
#6023 = DIRECTION('',(-0.,-1.,-0.));
#6024 = DIRECTION('',(-1.,0.,0.));
#6025 = DEFINITIONAL_REPRESENTATION('',(#6026),#6030);
#6026 = LINE('',#6027,#6028);
#6027 = CARTESIAN_POINT('',(-3.283801912796,-4.5));
#6028 = VECTOR('',#6029,1.);
#6029 = DIRECTION('',(-1.,0.));
#6030 = ( GEOMETRIC_REPRESENTATION_CONTEXT(2) 
PARAMETRIC_REPRESENTATION_CONTEXT() REPRESENTATION_CONTEXT('2D SPACE',''
  ) );
#6031 = ORIENTED_EDGE('',*,*,#6032,.F.);
#6032 = EDGE_CURVE('',#6033,#6005,#6035,.T.);
#6033 = VERTEX_POINT('',#6034);
#6034 = CARTESIAN_POINT('',(6.288597183631,62.230576385224,0.));
#6035 = SURFACE_CURVE('',#6036,(#6040,#6047),.PCURVE_S1.);
#6036 = LINE('',#6037,#6038);
#6037 = CARTESIAN_POINT('',(-8.891345059319,51.763230060544,0.));
#6038 = VECTOR('',#6039,1.);
#6039 = DIRECTION('',(0.823252815242,0.567674908902,-0.));
#6040 = PCURVE('',#1948,#6041);
#6041 = DEFINITIONAL_REPRESENTATION('',(#6042),#6046);
#6042 = LINE('',#6043,#6044);
#6043 = CARTESIAN_POINT('',(-8.891345059319,51.763230060544));
#6044 = VECTOR('',#6045,1.);
#6045 = DIRECTION('',(0.823252815242,0.567674908902));
#6046 = ( GEOMETRIC_REPRESENTATION_CONTEXT(2) 
PARAMETRIC_REPRESENTATION_CONTEXT() REPRESENTATION_CONTEXT('2D SPACE',''
  ) );
#6047 = PCURVE('',#6048,#6053);
#6048 = PLANE('',#6049);
#6049 = AXIS2_PLACEMENT_3D('',#6050,#6051,#6052);
#6050 = CARTESIAN_POINT('',(6.288597183631,62.230576385224,-4.5));
#6051 = DIRECTION('',(0.567674908902,-0.823252815242,0.));
#6052 = DIRECTION('',(-0.823252815242,-0.567674908902,0.));
#6053 = DEFINITIONAL_REPRESENTATION('',(#6054),#6058);
#6054 = LINE('',#6055,#6056);
#6055 = CARTESIAN_POINT('',(18.43898005802,-4.5));
#6056 = VECTOR('',#6057,1.);
#6057 = DIRECTION('',(-1.,0.));
#6058 = ( GEOMETRIC_REPRESENTATION_CONTEXT(2) 
PARAMETRIC_REPRESENTATION_CONTEXT() REPRESENTATION_CONTEXT('2D SPACE',''
  ) );
#6059 = ORIENTED_EDGE('',*,*,#6060,.F.);
#6060 = EDGE_CURVE('',#6061,#6033,#6063,.T.);
#6061 = VERTEX_POINT('',#6062);
#6062 = CARTESIAN_POINT('',(2.147054004012,62.230576385224,0.));
#6063 = SURFACE_CURVE('',#6064,(#6068,#6075),.PCURVE_S1.);
#6064 = LINE('',#6065,#6066);
#6065 = CARTESIAN_POINT('',(3.107938664209,62.230576385224,0.));
#6066 = VECTOR('',#6067,1.);
#6067 = DIRECTION('',(1.,-0.,-0.));
#6068 = PCURVE('',#1948,#6069);
#6069 = DEFINITIONAL_REPRESENTATION('',(#6070),#6074);
#6070 = LINE('',#6071,#6072);
#6071 = CARTESIAN_POINT('',(3.107938664209,62.230576385224));
#6072 = VECTOR('',#6073,1.);
#6073 = DIRECTION('',(1.,-0.));
#6074 = ( GEOMETRIC_REPRESENTATION_CONTEXT(2) 
PARAMETRIC_REPRESENTATION_CONTEXT() REPRESENTATION_CONTEXT('2D SPACE',''
  ) );
#6075 = PCURVE('',#6076,#6081);
#6076 = PLANE('',#6077);
#6077 = AXIS2_PLACEMENT_3D('',#6078,#6079,#6080);
#6078 = CARTESIAN_POINT('',(2.147054004012,62.230576385224,-4.5));
#6079 = DIRECTION('',(-0.,-1.,-0.));
#6080 = DIRECTION('',(-1.,0.,0.));
#6081 = DEFINITIONAL_REPRESENTATION('',(#6082),#6086);
#6082 = LINE('',#6083,#6084);
#6083 = CARTESIAN_POINT('',(-0.960884660197,-4.5));
#6084 = VECTOR('',#6085,1.);
#6085 = DIRECTION('',(-1.,0.));
#6086 = ( GEOMETRIC_REPRESENTATION_CONTEXT(2) 
PARAMETRIC_REPRESENTATION_CONTEXT() REPRESENTATION_CONTEXT('2D SPACE',''
  ) );
#6087 = ORIENTED_EDGE('',*,*,#6088,.T.);
#6088 = EDGE_CURVE('',#6061,#6089,#6091,.T.);
#6089 = VERTEX_POINT('',#6090);
#6090 = CARTESIAN_POINT('',(-4.847803142758,62.230576385224,0.));
#6091 = SURFACE_CURVE('',#6092,(#6097,#6108),.PCURVE_S1.);
#6092 = CIRCLE('',#6093,3.649998333333);
#6093 = AXIS2_PLACEMENT_3D('',#6094,#6095,#6096);
#6094 = CARTESIAN_POINT('',(-1.350374569373,63.274837467236,0.));
#6095 = DIRECTION('',(0.,0.,-1.));
#6096 = DIRECTION('',(-1.,-0.,-0.));
#6097 = PCURVE('',#1948,#6098);
#6098 = DEFINITIONAL_REPRESENTATION('',(#6099),#6107);
#6099 = ( BOUNDED_CURVE() B_SPLINE_CURVE(2,(#6100,#6101,#6102,#6103,
#6104,#6105,#6106),.UNSPECIFIED.,.T.,.F.) B_SPLINE_CURVE_WITH_KNOTS((1,2
    ,2,2,2,1),(-2.094395102393,0.,2.094395102393,4.188790204786,
6.28318530718,8.377580409573),.UNSPECIFIED.) CURVE() 
GEOMETRIC_REPRESENTATION_ITEM() RATIONAL_B_SPLINE_CURVE((1.,0.5,1.,0.5,
1.,0.5,1.)) REPRESENTATION_ITEM('') );
#6100 = CARTESIAN_POINT('',(-5.000372902706,63.274837467236));
#6101 = CARTESIAN_POINT('',(-5.000372902706,69.596820028111));
#6102 = CARTESIAN_POINT('',(0.474624597294,66.435828747673));
#6103 = CARTESIAN_POINT('',(5.949622097294,63.274837467236));
#6104 = CARTESIAN_POINT('',(0.474624597294,60.113846186798));
#6105 = CARTESIAN_POINT('',(-5.000372902706,56.952854906361));
#6106 = CARTESIAN_POINT('',(-5.000372902706,63.274837467236));
#6107 = ( GEOMETRIC_REPRESENTATION_CONTEXT(2) 
PARAMETRIC_REPRESENTATION_CONTEXT() REPRESENTATION_CONTEXT('2D SPACE',''
  ) );
#6108 = PCURVE('',#6109,#6114);
#6109 = CYLINDRICAL_SURFACE('',#6110,3.649998333333);
#6110 = AXIS2_PLACEMENT_3D('',#6111,#6112,#6113);
#6111 = CARTESIAN_POINT('',(-1.350374569373,63.274837467236,-4.5));
#6112 = DIRECTION('',(0.,-0.,-1.));
#6113 = DIRECTION('',(-1.,-0.,-0.));
#6114 = DEFINITIONAL_REPRESENTATION('',(#6115),#6119);
#6115 = LINE('',#6116,#6117);
#6116 = CARTESIAN_POINT('',(0.,-4.5));
#6117 = VECTOR('',#6118,1.);
#6118 = DIRECTION('',(1.,0.));
#6119 = ( GEOMETRIC_REPRESENTATION_CONTEXT(2) 
PARAMETRIC_REPRESENTATION_CONTEXT() REPRESENTATION_CONTEXT('2D SPACE',''
  ) );
#6120 = ORIENTED_EDGE('',*,*,#6121,.F.);
#6121 = EDGE_CURVE('',#6122,#6089,#6124,.T.);
#6122 = VERTEX_POINT('',#6123);
#6123 = CARTESIAN_POINT('',(-11.17475115481,62.230576385224,0.));
#6124 = SURFACE_CURVE('',#6125,(#6129,#6136),.PCURVE_S1.);
#6125 = LINE('',#6126,#6127);
#6126 = CARTESIAN_POINT('',(3.107938664209,62.230576385224,0.));
#6127 = VECTOR('',#6128,1.);
#6128 = DIRECTION('',(1.,-0.,-0.));
#6129 = PCURVE('',#1948,#6130);
#6130 = DEFINITIONAL_REPRESENTATION('',(#6131),#6135);
#6131 = LINE('',#6132,#6133);
#6132 = CARTESIAN_POINT('',(3.107938664209,62.230576385224));
#6133 = VECTOR('',#6134,1.);
#6134 = DIRECTION('',(1.,-0.));
#6135 = ( GEOMETRIC_REPRESENTATION_CONTEXT(2) 
PARAMETRIC_REPRESENTATION_CONTEXT() REPRESENTATION_CONTEXT('2D SPACE',''
  ) );
#6136 = PCURVE('',#6137,#6142);
#6137 = PLANE('',#6138);
#6138 = AXIS2_PLACEMENT_3D('',#6139,#6140,#6141);
#6139 = CARTESIAN_POINT('',(-11.17475115481,62.230576385224,-4.5));
#6140 = DIRECTION('',(-0.,-1.,-0.));
#6141 = DIRECTION('',(-1.,0.,0.));
#6142 = DEFINITIONAL_REPRESENTATION('',(#6143),#6147);
#6143 = LINE('',#6144,#6145);
#6144 = CARTESIAN_POINT('',(-14.28268981902,-4.5));
#6145 = VECTOR('',#6146,1.);
#6146 = DIRECTION('',(-1.,0.));
#6147 = ( GEOMETRIC_REPRESENTATION_CONTEXT(2) 
PARAMETRIC_REPRESENTATION_CONTEXT() REPRESENTATION_CONTEXT('2D SPACE',''
  ) );
#6148 = ORIENTED_EDGE('',*,*,#6149,.F.);
#6149 = EDGE_CURVE('',#6150,#6122,#6152,.T.);
#6150 = VERTEX_POINT('',#6151);
#6151 = CARTESIAN_POINT('',(-15.45208617741,56.230576385224,0.));
#6152 = SURFACE_CURVE('',#6153,(#6157,#6164),.PCURVE_S1.);
#6153 = LINE('',#6154,#6155);
#6154 = CARTESIAN_POINT('',(-25.54611193135,42.07125657424,0.));
#6155 = VECTOR('',#6156,1.);
#6156 = DIRECTION('',(0.580484957156,0.814270971186,-0.));
#6157 = PCURVE('',#1948,#6158);
#6158 = DEFINITIONAL_REPRESENTATION('',(#6159),#6163);
#6159 = LINE('',#6160,#6161);
#6160 = CARTESIAN_POINT('',(-25.54611193135,42.07125657424));
#6161 = VECTOR('',#6162,1.);
#6162 = DIRECTION('',(0.580484957156,0.814270971186));
#6163 = ( GEOMETRIC_REPRESENTATION_CONTEXT(2) 
PARAMETRIC_REPRESENTATION_CONTEXT() REPRESENTATION_CONTEXT('2D SPACE',''
  ) );
#6164 = PCURVE('',#6165,#6170);
#6165 = PLANE('',#6166);
#6166 = AXIS2_PLACEMENT_3D('',#6167,#6168,#6169);
#6167 = CARTESIAN_POINT('',(-15.45208617741,56.230576385224,-4.5));
#6168 = DIRECTION('',(0.814270971186,-0.580484957156,0.));
#6169 = DIRECTION('',(-0.580484957156,-0.814270971186,0.));
#6170 = DEFINITIONAL_REPRESENTATION('',(#6171),#6175);
#6171 = LINE('',#6172,#6173);
#6172 = CARTESIAN_POINT('',(17.388953201126,-4.5));
#6173 = VECTOR('',#6174,1.);
#6174 = DIRECTION('',(-1.,0.));
#6175 = ( GEOMETRIC_REPRESENTATION_CONTEXT(2) 
PARAMETRIC_REPRESENTATION_CONTEXT() REPRESENTATION_CONTEXT('2D SPACE',''
  ) );
#6176 = ORIENTED_EDGE('',*,*,#6177,.F.);
#6177 = EDGE_CURVE('',#6178,#6150,#6180,.T.);
#6178 = VERTEX_POINT('',#6179);
#6179 = CARTESIAN_POINT('',(-54.29351493911,56.230576385224,0.));
#6180 = SURFACE_CURVE('',#6181,(#6185,#6192),.PCURVE_S1.);
#6181 = LINE('',#6182,#6183);
#6182 = CARTESIAN_POINT('',(-18.20635230272,56.230576385224,0.));
#6183 = VECTOR('',#6184,1.);
#6184 = DIRECTION('',(1.,-0.,-0.));
#6185 = PCURVE('',#1948,#6186);
#6186 = DEFINITIONAL_REPRESENTATION('',(#6187),#6191);
#6187 = LINE('',#6188,#6189);
#6188 = CARTESIAN_POINT('',(-18.20635230272,56.230576385224));
#6189 = VECTOR('',#6190,1.);
#6190 = DIRECTION('',(1.,-0.));
#6191 = ( GEOMETRIC_REPRESENTATION_CONTEXT(2) 
PARAMETRIC_REPRESENTATION_CONTEXT() REPRESENTATION_CONTEXT('2D SPACE',''
  ) );
#6192 = PCURVE('',#6193,#6198);
#6193 = PLANE('',#6194);
#6194 = AXIS2_PLACEMENT_3D('',#6195,#6196,#6197);
#6195 = CARTESIAN_POINT('',(-54.29351493911,56.230576385224,-4.5));
#6196 = DIRECTION('',(-0.,-1.,-0.));
#6197 = DIRECTION('',(-1.,0.,0.));
#6198 = DEFINITIONAL_REPRESENTATION('',(#6199),#6203);
#6199 = LINE('',#6200,#6201);
#6200 = CARTESIAN_POINT('',(-36.08716263638,-4.5));
#6201 = VECTOR('',#6202,1.);
#6202 = DIRECTION('',(-1.,0.));
#6203 = ( GEOMETRIC_REPRESENTATION_CONTEXT(2) 
PARAMETRIC_REPRESENTATION_CONTEXT() REPRESENTATION_CONTEXT('2D SPACE',''
  ) );
#6204 = ORIENTED_EDGE('',*,*,#6205,.T.);
#6205 = EDGE_CURVE('',#6178,#6206,#6208,.T.);
#6206 = VERTEX_POINT('',#6207);
#6207 = CARTESIAN_POINT('',(-58.75996565943,51.372257490197,0.));
#6208 = SURFACE_CURVE('',#6209,(#6213,#6220),.PCURVE_S1.);
#6209 = LINE('',#6210,#6211);
#6210 = CARTESIAN_POINT('',(-56.51410424035,53.815161632921,0.));
#6211 = VECTOR('',#6212,1.);
#6212 = DIRECTION('',(-0.676793655063,-0.7361727708,-0.));
#6213 = PCURVE('',#1948,#6214);
#6214 = DEFINITIONAL_REPRESENTATION('',(#6215),#6219);
#6215 = LINE('',#6216,#6217);
#6216 = CARTESIAN_POINT('',(-56.51410424035,53.815161632921));
#6217 = VECTOR('',#6218,1.);
#6218 = DIRECTION('',(-0.676793655063,-0.7361727708));
#6219 = ( GEOMETRIC_REPRESENTATION_CONTEXT(2) 
PARAMETRIC_REPRESENTATION_CONTEXT() REPRESENTATION_CONTEXT('2D SPACE',''
  ) );
#6220 = PCURVE('',#6221,#6226);
#6221 = PLANE('',#6222);
#6222 = AXIS2_PLACEMENT_3D('',#6223,#6224,#6225);
#6223 = CARTESIAN_POINT('',(-54.29351493911,56.230576385224,-4.5));
#6224 = DIRECTION('',(-0.7361727708,0.676793655063,-0.));
#6225 = DIRECTION('',(0.676793655063,0.7361727708,0.));
#6226 = DEFINITIONAL_REPRESENTATION('',(#6227),#6231);
#6227 = LINE('',#6228,#6229);
#6228 = CARTESIAN_POINT('',(-3.281043320414,-4.5));
#6229 = VECTOR('',#6230,1.);
#6230 = DIRECTION('',(-1.,0.));
#6231 = ( GEOMETRIC_REPRESENTATION_CONTEXT(2) 
PARAMETRIC_REPRESENTATION_CONTEXT() REPRESENTATION_CONTEXT('2D SPACE',''
  ) );
#6232 = ORIENTED_EDGE('',*,*,#6233,.F.);
#6233 = EDGE_CURVE('',#6234,#6206,#6236,.T.);
#6234 = VERTEX_POINT('',#6235);
#6235 = CARTESIAN_POINT('',(-58.67255875746,49.215920659813,
    -8.881784197001E-16));
#6236 = SURFACE_CURVE('',#6237,(#6241,#6248),.PCURVE_S1.);
#6237 = LINE('',#6238,#6239);
#6238 = CARTESIAN_POINT('',(-57.60365525438,22.845966575447,0.));
#6239 = VECTOR('',#6240,1.);
#6240 = DIRECTION('',(-4.050164191646E-02,0.999179471868,-0.));
#6241 = PCURVE('',#1948,#6242);
#6242 = DEFINITIONAL_REPRESENTATION('',(#6243),#6247);
#6243 = LINE('',#6244,#6245);
#6244 = CARTESIAN_POINT('',(-57.60365525438,22.845966575447));
#6245 = VECTOR('',#6246,1.);
#6246 = DIRECTION('',(-4.050164191646E-02,0.999179471868));
#6247 = ( GEOMETRIC_REPRESENTATION_CONTEXT(2) 
PARAMETRIC_REPRESENTATION_CONTEXT() REPRESENTATION_CONTEXT('2D SPACE',''
  ) );
#6248 = PCURVE('',#6249,#6254);
#6249 = PLANE('',#6250);
#6250 = AXIS2_PLACEMENT_3D('',#6251,#6252,#6253);
#6251 = CARTESIAN_POINT('',(-58.67255875746,49.215920659813,-4.5));
#6252 = DIRECTION('',(0.999179471868,4.050164191646E-02,-0.));
#6253 = DIRECTION('',(4.050164191646E-02,-0.999179471868,0.));
#6254 = DEFINITIONAL_REPRESENTATION('',(#6255),#6259);
#6255 = LINE('',#6256,#6257);
#6256 = CARTESIAN_POINT('',(26.391609142121,-4.5));
#6257 = VECTOR('',#6258,1.);
#6258 = DIRECTION('',(-1.,0.));
#6259 = ( GEOMETRIC_REPRESENTATION_CONTEXT(2) 
PARAMETRIC_REPRESENTATION_CONTEXT() REPRESENTATION_CONTEXT('2D SPACE',''
  ) );
#6260 = ORIENTED_EDGE('',*,*,#6261,.T.);
#6261 = EDGE_CURVE('',#6234,#6262,#6264,.T.);
#6262 = VERTEX_POINT('',#6263);
#6263 = CARTESIAN_POINT('',(-58.37973501784,41.991930331225,0.));
#6264 = SURFACE_CURVE('',#6265,(#6270,#6281),.PCURVE_S1.);
#6265 = CIRCLE('',#6266,3.649998333333);
#6266 = AXIS2_PLACEMENT_3D('',#6267,#6268,#6269);
#6267 = CARTESIAN_POINT('',(-59.03025479665,45.583491530858,0.));
#6268 = DIRECTION('',(0.,0.,-1.));
#6269 = DIRECTION('',(-1.,-0.,-0.));
#6270 = PCURVE('',#1948,#6271);
#6271 = DEFINITIONAL_REPRESENTATION('',(#6272),#6280);
#6272 = ( BOUNDED_CURVE() B_SPLINE_CURVE(2,(#6273,#6274,#6275,#6276,
#6277,#6278,#6279),.UNSPECIFIED.,.T.,.F.) B_SPLINE_CURVE_WITH_KNOTS((1,2
    ,2,2,2,1),(-2.094395102393,0.,2.094395102393,4.188790204786,
6.28318530718,8.377580409573),.UNSPECIFIED.) CURVE() 
GEOMETRIC_REPRESENTATION_ITEM() RATIONAL_B_SPLINE_CURVE((1.,0.5,1.,0.5,
1.,0.5,1.)) REPRESENTATION_ITEM('') );
#6273 = CARTESIAN_POINT('',(-62.68025312999,45.583491530858));
#6274 = CARTESIAN_POINT('',(-62.68025312999,51.905474091733));
#6275 = CARTESIAN_POINT('',(-57.20525562999,48.744482811296));
#6276 = CARTESIAN_POINT('',(-51.73025812999,45.583491530858));
#6277 = CARTESIAN_POINT('',(-57.20525562999,42.422500250421));
#6278 = CARTESIAN_POINT('',(-62.68025312999,39.261508969983));
#6279 = CARTESIAN_POINT('',(-62.68025312999,45.583491530858));
#6280 = ( GEOMETRIC_REPRESENTATION_CONTEXT(2) 
PARAMETRIC_REPRESENTATION_CONTEXT() REPRESENTATION_CONTEXT('2D SPACE',''
  ) );
#6281 = PCURVE('',#6282,#6287);
#6282 = CYLINDRICAL_SURFACE('',#6283,3.649998333333);
#6283 = AXIS2_PLACEMENT_3D('',#6284,#6285,#6286);
#6284 = CARTESIAN_POINT('',(-59.03025479665,45.583491530858,-4.5));
#6285 = DIRECTION('',(0.,-0.,-1.));
#6286 = DIRECTION('',(-1.,-0.,-0.));
#6287 = DEFINITIONAL_REPRESENTATION('',(#6288),#6292);
#6288 = LINE('',#6289,#6290);
#6289 = CARTESIAN_POINT('',(0.,-4.5));
#6290 = VECTOR('',#6291,1.);
#6291 = DIRECTION('',(1.,0.));
#6292 = ( GEOMETRIC_REPRESENTATION_CONTEXT(2) 
PARAMETRIC_REPRESENTATION_CONTEXT() REPRESENTATION_CONTEXT('2D SPACE',''
  ) );
#6293 = ORIENTED_EDGE('',*,*,#6294,.F.);
#6294 = EDGE_CURVE('',#6295,#6262,#6297,.T.);
#6295 = VERTEX_POINT('',#6296);
#6296 = CARTESIAN_POINT('',(-58.19546455036,37.445959855169,0.));
#6297 = SURFACE_CURVE('',#6298,(#6302,#6309),.PCURVE_S1.);
#6298 = LINE('',#6299,#6300);
#6299 = CARTESIAN_POINT('',(-57.60365525438,22.845966575447,0.));
#6300 = VECTOR('',#6301,1.);
#6301 = DIRECTION('',(-4.050164191646E-02,0.999179471868,-0.));
#6302 = PCURVE('',#1948,#6303);
#6303 = DEFINITIONAL_REPRESENTATION('',(#6304),#6308);
#6304 = LINE('',#6305,#6306);
#6305 = CARTESIAN_POINT('',(-57.60365525438,22.845966575447));
#6306 = VECTOR('',#6307,1.);
#6307 = DIRECTION('',(-4.050164191646E-02,0.999179471868));
#6308 = ( GEOMETRIC_REPRESENTATION_CONTEXT(2) 
PARAMETRIC_REPRESENTATION_CONTEXT() REPRESENTATION_CONTEXT('2D SPACE',''
  ) );
#6309 = PCURVE('',#6310,#6315);
#6310 = PLANE('',#6311);
#6311 = AXIS2_PLACEMENT_3D('',#6312,#6313,#6314);
#6312 = CARTESIAN_POINT('',(-58.19546455036,37.445959855169,-4.5));
#6313 = DIRECTION('',(0.999179471868,4.050164191646E-02,-0.));
#6314 = DIRECTION('',(4.050164191646E-02,-0.999179471868,0.));
#6315 = DEFINITIONAL_REPRESENTATION('',(#6316),#6320);
#6316 = LINE('',#6317,#6318);
#6317 = CARTESIAN_POINT('',(14.611982822695,-4.5));
#6318 = VECTOR('',#6319,1.);
#6319 = DIRECTION('',(-1.,0.));
#6320 = ( GEOMETRIC_REPRESENTATION_CONTEXT(2) 
PARAMETRIC_REPRESENTATION_CONTEXT() REPRESENTATION_CONTEXT('2D SPACE',''
  ) );
#6321 = ORIENTED_EDGE('',*,*,#6322,.T.);
#6322 = EDGE_CURVE('',#6295,#6323,#6325,.T.);
#6323 = VERTEX_POINT('',#6324);
#6324 = CARTESIAN_POINT('',(-57.95821788391,29.287916406987,0.));
#6325 = SURFACE_CURVE('',#6326,(#6330,#6337),.PCURVE_S1.);
#6326 = LINE('',#6327,#6328);
#6327 = CARTESIAN_POINT('',(-57.59035348015,16.63840763279,0.));
#6328 = VECTOR('',#6329,1.);
#6329 = DIRECTION('',(2.906902973103E-02,-0.999577406463,0.));
#6330 = PCURVE('',#1948,#6331);
#6331 = DEFINITIONAL_REPRESENTATION('',(#6332),#6336);
#6332 = LINE('',#6333,#6334);
#6333 = CARTESIAN_POINT('',(-57.59035348015,16.63840763279));
#6334 = VECTOR('',#6335,1.);
#6335 = DIRECTION('',(2.906902973103E-02,-0.999577406463));
#6336 = ( GEOMETRIC_REPRESENTATION_CONTEXT(2) 
PARAMETRIC_REPRESENTATION_CONTEXT() REPRESENTATION_CONTEXT('2D SPACE',''
  ) );
#6337 = PCURVE('',#6338,#6343);
#6338 = PLANE('',#6339);
#6339 = AXIS2_PLACEMENT_3D('',#6340,#6341,#6342);
#6340 = CARTESIAN_POINT('',(-58.19546455036,37.445959855169,-4.5));
#6341 = DIRECTION('',(-0.999577406463,-2.906902973103E-02,-0.));
#6342 = DIRECTION('',(-2.906902973103E-02,0.999577406463,-0.));
#6343 = DEFINITIONAL_REPRESENTATION('',(#6344),#6348);
#6344 = LINE('',#6345,#6346);
#6345 = CARTESIAN_POINT('',(-20.81634907697,-4.5));
#6346 = VECTOR('',#6347,1.);
#6347 = DIRECTION('',(-1.,0.));
#6348 = ( GEOMETRIC_REPRESENTATION_CONTEXT(2) 
PARAMETRIC_REPRESENTATION_CONTEXT() REPRESENTATION_CONTEXT('2D SPACE',''
  ) );
#6349 = ORIENTED_EDGE('',*,*,#6350,.F.);
#6350 = EDGE_CURVE('',#6351,#6323,#6353,.T.);
#6351 = VERTEX_POINT('',#6352);
#6352 = CARTESIAN_POINT('',(-57.92791049955,27.676876899459,0.));
#6353 = SURFACE_CURVE('',#6354,(#6358,#6365),.PCURVE_S1.);
#6354 = LINE('',#6355,#6356);
#6355 = CARTESIAN_POINT('',(-57.67189603384,14.068001457639,0.));
#6356 = VECTOR('',#6357,1.);
#6357 = DIRECTION('',(-1.880898804935E-02,0.999823095337,-0.));
#6358 = PCURVE('',#1948,#6359);
#6359 = DEFINITIONAL_REPRESENTATION('',(#6360),#6364);
#6360 = LINE('',#6361,#6362);
#6361 = CARTESIAN_POINT('',(-57.67189603384,14.068001457639));
#6362 = VECTOR('',#6363,1.);
#6363 = DIRECTION('',(-1.880898804935E-02,0.999823095337));
#6364 = ( GEOMETRIC_REPRESENTATION_CONTEXT(2) 
PARAMETRIC_REPRESENTATION_CONTEXT() REPRESENTATION_CONTEXT('2D SPACE',''
  ) );
#6365 = PCURVE('',#6366,#6371);
#6366 = PLANE('',#6367);
#6367 = AXIS2_PLACEMENT_3D('',#6368,#6369,#6370);
#6368 = CARTESIAN_POINT('',(-57.92791049955,27.676876899459,-4.5));
#6369 = DIRECTION('',(0.999823095337,1.880898804935E-02,-0.));
#6370 = DIRECTION('',(1.880898804935E-02,-0.999823095337,0.));
#6371 = DEFINITIONAL_REPRESENTATION('',(#6372),#6376);
#6372 = LINE('',#6373,#6374);
#6373 = CARTESIAN_POINT('',(13.611283341317,-4.5));
#6374 = VECTOR('',#6375,1.);
#6375 = DIRECTION('',(-1.,0.));
#6376 = ( GEOMETRIC_REPRESENTATION_CONTEXT(2) 
PARAMETRIC_REPRESENTATION_CONTEXT() REPRESENTATION_CONTEXT('2D SPACE',''
  ) );
#6377 = ORIENTED_EDGE('',*,*,#6378,.F.);
#6378 = EDGE_CURVE('',#6379,#6351,#6381,.T.);
#6379 = VERTEX_POINT('',#6380);
#6380 = CARTESIAN_POINT('',(-56.49151036046,10.69210789315,0.));
#6381 = SURFACE_CURVE('',#6382,(#6386,#6393),.PCURVE_S1.);
#6382 = LINE('',#6383,#6384);
#6383 = CARTESIAN_POINT('',(-56.53666041089,11.22598641097,0.));
#6384 = VECTOR('',#6385,1.);
#6385 = DIRECTION('',(-8.426908327393E-02,0.996443034801,-0.));
#6386 = PCURVE('',#1948,#6387);
#6387 = DEFINITIONAL_REPRESENTATION('',(#6388),#6392);
#6388 = LINE('',#6389,#6390);
#6389 = CARTESIAN_POINT('',(-56.53666041089,11.22598641097));
#6390 = VECTOR('',#6391,1.);
#6391 = DIRECTION('',(-8.426908327393E-02,0.996443034801));
#6392 = ( GEOMETRIC_REPRESENTATION_CONTEXT(2) 
PARAMETRIC_REPRESENTATION_CONTEXT() REPRESENTATION_CONTEXT('2D SPACE',''
  ) );
#6393 = PCURVE('',#6394,#6399);
#6394 = PLANE('',#6395);
#6395 = AXIS2_PLACEMENT_3D('',#6396,#6397,#6398);
#6396 = CARTESIAN_POINT('',(-56.49151036046,10.69210789315,-4.5));
#6397 = DIRECTION('',(0.996443034801,8.426908327393E-02,-0.));
#6398 = DIRECTION('',(8.426908327393E-02,-0.996443034801,0.));
#6399 = DEFINITIONAL_REPRESENTATION('',(#6400),#6404);
#6400 = LINE('',#6401,#6402);
#6401 = CARTESIAN_POINT('',(-0.535784283872,-4.5));
#6402 = VECTOR('',#6403,1.);
#6403 = DIRECTION('',(-1.,0.));
#6404 = ( GEOMETRIC_REPRESENTATION_CONTEXT(2) 
PARAMETRIC_REPRESENTATION_CONTEXT() REPRESENTATION_CONTEXT('2D SPACE',''
  ) );
#6405 = ORIENTED_EDGE('',*,*,#6406,.F.);
#6406 = EDGE_CURVE('',#6407,#6379,#6409,.T.);
#6407 = VERTEX_POINT('',#6408);
#6408 = CARTESIAN_POINT('',(-56.16302012329,3.05,0.));
#6409 = SURFACE_CURVE('',#6410,(#6414,#6421),.PCURVE_S1.);
#6410 = LINE('',#6411,#6412);
#6411 = CARTESIAN_POINT('',(-56.10402993832,1.6776324007,0.));
#6412 = VECTOR('',#6413,1.);
#6413 = DIRECTION('',(-4.294459001546E-02,0.99907745555,-0.));
#6414 = PCURVE('',#1948,#6415);
#6415 = DEFINITIONAL_REPRESENTATION('',(#6416),#6420);
#6416 = LINE('',#6417,#6418);
#6417 = CARTESIAN_POINT('',(-56.10402993832,1.6776324007));
#6418 = VECTOR('',#6419,1.);
#6419 = DIRECTION('',(-4.294459001546E-02,0.99907745555));
#6420 = ( GEOMETRIC_REPRESENTATION_CONTEXT(2) 
PARAMETRIC_REPRESENTATION_CONTEXT() REPRESENTATION_CONTEXT('2D SPACE',''
  ) );
#6421 = PCURVE('',#6422,#6427);
#6422 = PLANE('',#6423);
#6423 = AXIS2_PLACEMENT_3D('',#6424,#6425,#6426);
#6424 = CARTESIAN_POINT('',(-56.16302012329,3.05,-4.5));
#6425 = DIRECTION('',(0.99907745555,4.294459001546E-02,-0.));
#6426 = DIRECTION('',(4.294459001546E-02,-0.99907745555,0.));
#6427 = DEFINITIONAL_REPRESENTATION('',(#6428),#6432);
#6428 = LINE('',#6429,#6430);
#6429 = CARTESIAN_POINT('',(1.373634838496,-4.5));
#6430 = VECTOR('',#6431,1.);
#6431 = DIRECTION('',(-1.,0.));
#6432 = ( GEOMETRIC_REPRESENTATION_CONTEXT(2) 
PARAMETRIC_REPRESENTATION_CONTEXT() REPRESENTATION_CONTEXT('2D SPACE',''
  ) );
#6433 = ORIENTED_EDGE('',*,*,#6434,.F.);
#6434 = EDGE_CURVE('',#6435,#6407,#6437,.T.);
#6435 = VERTEX_POINT('',#6436);
#6436 = CARTESIAN_POINT('',(-56.16302012329,-15.05,0.));
#6437 = SURFACE_CURVE('',#6438,(#6442,#6449),.PCURVE_S1.);
#6438 = LINE('',#6439,#6440);
#6439 = CARTESIAN_POINT('',(-56.16302012329,1.512460471925,0.));
#6440 = VECTOR('',#6441,1.);
#6441 = DIRECTION('',(5.695437686727E-15,1.,-0.));
#6442 = PCURVE('',#1948,#6443);
#6443 = DEFINITIONAL_REPRESENTATION('',(#6444),#6448);
#6444 = LINE('',#6445,#6446);
#6445 = CARTESIAN_POINT('',(-56.16302012329,1.512460471925));
#6446 = VECTOR('',#6447,1.);
#6447 = DIRECTION('',(5.695437686727E-15,1.));
#6448 = ( GEOMETRIC_REPRESENTATION_CONTEXT(2) 
PARAMETRIC_REPRESENTATION_CONTEXT() REPRESENTATION_CONTEXT('2D SPACE',''
  ) );
#6449 = PCURVE('',#6450,#6455);
#6450 = PLANE('',#6451);
#6451 = AXIS2_PLACEMENT_3D('',#6452,#6453,#6454);
#6452 = CARTESIAN_POINT('',(-56.16302012329,-15.05,-4.5));
#6453 = DIRECTION('',(1.,-5.695437686727E-15,0.));
#6454 = DIRECTION('',(-5.695437686727E-15,-1.,0.));
#6455 = DEFINITIONAL_REPRESENTATION('',(#6456),#6460);
#6456 = LINE('',#6457,#6458);
#6457 = CARTESIAN_POINT('',(-16.56246047192,-4.5));
#6458 = VECTOR('',#6459,1.);
#6459 = DIRECTION('',(-1.,0.));
#6460 = ( GEOMETRIC_REPRESENTATION_CONTEXT(2) 
PARAMETRIC_REPRESENTATION_CONTEXT() REPRESENTATION_CONTEXT('2D SPACE',''
  ) );
#6461 = ORIENTED_EDGE('',*,*,#6462,.T.);
#6462 = EDGE_CURVE('',#6435,#6463,#6465,.T.);
#6463 = VERTEX_POINT('',#6464);
#6464 = CARTESIAN_POINT('',(-56.49151036046,-22.69210789315,0.));
#6465 = SURFACE_CURVE('',#6466,(#6470,#6477),.PCURVE_S1.);
#6466 = LINE('',#6467,#6468);
#6467 = CARTESIAN_POINT('',(-55.81804422461,-7.024364106046,0.));
#6468 = VECTOR('',#6469,1.);
#6469 = DIRECTION('',(-4.294459001546E-02,-0.99907745555,-0.));
#6470 = PCURVE('',#1948,#6471);
#6471 = DEFINITIONAL_REPRESENTATION('',(#6472),#6476);
#6472 = LINE('',#6473,#6474);
#6473 = CARTESIAN_POINT('',(-55.81804422461,-7.024364106046));
#6474 = VECTOR('',#6475,1.);
#6475 = DIRECTION('',(-4.294459001546E-02,-0.99907745555));
#6476 = ( GEOMETRIC_REPRESENTATION_CONTEXT(2) 
PARAMETRIC_REPRESENTATION_CONTEXT() REPRESENTATION_CONTEXT('2D SPACE',''
  ) );
#6477 = PCURVE('',#6478,#6483);
#6478 = PLANE('',#6479);
#6479 = AXIS2_PLACEMENT_3D('',#6480,#6481,#6482);
#6480 = CARTESIAN_POINT('',(-56.16302012329,-15.05,-4.5));
#6481 = DIRECTION('',(-0.99907745555,4.294459001546E-02,-0.));
#6482 = DIRECTION('',(4.294459001546E-02,0.99907745555,0.));
#6483 = DEFINITIONAL_REPRESENTATION('',(#6484),#6488);
#6484 = LINE('',#6485,#6486);
#6485 = CARTESIAN_POINT('',(8.033046736637,-4.5));
#6486 = VECTOR('',#6487,1.);
#6487 = DIRECTION('',(-1.,0.));
#6488 = ( GEOMETRIC_REPRESENTATION_CONTEXT(2) 
PARAMETRIC_REPRESENTATION_CONTEXT() REPRESENTATION_CONTEXT('2D SPACE',''
  ) );
#6489 = ORIENTED_EDGE('',*,*,#6490,.T.);
#6490 = EDGE_CURVE('',#6463,#6491,#6493,.T.);
#6491 = VERTEX_POINT('',#6492);
#6492 = CARTESIAN_POINT('',(-57.04825598824,-29.27536810442,
    -1.7763568394E-15));
#6493 = SURFACE_CURVE('',#6494,(#6498,#6505),.PCURVE_S1.);
#6494 = LINE('',#6495,#6496);
#6495 = CARTESIAN_POINT('',(-55.79597543191,-14.46772822627,0.));
#6496 = VECTOR('',#6497,1.);
#6497 = DIRECTION('',(-8.426908327368E-02,-0.996443034801,-0.));
#6498 = PCURVE('',#1948,#6499);
#6499 = DEFINITIONAL_REPRESENTATION('',(#6500),#6504);
#6500 = LINE('',#6501,#6502);
#6501 = CARTESIAN_POINT('',(-55.79597543191,-14.46772822627));
#6502 = VECTOR('',#6503,1.);
#6503 = DIRECTION('',(-8.426908327368E-02,-0.996443034801));
#6504 = ( GEOMETRIC_REPRESENTATION_CONTEXT(2) 
PARAMETRIC_REPRESENTATION_CONTEXT() REPRESENTATION_CONTEXT('2D SPACE',''
  ) );
#6505 = PCURVE('',#6506,#6511);
#6506 = PLANE('',#6507);
#6507 = AXIS2_PLACEMENT_3D('',#6508,#6509,#6510);
#6508 = CARTESIAN_POINT('',(-56.49151036046,-22.69210789315,-4.5));
#6509 = DIRECTION('',(-0.996443034801,8.426908327368E-02,-0.));
#6510 = DIRECTION('',(8.426908327368E-02,0.996443034801,0.));
#6511 = DEFINITIONAL_REPRESENTATION('',(#6512),#6516);
#6512 = LINE('',#6513,#6514);
#6513 = CARTESIAN_POINT('',(8.253737925433,-4.5));
#6514 = VECTOR('',#6515,1.);
#6515 = DIRECTION('',(-1.,0.));
#6516 = ( GEOMETRIC_REPRESENTATION_CONTEXT(2) 
PARAMETRIC_REPRESENTATION_CONTEXT() REPRESENTATION_CONTEXT('2D SPACE',''
  ) );
#6517 = ORIENTED_EDGE('',*,*,#6518,.T.);
#6518 = EDGE_CURVE('',#6491,#6519,#6521,.T.);
#6519 = VERTEX_POINT('',#6520);
#6520 = CARTESIAN_POINT('',(-57.64152173689,-36.29046189756,
    4.440892098501E-15));
#6521 = SURFACE_CURVE('',#6522,(#6527,#6538),.PCURVE_S1.);
#6522 = CIRCLE('',#6523,3.649998333333);
#6523 = AXIS2_PLACEMENT_3D('',#6524,#6525,#6526);
#6524 = CARTESIAN_POINT('',(-58.30665593763,-32.70157846001,0.));
#6525 = DIRECTION('',(0.,0.,-1.));
#6526 = DIRECTION('',(-1.,-0.,-0.));
#6527 = PCURVE('',#1948,#6528);
#6528 = DEFINITIONAL_REPRESENTATION('',(#6529),#6537);
#6529 = ( BOUNDED_CURVE() B_SPLINE_CURVE(2,(#6530,#6531,#6532,#6533,
#6534,#6535,#6536),.UNSPECIFIED.,.T.,.F.) B_SPLINE_CURVE_WITH_KNOTS((1,2
    ,2,2,2,1),(-2.094395102393,0.,2.094395102393,4.188790204786,
6.28318530718,8.377580409573),.UNSPECIFIED.) CURVE() 
GEOMETRIC_REPRESENTATION_ITEM() RATIONAL_B_SPLINE_CURVE((1.,0.5,1.,0.5,
1.,0.5,1.)) REPRESENTATION_ITEM('') );
#6530 = CARTESIAN_POINT('',(-61.95665427096,-32.70157846001));
#6531 = CARTESIAN_POINT('',(-61.95665427096,-26.37959589913));
#6532 = CARTESIAN_POINT('',(-56.48165677096,-29.54058717957));
#6533 = CARTESIAN_POINT('',(-51.00665927096,-32.70157846001));
#6534 = CARTESIAN_POINT('',(-56.48165677096,-35.86256974045));
#6535 = CARTESIAN_POINT('',(-61.95665427096,-39.02356102088));
#6536 = CARTESIAN_POINT('',(-61.95665427096,-32.70157846001));
#6537 = ( GEOMETRIC_REPRESENTATION_CONTEXT(2) 
PARAMETRIC_REPRESENTATION_CONTEXT() REPRESENTATION_CONTEXT('2D SPACE',''
  ) );
#6538 = PCURVE('',#6539,#6544);
#6539 = CYLINDRICAL_SURFACE('',#6540,3.649998333333);
#6540 = AXIS2_PLACEMENT_3D('',#6541,#6542,#6543);
#6541 = CARTESIAN_POINT('',(-58.30665593763,-32.70157846001,-4.5));
#6542 = DIRECTION('',(0.,-0.,-1.));
#6543 = DIRECTION('',(-1.,-0.,-0.));
#6544 = DEFINITIONAL_REPRESENTATION('',(#6545),#6549);
#6545 = LINE('',#6546,#6547);
#6546 = CARTESIAN_POINT('',(0.,-4.5));
#6547 = VECTOR('',#6548,1.);
#6548 = DIRECTION('',(1.,0.));
#6549 = ( GEOMETRIC_REPRESENTATION_CONTEXT(2) 
PARAMETRIC_REPRESENTATION_CONTEXT() REPRESENTATION_CONTEXT('2D SPACE',''
  ) );
#6550 = ORIENTED_EDGE('',*,*,#6551,.T.);
#6551 = EDGE_CURVE('',#6519,#6552,#6554,.T.);
#6552 = VERTEX_POINT('',#6553);
#6553 = CARTESIAN_POINT('',(-57.92791049955,-39.67687689945,0.));
#6554 = SURFACE_CURVE('',#6555,(#6559,#6566),.PCURVE_S1.);
#6555 = LINE('',#6556,#6557);
#6556 = CARTESIAN_POINT('',(-55.79597543191,-14.46772822627,0.));
#6557 = VECTOR('',#6558,1.);
#6558 = DIRECTION('',(-8.426908327368E-02,-0.996443034801,-0.));
#6559 = PCURVE('',#1948,#6560);
#6560 = DEFINITIONAL_REPRESENTATION('',(#6561),#6565);
#6561 = LINE('',#6562,#6563);
#6562 = CARTESIAN_POINT('',(-55.79597543191,-14.46772822627));
#6563 = VECTOR('',#6564,1.);
#6564 = DIRECTION('',(-8.426908327368E-02,-0.996443034801));
#6565 = ( GEOMETRIC_REPRESENTATION_CONTEXT(2) 
PARAMETRIC_REPRESENTATION_CONTEXT() REPRESENTATION_CONTEXT('2D SPACE',''
  ) );
#6566 = PCURVE('',#6567,#6572);
#6567 = PLANE('',#6568);
#6568 = AXIS2_PLACEMENT_3D('',#6569,#6570,#6571);
#6569 = CARTESIAN_POINT('',(-57.64152173689,-36.29046189756,-4.5));
#6570 = DIRECTION('',(-0.996443034801,8.426908327368E-02,-0.));
#6571 = DIRECTION('',(8.426908327368E-02,0.996443034801,0.));
#6572 = DEFINITIONAL_REPRESENTATION('',(#6573),#6577);
#6573 = LINE('',#6574,#6575);
#6574 = CARTESIAN_POINT('',(21.900633462343,-4.5));
#6575 = VECTOR('',#6576,1.);
#6576 = DIRECTION('',(-1.,0.));
#6577 = ( GEOMETRIC_REPRESENTATION_CONTEXT(2) 
PARAMETRIC_REPRESENTATION_CONTEXT() REPRESENTATION_CONTEXT('2D SPACE',''
  ) );
#6578 = ORIENTED_EDGE('',*,*,#6579,.T.);
#6579 = EDGE_CURVE('',#6552,#6580,#6582,.T.);
#6580 = VERTEX_POINT('',#6581);
#6581 = CARTESIAN_POINT('',(-57.94328028304,-40.49388334708,0.));
#6582 = SURFACE_CURVE('',#6583,(#6587,#6594),.PCURVE_S1.);
#6583 = LINE('',#6584,#6585);
#6584 = CARTESIAN_POINT('',(-57.46615163388,-15.13131510962,0.));
#6585 = VECTOR('',#6586,1.);
#6586 = DIRECTION('',(-1.880898804938E-02,-0.999823095337,-0.));
#6587 = PCURVE('',#1948,#6588);
#6588 = DEFINITIONAL_REPRESENTATION('',(#6589),#6593);
#6589 = LINE('',#6590,#6591);
#6590 = CARTESIAN_POINT('',(-57.46615163388,-15.13131510962));
#6591 = VECTOR('',#6592,1.);
#6592 = DIRECTION('',(-1.880898804938E-02,-0.999823095337));
#6593 = ( GEOMETRIC_REPRESENTATION_CONTEXT(2) 
PARAMETRIC_REPRESENTATION_CONTEXT() REPRESENTATION_CONTEXT('2D SPACE',''
  ) );
#6594 = PCURVE('',#6595,#6600);
#6595 = PLANE('',#6596);
#6596 = AXIS2_PLACEMENT_3D('',#6597,#6598,#6599);
#6597 = CARTESIAN_POINT('',(-57.92791049955,-39.67687689945,-4.5));
#6598 = DIRECTION('',(-0.999823095337,1.880898804938E-02,-0.));
#6599 = DIRECTION('',(1.880898804938E-02,0.999823095337,0.));
#6600 = DEFINITIONAL_REPRESENTATION('',(#6601),#6605);
#6601 = LINE('',#6602,#6603);
#6602 = CARTESIAN_POINT('',(24.549904782477,-4.5));
#6603 = VECTOR('',#6604,1.);
#6604 = DIRECTION('',(-1.,0.));
#6605 = ( GEOMETRIC_REPRESENTATION_CONTEXT(2) 
PARAMETRIC_REPRESENTATION_CONTEXT() REPRESENTATION_CONTEXT('2D SPACE',''
  ) );
#6606 = ORIENTED_EDGE('',*,*,#6607,.T.);
#6607 = EDGE_CURVE('',#6580,#6608,#6610,.T.);
#6608 = VERTEX_POINT('',#6609);
#6609 = CARTESIAN_POINT('',(-53.34903205114,-45.95160379374,0.));
#6610 = SURFACE_CURVE('',#6611,(#6615,#6622),.PCURVE_S1.);
#6611 = LINE('',#6612,#6613);
#6612 = CARTESIAN_POINT('',(-55.26130968633,-43.67992054493,0.));
#6613 = VECTOR('',#6614,1.);
#6614 = DIRECTION('',(0.643994105835,-0.765030451453,0.));
#6615 = PCURVE('',#1948,#6616);
#6616 = DEFINITIONAL_REPRESENTATION('',(#6617),#6621);
#6617 = LINE('',#6618,#6619);
#6618 = CARTESIAN_POINT('',(-55.26130968633,-43.67992054493));
#6619 = VECTOR('',#6620,1.);
#6620 = DIRECTION('',(0.643994105835,-0.765030451453));
#6621 = ( GEOMETRIC_REPRESENTATION_CONTEXT(2) 
PARAMETRIC_REPRESENTATION_CONTEXT() REPRESENTATION_CONTEXT('2D SPACE',''
  ) );
#6622 = PCURVE('',#6623,#6628);
#6623 = PLANE('',#6624);
#6624 = AXIS2_PLACEMENT_3D('',#6625,#6626,#6627);
#6625 = CARTESIAN_POINT('',(-57.94328028304,-40.49388334708,-4.5));
#6626 = DIRECTION('',(-0.765030451453,-0.643994105835,-0.));
#6627 = DIRECTION('',(-0.643994105835,0.765030451453,-0.));
#6628 = DEFINITIONAL_REPRESENTATION('',(#6629),#6633);
#6629 = LINE('',#6630,#6631);
#6630 = CARTESIAN_POINT('',(-4.164588732118,-4.5));
#6631 = VECTOR('',#6632,1.);
#6632 = DIRECTION('',(-1.,0.));
#6633 = ( GEOMETRIC_REPRESENTATION_CONTEXT(2) 
PARAMETRIC_REPRESENTATION_CONTEXT() REPRESENTATION_CONTEXT('2D SPACE',''
  ) );
#6634 = ORIENTED_EDGE('',*,*,#6635,.T.);
#6635 = EDGE_CURVE('',#6608,#6636,#6638,.T.);
#6636 = VERTEX_POINT('',#6637);
#6637 = CARTESIAN_POINT('',(-13.34162651812,-45.95160379374,0.));
#6638 = SURFACE_CURVE('',#6639,(#6643,#6650),.PCURVE_S1.);
#6639 = LINE('',#6640,#6641);
#6640 = CARTESIAN_POINT('',(-23.45827607429,-45.95160379374,0.));
#6641 = VECTOR('',#6642,1.);
#6642 = DIRECTION('',(1.,-0.,-0.));
#6643 = PCURVE('',#1948,#6644);
#6644 = DEFINITIONAL_REPRESENTATION('',(#6645),#6649);
#6645 = LINE('',#6646,#6647);
#6646 = CARTESIAN_POINT('',(-23.45827607429,-45.95160379374));
#6647 = VECTOR('',#6648,1.);
#6648 = DIRECTION('',(1.,-0.));
#6649 = ( GEOMETRIC_REPRESENTATION_CONTEXT(2) 
PARAMETRIC_REPRESENTATION_CONTEXT() REPRESENTATION_CONTEXT('2D SPACE',''
  ) );
#6650 = PCURVE('',#6651,#6656);
#6651 = PLANE('',#6652);
#6652 = AXIS2_PLACEMENT_3D('',#6653,#6654,#6655);
#6653 = CARTESIAN_POINT('',(-53.34903205114,-45.95160379374,-4.5));
#6654 = DIRECTION('',(-0.,-1.,-0.));
#6655 = DIRECTION('',(-1.,0.,0.));
#6656 = DEFINITIONAL_REPRESENTATION('',(#6657),#6661);
#6657 = LINE('',#6658,#6659);
#6658 = CARTESIAN_POINT('',(-29.89075597684,-4.5));
#6659 = VECTOR('',#6660,1.);
#6660 = DIRECTION('',(-1.,0.));
#6661 = ( GEOMETRIC_REPRESENTATION_CONTEXT(2) 
PARAMETRIC_REPRESENTATION_CONTEXT() REPRESENTATION_CONTEXT('2D SPACE',''
  ) );
#6662 = ORIENTED_EDGE('',*,*,#6663,.T.);
#6663 = EDGE_CURVE('',#6636,#6664,#6666,.T.);
#6664 = VERTEX_POINT('',#6665);
#6665 = CARTESIAN_POINT('',(-12.73548092196,-46.98687911976,0.));
#6666 = SURFACE_CURVE('',#6667,(#6671,#6678),.PCURVE_S1.);
#6667 = LINE('',#6668,#6669);
#6668 = CARTESIAN_POINT('',(-21.57866817308,-31.8830268068,0.));
#6669 = VECTOR('',#6670,1.);
#6670 = DIRECTION('',(0.505260386325,-0.862966941436,0.));
#6671 = PCURVE('',#1948,#6672);
#6672 = DEFINITIONAL_REPRESENTATION('',(#6673),#6677);
#6673 = LINE('',#6674,#6675);
#6674 = CARTESIAN_POINT('',(-21.57866817308,-31.8830268068));
#6675 = VECTOR('',#6676,1.);
#6676 = DIRECTION('',(0.505260386325,-0.862966941436));
#6677 = ( GEOMETRIC_REPRESENTATION_CONTEXT(2) 
PARAMETRIC_REPRESENTATION_CONTEXT() REPRESENTATION_CONTEXT('2D SPACE',''
  ) );
#6678 = PCURVE('',#6679,#6684);
#6679 = PLANE('',#6680);
#6680 = AXIS2_PLACEMENT_3D('',#6681,#6682,#6683);
#6681 = CARTESIAN_POINT('',(-13.34162651812,-45.95160379374,-4.5));
#6682 = DIRECTION('',(-0.862966941436,-0.505260386325,-0.));
#6683 = DIRECTION('',(-0.505260386325,0.862966941436,-0.));
#6684 = DEFINITIONAL_REPRESENTATION('',(#6685),#6689);
#6685 = LINE('',#6686,#6687);
#6686 = CARTESIAN_POINT('',(16.302567701538,-4.5));
#6687 = VECTOR('',#6688,1.);
#6688 = DIRECTION('',(-1.,0.));
#6689 = ( GEOMETRIC_REPRESENTATION_CONTEXT(2) 
PARAMETRIC_REPRESENTATION_CONTEXT() REPRESENTATION_CONTEXT('2D SPACE',''
  ) );
#6690 = ORIENTED_EDGE('',*,*,#6691,.F.);
#6691 = EDGE_CURVE('',#6692,#6664,#6694,.T.);
#6692 = VERTEX_POINT('',#6693);
#6693 = CARTESIAN_POINT('',(-10.61358271134,-62.23057638522,0.));
#6694 = SURFACE_CURVE('',#6695,(#6699,#6706),.PCURVE_S1.);
#6695 = LINE('',#6696,#6697);
#6696 = CARTESIAN_POINT('',(-15.3957229975,-27.87572447086,0.));
#6697 = VECTOR('',#6698,1.);
#6698 = DIRECTION('',(-0.137869115027,0.990450456672,-0.));
#6699 = PCURVE('',#1948,#6700);
#6700 = DEFINITIONAL_REPRESENTATION('',(#6701),#6705);
#6701 = LINE('',#6702,#6703);
#6702 = CARTESIAN_POINT('',(-15.3957229975,-27.87572447086));
#6703 = VECTOR('',#6704,1.);
#6704 = DIRECTION('',(-0.137869115027,0.990450456672));
#6705 = ( GEOMETRIC_REPRESENTATION_CONTEXT(2) 
PARAMETRIC_REPRESENTATION_CONTEXT() REPRESENTATION_CONTEXT('2D SPACE',''
  ) );
#6706 = PCURVE('',#6707,#6712);
#6707 = PLANE('',#6708);
#6708 = AXIS2_PLACEMENT_3D('',#6709,#6710,#6711);
#6709 = CARTESIAN_POINT('',(-10.61358271134,-62.23057638522,-4.5));
#6710 = DIRECTION('',(0.990450456672,0.137869115027,-0.));
#6711 = DIRECTION('',(0.137869115027,-0.990450456672,0.));
#6712 = DEFINITIONAL_REPRESENTATION('',(#6713),#6717);
#6713 = LINE('',#6714,#6715);
#6714 = CARTESIAN_POINT('',(-34.68608821666,-4.5));
#6715 = VECTOR('',#6716,1.);
#6716 = DIRECTION('',(-1.,0.));
#6717 = ( GEOMETRIC_REPRESENTATION_CONTEXT(2) 
PARAMETRIC_REPRESENTATION_CONTEXT() REPRESENTATION_CONTEXT('2D SPACE',''
  ) );
#6718 = ORIENTED_EDGE('',*,*,#6719,.T.);
#6719 = EDGE_CURVE('',#6692,#6720,#6722,.T.);
#6720 = VERTEX_POINT('',#6721);
#6721 = CARTESIAN_POINT('',(-4.888079262538,-62.23057638522,0.));
#6722 = SURFACE_CURVE('',#6723,(#6727,#6734),.PCURVE_S1.);
#6723 = LINE('',#6724,#6725);
#6724 = CARTESIAN_POINT('',(-2.841864095445,-62.23057638522,0.));
#6725 = VECTOR('',#6726,1.);
#6726 = DIRECTION('',(1.,-0.,-0.));
#6727 = PCURVE('',#1948,#6728);
#6728 = DEFINITIONAL_REPRESENTATION('',(#6729),#6733);
#6729 = LINE('',#6730,#6731);
#6730 = CARTESIAN_POINT('',(-2.841864095445,-62.23057638522));
#6731 = VECTOR('',#6732,1.);
#6732 = DIRECTION('',(1.,-0.));
#6733 = ( GEOMETRIC_REPRESENTATION_CONTEXT(2) 
PARAMETRIC_REPRESENTATION_CONTEXT() REPRESENTATION_CONTEXT('2D SPACE',''
  ) );
#6734 = PCURVE('',#6735,#6740);
#6735 = PLANE('',#6736);
#6736 = AXIS2_PLACEMENT_3D('',#6737,#6738,#6739);
#6737 = CARTESIAN_POINT('',(-10.61358271134,-62.23057638522,-4.5));
#6738 = DIRECTION('',(-0.,-1.,-0.));
#6739 = DIRECTION('',(-1.,0.,0.));
#6740 = DEFINITIONAL_REPRESENTATION('',(#6741),#6745);
#6741 = LINE('',#6742,#6743);
#6742 = CARTESIAN_POINT('',(-7.771718615901,-4.5));
#6743 = VECTOR('',#6744,1.);
#6744 = DIRECTION('',(-1.,0.));
#6745 = ( GEOMETRIC_REPRESENTATION_CONTEXT(2) 
PARAMETRIC_REPRESENTATION_CONTEXT() REPRESENTATION_CONTEXT('2D SPACE',''
  ) );
#6746 = ORIENTED_EDGE('',*,*,#6747,.T.);
#6747 = EDGE_CURVE('',#6720,#6748,#6750,.T.);
#6748 = VERTEX_POINT('',#6749);
#6749 = CARTESIAN_POINT('',(2.36910109754,-62.23057638522,0.));
#6750 = SURFACE_CURVE('',#6751,(#6756,#6767),.PCURVE_S1.);
#6751 = CIRCLE('',#6752,3.649998333333);
#6752 = AXIS2_PLACEMENT_3D('',#6753,#6754,#6755);
#6753 = CARTESIAN_POINT('',(-1.259489082499,-62.62531824854,0.));
#6754 = DIRECTION('',(0.,0.,-1.));
#6755 = DIRECTION('',(-1.,-0.,-0.));
#6756 = PCURVE('',#1948,#6757);
#6757 = DEFINITIONAL_REPRESENTATION('',(#6758),#6766);
#6758 = ( BOUNDED_CURVE() B_SPLINE_CURVE(2,(#6759,#6760,#6761,#6762,
#6763,#6764,#6765),.UNSPECIFIED.,.T.,.F.) B_SPLINE_CURVE_WITH_KNOTS((1,2
    ,2,2,2,1),(-2.094395102393,0.,2.094395102393,4.188790204786,
6.28318530718,8.377580409573),.UNSPECIFIED.) CURVE() 
GEOMETRIC_REPRESENTATION_ITEM() RATIONAL_B_SPLINE_CURVE((1.,0.5,1.,0.5,
1.,0.5,1.)) REPRESENTATION_ITEM('') );
#6759 = CARTESIAN_POINT('',(-4.909487415832,-62.62531824854));
#6760 = CARTESIAN_POINT('',(-4.909487415832,-56.30333568767));
#6761 = CARTESIAN_POINT('',(0.565510084168,-59.46432696811));
#6762 = CARTESIAN_POINT('',(6.040507584168,-62.62531824854));
#6763 = CARTESIAN_POINT('',(0.565510084168,-65.78630952898));
#6764 = CARTESIAN_POINT('',(-4.909487415832,-68.94730080942));
#6765 = CARTESIAN_POINT('',(-4.909487415832,-62.62531824854));
#6766 = ( GEOMETRIC_REPRESENTATION_CONTEXT(2) 
PARAMETRIC_REPRESENTATION_CONTEXT() REPRESENTATION_CONTEXT('2D SPACE',''
  ) );
#6767 = PCURVE('',#6768,#6773);
#6768 = CYLINDRICAL_SURFACE('',#6769,3.649998333333);
#6769 = AXIS2_PLACEMENT_3D('',#6770,#6771,#6772);
#6770 = CARTESIAN_POINT('',(-1.259489082499,-62.62531824854,-4.5));
#6771 = DIRECTION('',(0.,-0.,-1.));
#6772 = DIRECTION('',(-1.,-0.,-0.));
#6773 = DEFINITIONAL_REPRESENTATION('',(#6774),#6778);
#6774 = LINE('',#6775,#6776);
#6775 = CARTESIAN_POINT('',(0.,-4.5));
#6776 = VECTOR('',#6777,1.);
#6777 = DIRECTION('',(1.,0.));
#6778 = ( GEOMETRIC_REPRESENTATION_CONTEXT(2) 
PARAMETRIC_REPRESENTATION_CONTEXT() REPRESENTATION_CONTEXT('2D SPACE',''
  ) );
#6779 = ORIENTED_EDGE('',*,*,#6780,.T.);
#6780 = EDGE_CURVE('',#6748,#6781,#6783,.T.);
#6781 = VERTEX_POINT('',#6782);
#6782 = CARTESIAN_POINT('',(6.191578581751,-62.23057638522,0.));
#6783 = SURFACE_CURVE('',#6784,(#6788,#6795),.PCURVE_S1.);
#6784 = LINE('',#6785,#6786);
#6785 = CARTESIAN_POINT('',(-2.841864095445,-62.23057638522,0.));
#6786 = VECTOR('',#6787,1.);
#6787 = DIRECTION('',(1.,-0.,-0.));
#6788 = PCURVE('',#1948,#6789);
#6789 = DEFINITIONAL_REPRESENTATION('',(#6790),#6794);
#6790 = LINE('',#6791,#6792);
#6791 = CARTESIAN_POINT('',(-2.841864095445,-62.23057638522));
#6792 = VECTOR('',#6793,1.);
#6793 = DIRECTION('',(1.,-0.));
#6794 = ( GEOMETRIC_REPRESENTATION_CONTEXT(2) 
PARAMETRIC_REPRESENTATION_CONTEXT() REPRESENTATION_CONTEXT('2D SPACE',''
  ) );
#6795 = PCURVE('',#6796,#6801);
#6796 = PLANE('',#6797);
#6797 = AXIS2_PLACEMENT_3D('',#6798,#6799,#6800);
#6798 = CARTESIAN_POINT('',(2.36910109754,-62.23057638522,-4.5));
#6799 = DIRECTION('',(-0.,-1.,-0.));
#6800 = DIRECTION('',(-1.,0.,0.));
#6801 = DEFINITIONAL_REPRESENTATION('',(#6802),#6806);
#6802 = LINE('',#6803,#6804);
#6803 = CARTESIAN_POINT('',(5.210965192985,-4.5));
#6804 = VECTOR('',#6805,1.);
#6805 = DIRECTION('',(-1.,0.));
#6806 = ( GEOMETRIC_REPRESENTATION_CONTEXT(2) 
PARAMETRIC_REPRESENTATION_CONTEXT() REPRESENTATION_CONTEXT('2D SPACE',''
  ) );
#6807 = ORIENTED_EDGE('',*,*,#6808,.F.);
#6808 = EDGE_CURVE('',#6809,#6781,#6811,.T.);
#6809 = VERTEX_POINT('',#6810);
#6810 = CARTESIAN_POINT('',(27.176324648934,-53.05894414547,0.));
#6811 = SURFACE_CURVE('',#6812,(#6816,#6823),.PCURVE_S1.);
#6812 = LINE('',#6813,#6814);
#6813 = CARTESIAN_POINT('',(18.431825378321,-56.88083129979,0.));
#6814 = VECTOR('',#6815,1.);
#6815 = DIRECTION('',(-0.916304696411,-0.400481838957,-0.));
#6816 = PCURVE('',#1948,#6817);
#6817 = DEFINITIONAL_REPRESENTATION('',(#6818),#6822);
#6818 = LINE('',#6819,#6820);
#6819 = CARTESIAN_POINT('',(18.431825378321,-56.88083129979));
#6820 = VECTOR('',#6821,1.);
#6821 = DIRECTION('',(-0.916304696411,-0.400481838957));
#6822 = ( GEOMETRIC_REPRESENTATION_CONTEXT(2) 
PARAMETRIC_REPRESENTATION_CONTEXT() REPRESENTATION_CONTEXT('2D SPACE',''
  ) );
#6823 = PCURVE('',#6824,#6829);
#6824 = PLANE('',#6825);
#6825 = AXIS2_PLACEMENT_3D('',#6826,#6827,#6828);
#6826 = CARTESIAN_POINT('',(27.176324648934,-53.05894414547,-4.5));
#6827 = DIRECTION('',(-0.400481838957,0.916304696411,-0.));
#6828 = DIRECTION('',(0.916304696411,0.400481838957,0.));
#6829 = DEFINITIONAL_REPRESENTATION('',(#6830),#6834);
#6830 = LINE('',#6831,#6832);
#6831 = CARTESIAN_POINT('',(-9.543222145277,-4.5));
#6832 = VECTOR('',#6833,1.);
#6833 = DIRECTION('',(-1.,0.));
#6834 = ( GEOMETRIC_REPRESENTATION_CONTEXT(2) 
PARAMETRIC_REPRESENTATION_CONTEXT() REPRESENTATION_CONTEXT('2D SPACE',''
  ) );
#6835 = ORIENTED_EDGE('',*,*,#6836,.F.);
#6836 = EDGE_CURVE('',#6837,#6809,#6839,.T.);
#6837 = VERTEX_POINT('',#6838);
#6838 = CARTESIAN_POINT('',(27.271449773191,-53.07571727142,0.));
#6839 = SURFACE_CURVE('',#6840,(#6844,#6851),.PCURVE_S1.);
#6840 = LINE('',#6841,#6842);
#6841 = CARTESIAN_POINT('',(9.472996215925,-49.93736969439,0.));
#6842 = VECTOR('',#6843,1.);
#6843 = DIRECTION('',(-0.984807753012,0.173648177667,-0.));
#6844 = PCURVE('',#1948,#6845);
#6845 = DEFINITIONAL_REPRESENTATION('',(#6846),#6850);
#6846 = LINE('',#6847,#6848);
#6847 = CARTESIAN_POINT('',(9.472996215925,-49.93736969439));
#6848 = VECTOR('',#6849,1.);
#6849 = DIRECTION('',(-0.984807753012,0.173648177667));
#6850 = ( GEOMETRIC_REPRESENTATION_CONTEXT(2) 
PARAMETRIC_REPRESENTATION_CONTEXT() REPRESENTATION_CONTEXT('2D SPACE',''
  ) );
#6851 = PCURVE('',#6852,#6857);
#6852 = PLANE('',#6853);
#6853 = AXIS2_PLACEMENT_3D('',#6854,#6855,#6856);
#6854 = CARTESIAN_POINT('',(27.271449773191,-53.07571727142,-4.5));
#6855 = DIRECTION('',(0.173648177667,0.984807753012,-0.));
#6856 = DIRECTION('',(0.984807753012,-0.173648177667,0.));
#6857 = DEFINITIONAL_REPRESENTATION('',(#6858),#6862);
#6858 = LINE('',#6859,#6860);
#6859 = CARTESIAN_POINT('',(-18.07302339246,-4.5));
#6860 = VECTOR('',#6861,1.);
#6861 = DIRECTION('',(-1.,0.));
#6862 = ( GEOMETRIC_REPRESENTATION_CONTEXT(2) 
PARAMETRIC_REPRESENTATION_CONTEXT() REPRESENTATION_CONTEXT('2D SPACE',''
  ) );
#6863 = ORIENTED_EDGE('',*,*,#6864,.T.);
#6864 = EDGE_CURVE('',#6837,#6865,#6867,.T.);
#6865 = VERTEX_POINT('',#6866);
#6866 = CARTESIAN_POINT('',(28.0926756638,-54.20313727635,0.));
#6867 = SURFACE_CURVE('',#6868,(#6872,#6879),.PCURVE_S1.);
#6868 = LINE('',#6869,#6870);
#6869 = CARTESIAN_POINT('',(10.221135240295,-29.66819211354,0.));
#6870 = VECTOR('',#6871,1.);
#6871 = DIRECTION('',(0.588773661087,-0.808297950023,0.));
#6872 = PCURVE('',#1948,#6873);
#6873 = DEFINITIONAL_REPRESENTATION('',(#6874),#6878);
#6874 = LINE('',#6875,#6876);
#6875 = CARTESIAN_POINT('',(10.221135240295,-29.66819211354));
#6876 = VECTOR('',#6877,1.);
#6877 = DIRECTION('',(0.588773661087,-0.808297950023));
#6878 = ( GEOMETRIC_REPRESENTATION_CONTEXT(2) 
PARAMETRIC_REPRESENTATION_CONTEXT() REPRESENTATION_CONTEXT('2D SPACE',''
  ) );
#6879 = PCURVE('',#6880,#6885);
#6880 = PLANE('',#6881);
#6881 = AXIS2_PLACEMENT_3D('',#6882,#6883,#6884);
#6882 = CARTESIAN_POINT('',(27.271449773191,-53.07571727142,-4.5));
#6883 = DIRECTION('',(-0.808297950023,-0.588773661087,-0.));
#6884 = DIRECTION('',(-0.588773661087,0.808297950023,-0.));
#6885 = DEFINITIONAL_REPRESENTATION('',(#6886),#6890);
#6886 = LINE('',#6887,#6888);
#6887 = CARTESIAN_POINT('',(28.959030710427,-4.5));
#6888 = VECTOR('',#6889,1.);
#6889 = DIRECTION('',(-1.,0.));
#6890 = ( GEOMETRIC_REPRESENTATION_CONTEXT(2) 
PARAMETRIC_REPRESENTATION_CONTEXT() REPRESENTATION_CONTEXT('2D SPACE',''
  ) );
#6891 = ORIENTED_EDGE('',*,*,#6892,.F.);
#6892 = EDGE_CURVE('',#6893,#6865,#6895,.T.);
#6893 = VERTEX_POINT('',#6894);
#6894 = CARTESIAN_POINT('',(32.516733305084,-73.76088069836,0.));
#6895 = SURFACE_CURVE('',#6896,(#6900,#6907),.PCURVE_S1.);
#6896 = LINE('',#6897,#6898);
#6897 = CARTESIAN_POINT('',(23.087091335061,-32.07459784117,0.));
#6898 = VECTOR('',#6899,1.);
#6899 = DIRECTION('',(-0.220630642582,0.97535743169,-0.));
#6900 = PCURVE('',#1948,#6901);
#6901 = DEFINITIONAL_REPRESENTATION('',(#6902),#6906);
#6902 = LINE('',#6903,#6904);
#6903 = CARTESIAN_POINT('',(23.087091335061,-32.07459784117));
#6904 = VECTOR('',#6905,1.);
#6905 = DIRECTION('',(-0.220630642582,0.97535743169));
#6906 = ( GEOMETRIC_REPRESENTATION_CONTEXT(2) 
PARAMETRIC_REPRESENTATION_CONTEXT() REPRESENTATION_CONTEXT('2D SPACE',''
  ) );
#6907 = PCURVE('',#6908,#6913);
#6908 = PLANE('',#6909);
#6909 = AXIS2_PLACEMENT_3D('',#6910,#6911,#6912);
#6910 = CARTESIAN_POINT('',(32.516733305084,-73.76088069836,-4.5));
#6911 = DIRECTION('',(0.97535743169,0.220630642582,-0.));
#6912 = DIRECTION('',(0.220630642582,-0.97535743169,0.));
#6913 = DEFINITIONAL_REPRESENTATION('',(#6914),#6918);
#6914 = LINE('',#6915,#6916);
#6915 = CARTESIAN_POINT('',(-42.73949375147,-4.5));
#6916 = VECTOR('',#6917,1.);
#6917 = DIRECTION('',(-1.,0.));
#6918 = ( GEOMETRIC_REPRESENTATION_CONTEXT(2) 
PARAMETRIC_REPRESENTATION_CONTEXT() REPRESENTATION_CONTEXT('2D SPACE',''
  ) );
#6919 = ORIENTED_EDGE('',*,*,#6920,.F.);
#6920 = EDGE_CURVE('',#6921,#6893,#6923,.T.);
#6921 = VERTEX_POINT('',#6922);
#6922 = CARTESIAN_POINT('',(44.768853328393,-79.47413809386,0.));
#6923 = SURFACE_CURVE('',#6924,(#6928,#6935),.PCURVE_S1.);
#6924 = LINE('',#6925,#6926);
#6925 = CARTESIAN_POINT('',(6.906599740891,-61.81867929101,0.));
#6926 = VECTOR('',#6927,1.);
#6927 = DIRECTION('',(-0.906307787037,0.422618261741,-0.));
#6928 = PCURVE('',#1948,#6929);
#6929 = DEFINITIONAL_REPRESENTATION('',(#6930),#6934);
#6930 = LINE('',#6931,#6932);
#6931 = CARTESIAN_POINT('',(6.906599740891,-61.81867929101));
#6932 = VECTOR('',#6933,1.);
#6933 = DIRECTION('',(-0.906307787037,0.422618261741));
#6934 = ( GEOMETRIC_REPRESENTATION_CONTEXT(2) 
PARAMETRIC_REPRESENTATION_CONTEXT() REPRESENTATION_CONTEXT('2D SPACE',''
  ) );
#6935 = PCURVE('',#6936,#6941);
#6936 = PLANE('',#6937);
#6937 = AXIS2_PLACEMENT_3D('',#6938,#6939,#6940);
#6938 = CARTESIAN_POINT('',(44.768853328393,-79.47413809386,-4.5));
#6939 = DIRECTION('',(0.422618261741,0.906307787037,-0.));
#6940 = DIRECTION('',(0.906307787037,-0.422618261741,0.));
#6941 = DEFINITIONAL_REPRESENTATION('',(#6942),#6946);
#6942 = LINE('',#6943,#6944);
#6943 = CARTESIAN_POINT('',(-41.7763745706,-4.5));
#6944 = VECTOR('',#6945,1.);
#6945 = DIRECTION('',(-1.,0.));
#6946 = ( GEOMETRIC_REPRESENTATION_CONTEXT(2) 
PARAMETRIC_REPRESENTATION_CONTEXT() REPRESENTATION_CONTEXT('2D SPACE',''
  ) );
#6947 = ORIENTED_EDGE('',*,*,#6948,.T.);
#6948 = EDGE_CURVE('',#6921,#5178,#6949,.T.);
#6949 = SURFACE_CURVE('',#6950,(#6954,#6961),.PCURVE_S1.);
#6950 = LINE('',#6951,#6952);
#6951 = CARTESIAN_POINT('',(55.253389882253,-66.22867048797,0.));
#6952 = VECTOR('',#6953,1.);
#6953 = DIRECTION('',(0.620649863459,0.784087843923,-0.));
#6954 = PCURVE('',#1948,#6955);
#6955 = DEFINITIONAL_REPRESENTATION('',(#6956),#6960);
#6956 = LINE('',#6957,#6958);
#6957 = CARTESIAN_POINT('',(55.253389882253,-66.22867048797));
#6958 = VECTOR('',#6959,1.);
#6959 = DIRECTION('',(0.620649863459,0.784087843923));
#6960 = ( GEOMETRIC_REPRESENTATION_CONTEXT(2) 
PARAMETRIC_REPRESENTATION_CONTEXT() REPRESENTATION_CONTEXT('2D SPACE',''
  ) );
#6961 = PCURVE('',#6962,#6967);
#6962 = PLANE('',#6963);
#6963 = AXIS2_PLACEMENT_3D('',#6964,#6965,#6966);
#6964 = CARTESIAN_POINT('',(44.768853328393,-79.47413809386,-4.5));
#6965 = DIRECTION('',(0.784087843923,-0.620649863459,0.));
#6966 = DIRECTION('',(-0.620649863459,-0.784087843923,0.));
#6967 = DEFINITIONAL_REPRESENTATION('',(#6968),#6972);
#6968 = LINE('',#6969,#6970);
#6969 = CARTESIAN_POINT('',(-16.89283631744,-4.5));
#6970 = VECTOR('',#6971,1.);
#6971 = DIRECTION('',(-1.,0.));
#6972 = ( GEOMETRIC_REPRESENTATION_CONTEXT(2) 
PARAMETRIC_REPRESENTATION_CONTEXT() REPRESENTATION_CONTEXT('2D SPACE',''
  ) );
#6973 = ADVANCED_FACE('',(#6974,#6977),#4499,.F.);
#6974 = FACE_BOUND('',#6975,.T.);
#6975 = EDGE_LOOP('',(#6976));
#6976 = ORIENTED_EDGE('',*,*,#4484,.T.);
#6977 = FACE_BOUND('',#6978,.T.);
#6978 = EDGE_LOOP('',(#6979));
#6979 = ORIENTED_EDGE('',*,*,#6980,.T.);
#6980 = EDGE_CURVE('',#6981,#6981,#6983,.T.);
#6981 = VERTEX_POINT('',#6982);
#6982 = CARTESIAN_POINT('',(54.532346429949,-85.51262893914,-2.5));
#6983 = SURFACE_CURVE('',#6984,(#6989,#6996),.PCURVE_S1.);
#6984 = CIRCLE('',#6985,1.65);
#6985 = AXIS2_PLACEMENT_3D('',#6986,#6987,#6988);
#6986 = CARTESIAN_POINT('',(56.182346429949,-85.51262893914,-2.5));
#6987 = DIRECTION('',(0.,0.,1.));
#6988 = DIRECTION('',(-1.,-0.,-0.));
#6989 = PCURVE('',#4499,#6990);
#6990 = DEFINITIONAL_REPRESENTATION('',(#6991),#6995);
#6991 = CIRCLE('',#6992,1.65);
#6992 = AXIS2_PLACEMENT_2D('',#6993,#6994);
#6993 = CARTESIAN_POINT('',(1.42108547152E-14,0.));
#6994 = DIRECTION('',(-1.,0.));
#6995 = ( GEOMETRIC_REPRESENTATION_CONTEXT(2) 
PARAMETRIC_REPRESENTATION_CONTEXT() REPRESENTATION_CONTEXT('2D SPACE',''
  ) );
#6996 = PCURVE('',#4946,#6997);
#6997 = DEFINITIONAL_REPRESENTATION('',(#6998),#7002);
#6998 = LINE('',#6999,#7000);
#6999 = CARTESIAN_POINT('',(6.28318530718,-2.));
#7000 = VECTOR('',#7001,1.);
#7001 = DIRECTION('',(-1.,0.));
#7002 = ( GEOMETRIC_REPRESENTATION_CONTEXT(2) 
PARAMETRIC_REPRESENTATION_CONTEXT() REPRESENTATION_CONTEXT('2D SPACE',''
  ) );
#7003 = ADVANCED_FACE('',(#7004,#7007),#4558,.F.);
#7004 = FACE_BOUND('',#7005,.T.);
#7005 = EDGE_LOOP('',(#7006));
#7006 = ORIENTED_EDGE('',*,*,#4543,.T.);
#7007 = FACE_BOUND('',#7008,.T.);
#7008 = EDGE_LOOP('',(#7009));
#7009 = ORIENTED_EDGE('',*,*,#7010,.T.);
#7010 = EDGE_CURVE('',#7011,#7011,#7013,.T.);
#7011 = VERTEX_POINT('',#7012);
#7012 = CARTESIAN_POINT('',(79.028472390404,-29.81929598743,-2.5));
#7013 = SURFACE_CURVE('',#7014,(#7019,#7026),.PCURVE_S1.);
#7014 = CIRCLE('',#7015,1.65);
#7015 = AXIS2_PLACEMENT_3D('',#7016,#7017,#7018);
#7016 = CARTESIAN_POINT('',(80.678472390404,-29.81929598743,-2.5));
#7017 = DIRECTION('',(0.,0.,1.));
#7018 = DIRECTION('',(-1.,-0.,-0.));
#7019 = PCURVE('',#4558,#7020);
#7020 = DEFINITIONAL_REPRESENTATION('',(#7021),#7025);
#7021 = CIRCLE('',#7022,1.65);
#7022 = AXIS2_PLACEMENT_2D('',#7023,#7024);
#7023 = CARTESIAN_POINT('',(2.84217094304E-14,-3.552713678801E-15));
#7024 = DIRECTION('',(-1.,0.));
#7025 = ( GEOMETRIC_REPRESENTATION_CONTEXT(2) 
PARAMETRIC_REPRESENTATION_CONTEXT() REPRESENTATION_CONTEXT('2D SPACE',''
  ) );
#7026 = PCURVE('',#4981,#7027);
#7027 = DEFINITIONAL_REPRESENTATION('',(#7028),#7032);
#7028 = LINE('',#7029,#7030);
#7029 = CARTESIAN_POINT('',(6.28318530718,-2.));
#7030 = VECTOR('',#7031,1.);
#7031 = DIRECTION('',(-1.,0.));
#7032 = ( GEOMETRIC_REPRESENTATION_CONTEXT(2) 
PARAMETRIC_REPRESENTATION_CONTEXT() REPRESENTATION_CONTEXT('2D SPACE',''
  ) );
#7033 = ADVANCED_FACE('',(#7034,#7037),#4617,.F.);
#7034 = FACE_BOUND('',#7035,.T.);
#7035 = EDGE_LOOP('',(#7036));
#7036 = ORIENTED_EDGE('',*,*,#4602,.T.);
#7037 = FACE_BOUND('',#7038,.T.);
#7038 = EDGE_LOOP('',(#7039));
#7039 = ORIENTED_EDGE('',*,*,#7040,.T.);
#7040 = EDGE_CURVE('',#7041,#7041,#7043,.T.);
#7041 = VERTEX_POINT('',#7042);
#7042 = CARTESIAN_POINT('',(-2.909489082499,-62.62531824854,-2.5));
#7043 = SURFACE_CURVE('',#7044,(#7049,#7056),.PCURVE_S1.);
#7044 = CIRCLE('',#7045,1.65);
#7045 = AXIS2_PLACEMENT_3D('',#7046,#7047,#7048);
#7046 = CARTESIAN_POINT('',(-1.259489082499,-62.62531824854,-2.5));
#7047 = DIRECTION('',(0.,0.,1.));
#7048 = DIRECTION('',(-1.,-0.,-0.));
#7049 = PCURVE('',#4617,#7050);
#7050 = DEFINITIONAL_REPRESENTATION('',(#7051),#7055);
#7051 = CIRCLE('',#7052,1.65);
#7052 = AXIS2_PLACEMENT_2D('',#7053,#7054);
#7053 = CARTESIAN_POINT('',(7.771561172376E-15,-1.42108547152E-14));
#7054 = DIRECTION('',(-1.,0.));
#7055 = ( GEOMETRIC_REPRESENTATION_CONTEXT(2) 
PARAMETRIC_REPRESENTATION_CONTEXT() REPRESENTATION_CONTEXT('2D SPACE',''
  ) );
#7056 = PCURVE('',#5016,#7057);
#7057 = DEFINITIONAL_REPRESENTATION('',(#7058),#7062);
#7058 = LINE('',#7059,#7060);
#7059 = CARTESIAN_POINT('',(6.28318530718,-2.));
#7060 = VECTOR('',#7061,1.);
#7061 = DIRECTION('',(-1.,0.));
#7062 = ( GEOMETRIC_REPRESENTATION_CONTEXT(2) 
PARAMETRIC_REPRESENTATION_CONTEXT() REPRESENTATION_CONTEXT('2D SPACE',''
  ) );
#7063 = ADVANCED_FACE('',(#7064,#7067),#4676,.F.);
#7064 = FACE_BOUND('',#7065,.T.);
#7065 = EDGE_LOOP('',(#7066));
#7066 = ORIENTED_EDGE('',*,*,#4661,.T.);
#7067 = FACE_BOUND('',#7068,.T.);
#7068 = EDGE_LOOP('',(#7069));
#7069 = ORIENTED_EDGE('',*,*,#7070,.T.);
#7070 = EDGE_CURVE('',#7071,#7071,#7073,.T.);
#7071 = VERTEX_POINT('',#7072);
#7072 = CARTESIAN_POINT('',(-59.95665593763,-32.70157846001,-2.5));
#7073 = SURFACE_CURVE('',#7074,(#7079,#7086),.PCURVE_S1.);
#7074 = CIRCLE('',#7075,1.65);
#7075 = AXIS2_PLACEMENT_3D('',#7076,#7077,#7078);
#7076 = CARTESIAN_POINT('',(-58.30665593763,-32.70157846001,-2.5));
#7077 = DIRECTION('',(0.,0.,1.));
#7078 = DIRECTION('',(-1.,-0.,-0.));
#7079 = PCURVE('',#4676,#7080);
#7080 = DEFINITIONAL_REPRESENTATION('',(#7081),#7085);
#7081 = CIRCLE('',#7082,1.65);
#7082 = AXIS2_PLACEMENT_2D('',#7083,#7084);
#7083 = CARTESIAN_POINT('',(7.105427357601E-15,-7.105427357601E-15));
#7084 = DIRECTION('',(-1.,0.));
#7085 = ( GEOMETRIC_REPRESENTATION_CONTEXT(2) 
PARAMETRIC_REPRESENTATION_CONTEXT() REPRESENTATION_CONTEXT('2D SPACE',''
  ) );
#7086 = PCURVE('',#5056,#7087);
#7087 = DEFINITIONAL_REPRESENTATION('',(#7088),#7092);
#7088 = LINE('',#7089,#7090);
#7089 = CARTESIAN_POINT('',(6.28318530718,-2.));
#7090 = VECTOR('',#7091,1.);
#7091 = DIRECTION('',(-1.,0.));
#7092 = ( GEOMETRIC_REPRESENTATION_CONTEXT(2) 
PARAMETRIC_REPRESENTATION_CONTEXT() REPRESENTATION_CONTEXT('2D SPACE',''
  ) );
#7093 = ADVANCED_FACE('',(#7094,#7097),#4735,.F.);
#7094 = FACE_BOUND('',#7095,.T.);
#7095 = EDGE_LOOP('',(#7096));
#7096 = ORIENTED_EDGE('',*,*,#4720,.T.);
#7097 = FACE_BOUND('',#7098,.T.);
#7098 = EDGE_LOOP('',(#7099));
#7099 = ORIENTED_EDGE('',*,*,#7100,.T.);
#7100 = EDGE_CURVE('',#7101,#7101,#7103,.T.);
#7101 = VERTEX_POINT('',#7102);
#7102 = CARTESIAN_POINT('',(93.754823644136,44.08349727605,-2.5));
#7103 = SURFACE_CURVE('',#7104,(#7109,#7116),.PCURVE_S1.);
#7104 = CIRCLE('',#7105,1.65);
#7105 = AXIS2_PLACEMENT_3D('',#7106,#7107,#7108);
#7106 = CARTESIAN_POINT('',(95.404823644136,44.08349727605,-2.5));
#7107 = DIRECTION('',(0.,0.,1.));
#7108 = DIRECTION('',(-1.,-0.,-0.));
#7109 = PCURVE('',#4735,#7110);
#7110 = DEFINITIONAL_REPRESENTATION('',(#7111),#7115);
#7111 = CIRCLE('',#7112,1.65);
#7112 = AXIS2_PLACEMENT_2D('',#7113,#7114);
#7113 = CARTESIAN_POINT('',(1.42108547152E-14,0.));
#7114 = DIRECTION('',(-1.,0.));
#7115 = ( GEOMETRIC_REPRESENTATION_CONTEXT(2) 
PARAMETRIC_REPRESENTATION_CONTEXT() REPRESENTATION_CONTEXT('2D SPACE',''
  ) );
#7116 = PCURVE('',#5091,#7117);
#7117 = DEFINITIONAL_REPRESENTATION('',(#7118),#7122);
#7118 = LINE('',#7119,#7120);
#7119 = CARTESIAN_POINT('',(6.28318530718,-2.));
#7120 = VECTOR('',#7121,1.);
#7121 = DIRECTION('',(-1.,0.));
#7122 = ( GEOMETRIC_REPRESENTATION_CONTEXT(2) 
PARAMETRIC_REPRESENTATION_CONTEXT() REPRESENTATION_CONTEXT('2D SPACE',''
  ) );
#7123 = ADVANCED_FACE('',(#7124,#7127),#4794,.F.);
#7124 = FACE_BOUND('',#7125,.T.);
#7125 = EDGE_LOOP('',(#7126));
#7126 = ORIENTED_EDGE('',*,*,#4779,.T.);
#7127 = FACE_BOUND('',#7128,.T.);
#7128 = EDGE_LOOP('',(#7129));
#7129 = ORIENTED_EDGE('',*,*,#7130,.T.);
#7130 = EDGE_CURVE('',#7131,#7131,#7133,.T.);
#7131 = VERTEX_POINT('',#7132);
#7132 = CARTESIAN_POINT('',(-3.000374569373,63.274837467236,-2.5));
#7133 = SURFACE_CURVE('',#7134,(#7139,#7146),.PCURVE_S1.);
#7134 = CIRCLE('',#7135,1.65);
#7135 = AXIS2_PLACEMENT_3D('',#7136,#7137,#7138);
#7136 = CARTESIAN_POINT('',(-1.350374569373,63.274837467236,-2.5));
#7137 = DIRECTION('',(0.,0.,1.));
#7138 = DIRECTION('',(-1.,-0.,-0.));
#7139 = PCURVE('',#4794,#7140);
#7140 = DEFINITIONAL_REPRESENTATION('',(#7141),#7145);
#7141 = CIRCLE('',#7142,1.65);
#7142 = AXIS2_PLACEMENT_2D('',#7143,#7144);
#7143 = CARTESIAN_POINT('',(7.771561172376E-15,7.105427357601E-15));
#7144 = DIRECTION('',(-1.,0.));
#7145 = ( GEOMETRIC_REPRESENTATION_CONTEXT(2) 
PARAMETRIC_REPRESENTATION_CONTEXT() REPRESENTATION_CONTEXT('2D SPACE',''
  ) );
#7146 = PCURVE('',#5126,#7147);
#7147 = DEFINITIONAL_REPRESENTATION('',(#7148),#7152);
#7148 = LINE('',#7149,#7150);
#7149 = CARTESIAN_POINT('',(6.28318530718,-2.));
#7150 = VECTOR('',#7151,1.);
#7151 = DIRECTION('',(-1.,0.));
#7152 = ( GEOMETRIC_REPRESENTATION_CONTEXT(2) 
PARAMETRIC_REPRESENTATION_CONTEXT() REPRESENTATION_CONTEXT('2D SPACE',''
  ) );
#7153 = ADVANCED_FACE('',(#7154,#7157),#4853,.F.);
#7154 = FACE_BOUND('',#7155,.T.);
#7155 = EDGE_LOOP('',(#7156));
#7156 = ORIENTED_EDGE('',*,*,#4838,.T.);
#7157 = FACE_BOUND('',#7158,.T.);
#7158 = EDGE_LOOP('',(#7159));
#7159 = ORIENTED_EDGE('',*,*,#7160,.T.);
#7160 = EDGE_CURVE('',#7161,#7161,#7163,.T.);
#7161 = VERTEX_POINT('',#7162);
#7162 = CARTESIAN_POINT('',(-60.68025479665,45.583491530858,-2.5));
#7163 = SURFACE_CURVE('',#7164,(#7169,#7176),.PCURVE_S1.);
#7164 = CIRCLE('',#7165,1.65);
#7165 = AXIS2_PLACEMENT_3D('',#7166,#7167,#7168);
#7166 = CARTESIAN_POINT('',(-59.03025479665,45.583491530858,-2.5));
#7167 = DIRECTION('',(0.,0.,1.));
#7168 = DIRECTION('',(-1.,-0.,-0.));
#7169 = PCURVE('',#4853,#7170);
#7170 = DEFINITIONAL_REPRESENTATION('',(#7171),#7175);
#7171 = CIRCLE('',#7172,1.65);
#7172 = AXIS2_PLACEMENT_2D('',#7173,#7174);
#7173 = CARTESIAN_POINT('',(7.105427357601E-15,0.));
#7174 = DIRECTION('',(-1.,0.));
#7175 = ( GEOMETRIC_REPRESENTATION_CONTEXT(2) 
PARAMETRIC_REPRESENTATION_CONTEXT() REPRESENTATION_CONTEXT('2D SPACE',''
  ) );
#7176 = PCURVE('',#5161,#7177);
#7177 = DEFINITIONAL_REPRESENTATION('',(#7178),#7182);
#7178 = LINE('',#7179,#7180);
#7179 = CARTESIAN_POINT('',(6.28318530718,-2.));
#7180 = VECTOR('',#7181,1.);
#7181 = DIRECTION('',(-1.,0.));
#7182 = ( GEOMETRIC_REPRESENTATION_CONTEXT(2) 
PARAMETRIC_REPRESENTATION_CONTEXT() REPRESENTATION_CONTEXT('2D SPACE',''
  ) );
#7183 = ADVANCED_FACE('',(#7184),#4946,.F.);
#7184 = FACE_BOUND('',#7185,.F.);
#7185 = EDGE_LOOP('',(#7186,#7187,#7208,#7209));
#7186 = ORIENTED_EDGE('',*,*,#6980,.T.);
#7187 = ORIENTED_EDGE('',*,*,#7188,.T.);
#7188 = EDGE_CURVE('',#6981,#4926,#7189,.T.);
#7189 = SEAM_CURVE('',#7190,(#7194,#7201),.PCURVE_S1.);
#7190 = LINE('',#7191,#7192);
#7191 = CARTESIAN_POINT('',(54.532346429949,-85.51262893914,-4.5));
#7192 = VECTOR('',#7193,1.);
#7193 = DIRECTION('',(-0.,-0.,1.));
#7194 = PCURVE('',#4946,#7195);
#7195 = DEFINITIONAL_REPRESENTATION('',(#7196),#7200);
#7196 = LINE('',#7197,#7198);
#7197 = CARTESIAN_POINT('',(6.28318530718,0.));
#7198 = VECTOR('',#7199,1.);
#7199 = DIRECTION('',(0.,-1.));
#7200 = ( GEOMETRIC_REPRESENTATION_CONTEXT(2) 
PARAMETRIC_REPRESENTATION_CONTEXT() REPRESENTATION_CONTEXT('2D SPACE',''
  ) );
#7201 = PCURVE('',#4946,#7202);
#7202 = DEFINITIONAL_REPRESENTATION('',(#7203),#7207);
#7203 = LINE('',#7204,#7205);
#7204 = CARTESIAN_POINT('',(0.,0.));
#7205 = VECTOR('',#7206,1.);
#7206 = DIRECTION('',(0.,-1.));
#7207 = ( GEOMETRIC_REPRESENTATION_CONTEXT(2) 
PARAMETRIC_REPRESENTATION_CONTEXT() REPRESENTATION_CONTEXT('2D SPACE',''
  ) );
#7208 = ORIENTED_EDGE('',*,*,#4925,.T.);
#7209 = ORIENTED_EDGE('',*,*,#7188,.F.);
#7210 = ADVANCED_FACE('',(#7211),#4981,.F.);
#7211 = FACE_BOUND('',#7212,.F.);
#7212 = EDGE_LOOP('',(#7213,#7214,#7235,#7236));
#7213 = ORIENTED_EDGE('',*,*,#7010,.T.);
#7214 = ORIENTED_EDGE('',*,*,#7215,.T.);
#7215 = EDGE_CURVE('',#7011,#4961,#7216,.T.);
#7216 = SEAM_CURVE('',#7217,(#7221,#7228),.PCURVE_S1.);
#7217 = LINE('',#7218,#7219);
#7218 = CARTESIAN_POINT('',(79.028472390404,-29.81929598743,-4.5));
#7219 = VECTOR('',#7220,1.);
#7220 = DIRECTION('',(-0.,-0.,1.));
#7221 = PCURVE('',#4981,#7222);
#7222 = DEFINITIONAL_REPRESENTATION('',(#7223),#7227);
#7223 = LINE('',#7224,#7225);
#7224 = CARTESIAN_POINT('',(6.28318530718,0.));
#7225 = VECTOR('',#7226,1.);
#7226 = DIRECTION('',(0.,-1.));
#7227 = ( GEOMETRIC_REPRESENTATION_CONTEXT(2) 
PARAMETRIC_REPRESENTATION_CONTEXT() REPRESENTATION_CONTEXT('2D SPACE',''
  ) );
#7228 = PCURVE('',#4981,#7229);
#7229 = DEFINITIONAL_REPRESENTATION('',(#7230),#7234);
#7230 = LINE('',#7231,#7232);
#7231 = CARTESIAN_POINT('',(0.,0.));
#7232 = VECTOR('',#7233,1.);
#7233 = DIRECTION('',(0.,-1.));
#7234 = ( GEOMETRIC_REPRESENTATION_CONTEXT(2) 
PARAMETRIC_REPRESENTATION_CONTEXT() REPRESENTATION_CONTEXT('2D SPACE',''
  ) );
#7235 = ORIENTED_EDGE('',*,*,#4960,.T.);
#7236 = ORIENTED_EDGE('',*,*,#7215,.F.);
#7237 = ADVANCED_FACE('',(#7238),#5016,.F.);
#7238 = FACE_BOUND('',#7239,.F.);
#7239 = EDGE_LOOP('',(#7240,#7241,#7262,#7263));
#7240 = ORIENTED_EDGE('',*,*,#7040,.T.);
#7241 = ORIENTED_EDGE('',*,*,#7242,.T.);
#7242 = EDGE_CURVE('',#7041,#4996,#7243,.T.);
#7243 = SEAM_CURVE('',#7244,(#7248,#7255),.PCURVE_S1.);
#7244 = LINE('',#7245,#7246);
#7245 = CARTESIAN_POINT('',(-2.909489082499,-62.62531824854,-4.5));
#7246 = VECTOR('',#7247,1.);
#7247 = DIRECTION('',(-0.,-0.,1.));
#7248 = PCURVE('',#5016,#7249);
#7249 = DEFINITIONAL_REPRESENTATION('',(#7250),#7254);
#7250 = LINE('',#7251,#7252);
#7251 = CARTESIAN_POINT('',(6.28318530718,0.));
#7252 = VECTOR('',#7253,1.);
#7253 = DIRECTION('',(0.,-1.));
#7254 = ( GEOMETRIC_REPRESENTATION_CONTEXT(2) 
PARAMETRIC_REPRESENTATION_CONTEXT() REPRESENTATION_CONTEXT('2D SPACE',''
  ) );
#7255 = PCURVE('',#5016,#7256);
#7256 = DEFINITIONAL_REPRESENTATION('',(#7257),#7261);
#7257 = LINE('',#7258,#7259);
#7258 = CARTESIAN_POINT('',(0.,0.));
#7259 = VECTOR('',#7260,1.);
#7260 = DIRECTION('',(0.,-1.));
#7261 = ( GEOMETRIC_REPRESENTATION_CONTEXT(2) 
PARAMETRIC_REPRESENTATION_CONTEXT() REPRESENTATION_CONTEXT('2D SPACE',''
  ) );
#7262 = ORIENTED_EDGE('',*,*,#4995,.T.);
#7263 = ORIENTED_EDGE('',*,*,#7242,.F.);
#7264 = ADVANCED_FACE('',(#7265),#5056,.F.);
#7265 = FACE_BOUND('',#7266,.F.);
#7266 = EDGE_LOOP('',(#7267,#7268,#7289,#7290));
#7267 = ORIENTED_EDGE('',*,*,#7070,.T.);
#7268 = ORIENTED_EDGE('',*,*,#7269,.T.);
#7269 = EDGE_CURVE('',#7071,#5036,#7270,.T.);
#7270 = SEAM_CURVE('',#7271,(#7275,#7282),.PCURVE_S1.);
#7271 = LINE('',#7272,#7273);
#7272 = CARTESIAN_POINT('',(-59.95665593763,-32.70157846001,-4.5));
#7273 = VECTOR('',#7274,1.);
#7274 = DIRECTION('',(-0.,-0.,1.));
#7275 = PCURVE('',#5056,#7276);
#7276 = DEFINITIONAL_REPRESENTATION('',(#7277),#7281);
#7277 = LINE('',#7278,#7279);
#7278 = CARTESIAN_POINT('',(6.28318530718,0.));
#7279 = VECTOR('',#7280,1.);
#7280 = DIRECTION('',(0.,-1.));
#7281 = ( GEOMETRIC_REPRESENTATION_CONTEXT(2) 
PARAMETRIC_REPRESENTATION_CONTEXT() REPRESENTATION_CONTEXT('2D SPACE',''
  ) );
#7282 = PCURVE('',#5056,#7283);
#7283 = DEFINITIONAL_REPRESENTATION('',(#7284),#7288);
#7284 = LINE('',#7285,#7286);
#7285 = CARTESIAN_POINT('',(0.,0.));
#7286 = VECTOR('',#7287,1.);
#7287 = DIRECTION('',(0.,-1.));
#7288 = ( GEOMETRIC_REPRESENTATION_CONTEXT(2) 
PARAMETRIC_REPRESENTATION_CONTEXT() REPRESENTATION_CONTEXT('2D SPACE',''
  ) );
#7289 = ORIENTED_EDGE('',*,*,#5035,.T.);
#7290 = ORIENTED_EDGE('',*,*,#7269,.F.);
#7291 = ADVANCED_FACE('',(#7292),#5091,.F.);
#7292 = FACE_BOUND('',#7293,.F.);
#7293 = EDGE_LOOP('',(#7294,#7295,#7316,#7317));
#7294 = ORIENTED_EDGE('',*,*,#7100,.T.);
#7295 = ORIENTED_EDGE('',*,*,#7296,.T.);
#7296 = EDGE_CURVE('',#7101,#5071,#7297,.T.);
#7297 = SEAM_CURVE('',#7298,(#7302,#7309),.PCURVE_S1.);
#7298 = LINE('',#7299,#7300);
#7299 = CARTESIAN_POINT('',(93.754823644136,44.08349727605,-4.5));
#7300 = VECTOR('',#7301,1.);
#7301 = DIRECTION('',(-0.,-0.,1.));
#7302 = PCURVE('',#5091,#7303);
#7303 = DEFINITIONAL_REPRESENTATION('',(#7304),#7308);
#7304 = LINE('',#7305,#7306);
#7305 = CARTESIAN_POINT('',(6.28318530718,0.));
#7306 = VECTOR('',#7307,1.);
#7307 = DIRECTION('',(0.,-1.));
#7308 = ( GEOMETRIC_REPRESENTATION_CONTEXT(2) 
PARAMETRIC_REPRESENTATION_CONTEXT() REPRESENTATION_CONTEXT('2D SPACE',''
  ) );
#7309 = PCURVE('',#5091,#7310);
#7310 = DEFINITIONAL_REPRESENTATION('',(#7311),#7315);
#7311 = LINE('',#7312,#7313);
#7312 = CARTESIAN_POINT('',(0.,0.));
#7313 = VECTOR('',#7314,1.);
#7314 = DIRECTION('',(0.,-1.));
#7315 = ( GEOMETRIC_REPRESENTATION_CONTEXT(2) 
PARAMETRIC_REPRESENTATION_CONTEXT() REPRESENTATION_CONTEXT('2D SPACE',''
  ) );
#7316 = ORIENTED_EDGE('',*,*,#5070,.T.);
#7317 = ORIENTED_EDGE('',*,*,#7296,.F.);
#7318 = ADVANCED_FACE('',(#7319),#5126,.F.);
#7319 = FACE_BOUND('',#7320,.F.);
#7320 = EDGE_LOOP('',(#7321,#7322,#7343,#7344));
#7321 = ORIENTED_EDGE('',*,*,#7130,.T.);
#7322 = ORIENTED_EDGE('',*,*,#7323,.T.);
#7323 = EDGE_CURVE('',#7131,#5106,#7324,.T.);
#7324 = SEAM_CURVE('',#7325,(#7329,#7336),.PCURVE_S1.);
#7325 = LINE('',#7326,#7327);
#7326 = CARTESIAN_POINT('',(-3.000374569373,63.274837467236,-4.5));
#7327 = VECTOR('',#7328,1.);
#7328 = DIRECTION('',(-0.,-0.,1.));
#7329 = PCURVE('',#5126,#7330);
#7330 = DEFINITIONAL_REPRESENTATION('',(#7331),#7335);
#7331 = LINE('',#7332,#7333);
#7332 = CARTESIAN_POINT('',(6.28318530718,0.));
#7333 = VECTOR('',#7334,1.);
#7334 = DIRECTION('',(0.,-1.));
#7335 = ( GEOMETRIC_REPRESENTATION_CONTEXT(2) 
PARAMETRIC_REPRESENTATION_CONTEXT() REPRESENTATION_CONTEXT('2D SPACE',''
  ) );
#7336 = PCURVE('',#5126,#7337);
#7337 = DEFINITIONAL_REPRESENTATION('',(#7338),#7342);
#7338 = LINE('',#7339,#7340);
#7339 = CARTESIAN_POINT('',(0.,0.));
#7340 = VECTOR('',#7341,1.);
#7341 = DIRECTION('',(0.,-1.));
#7342 = ( GEOMETRIC_REPRESENTATION_CONTEXT(2) 
PARAMETRIC_REPRESENTATION_CONTEXT() REPRESENTATION_CONTEXT('2D SPACE',''
  ) );
#7343 = ORIENTED_EDGE('',*,*,#5105,.T.);
#7344 = ORIENTED_EDGE('',*,*,#7323,.F.);
#7345 = ADVANCED_FACE('',(#7346),#5161,.F.);
#7346 = FACE_BOUND('',#7347,.F.);
#7347 = EDGE_LOOP('',(#7348,#7349,#7370,#7371));
#7348 = ORIENTED_EDGE('',*,*,#7160,.T.);
#7349 = ORIENTED_EDGE('',*,*,#7350,.T.);
#7350 = EDGE_CURVE('',#7161,#5141,#7351,.T.);
#7351 = SEAM_CURVE('',#7352,(#7356,#7363),.PCURVE_S1.);
#7352 = LINE('',#7353,#7354);
#7353 = CARTESIAN_POINT('',(-60.68025479665,45.583491530858,-4.5));
#7354 = VECTOR('',#7355,1.);
#7355 = DIRECTION('',(-0.,-0.,1.));
#7356 = PCURVE('',#5161,#7357);
#7357 = DEFINITIONAL_REPRESENTATION('',(#7358),#7362);
#7358 = LINE('',#7359,#7360);
#7359 = CARTESIAN_POINT('',(6.28318530718,0.));
#7360 = VECTOR('',#7361,1.);
#7361 = DIRECTION('',(0.,-1.));
#7362 = ( GEOMETRIC_REPRESENTATION_CONTEXT(2) 
PARAMETRIC_REPRESENTATION_CONTEXT() REPRESENTATION_CONTEXT('2D SPACE',''
  ) );
#7363 = PCURVE('',#5161,#7364);
#7364 = DEFINITIONAL_REPRESENTATION('',(#7365),#7369);
#7365 = LINE('',#7366,#7367);
#7366 = CARTESIAN_POINT('',(0.,0.));
#7367 = VECTOR('',#7368,1.);
#7368 = DIRECTION('',(0.,-1.));
#7369 = ( GEOMETRIC_REPRESENTATION_CONTEXT(2) 
PARAMETRIC_REPRESENTATION_CONTEXT() REPRESENTATION_CONTEXT('2D SPACE',''
  ) );
#7370 = ORIENTED_EDGE('',*,*,#5140,.T.);
#7371 = ORIENTED_EDGE('',*,*,#7350,.F.);
#7372 = ADVANCED_FACE('',(#7373),#5193,.T.);
#7373 = FACE_BOUND('',#7374,.F.);
#7374 = EDGE_LOOP('',(#7375,#7405,#7426,#7427));
#7375 = ORIENTED_EDGE('',*,*,#7376,.F.);
#7376 = EDGE_CURVE('',#7377,#7379,#7381,.T.);
#7377 = VERTEX_POINT('',#7378);
#7378 = CARTESIAN_POINT('',(52.708814636972,-84.39143996464,-1.5));
#7379 = VERTEX_POINT('',#7380);
#7380 = CARTESIAN_POINT('',(45.095976029729,-79.06087298468,-1.5));
#7381 = SURFACE_CURVE('',#7382,(#7386,#7393),.PCURVE_S1.);
#7382 = LINE('',#7383,#7384);
#7383 = CARTESIAN_POINT('',(13.383745207253,-56.85572990934,-1.5));
#7384 = VECTOR('',#7385,1.);
#7385 = DIRECTION('',(-0.819152044289,0.573576436351,-0.));
#7386 = PCURVE('',#5193,#7387);
#7387 = DEFINITIONAL_REPRESENTATION('',(#7388),#7392);
#7388 = LINE('',#7389,#7390);
#7389 = CARTESIAN_POINT('',(-48.00704546108,-3.));
#7390 = VECTOR('',#7391,1.);
#7391 = DIRECTION('',(-1.,0.));
#7392 = ( GEOMETRIC_REPRESENTATION_CONTEXT(2) 
PARAMETRIC_REPRESENTATION_CONTEXT() REPRESENTATION_CONTEXT('2D SPACE',''
  ) );
#7393 = PCURVE('',#7394,#7399);
#7394 = PLANE('',#7395);
#7395 = AXIS2_PLACEMENT_3D('',#7396,#7397,#7398);
#7396 = CARTESIAN_POINT('',(0.,0.,-1.5));
#7397 = DIRECTION('',(-0.,-0.,1.));
#7398 = DIRECTION('',(1.,0.,0.));
#7399 = DEFINITIONAL_REPRESENTATION('',(#7400),#7404);
#7400 = LINE('',#7401,#7402);
#7401 = CARTESIAN_POINT('',(13.383745207253,-56.85572990934));
#7402 = VECTOR('',#7403,1.);
#7403 = DIRECTION('',(-0.819152044289,0.573576436351));
#7404 = ( GEOMETRIC_REPRESENTATION_CONTEXT(2) 
PARAMETRIC_REPRESENTATION_CONTEXT() REPRESENTATION_CONTEXT('2D SPACE',''
  ) );
#7405 = ORIENTED_EDGE('',*,*,#7406,.T.);
#7406 = EDGE_CURVE('',#7377,#5176,#7407,.T.);
#7407 = SURFACE_CURVE('',#7408,(#7412,#7419),.PCURVE_S1.);
#7408 = LINE('',#7409,#7410);
#7409 = CARTESIAN_POINT('',(52.708814636972,-84.39143996464,-4.5));
#7410 = VECTOR('',#7411,1.);
#7411 = DIRECTION('',(-0.,-0.,1.));
#7412 = PCURVE('',#5193,#7413);
#7413 = DEFINITIONAL_REPRESENTATION('',(#7414),#7418);
#7414 = LINE('',#7415,#7416);
#7415 = CARTESIAN_POINT('',(-0.,0.));
#7416 = VECTOR('',#7417,1.);
#7417 = DIRECTION('',(-0.,-1.));
#7418 = ( GEOMETRIC_REPRESENTATION_CONTEXT(2) 
PARAMETRIC_REPRESENTATION_CONTEXT() REPRESENTATION_CONTEXT('2D SPACE',''
  ) );
#7419 = PCURVE('',#5226,#7420);
#7420 = DEFINITIONAL_REPRESENTATION('',(#7421),#7425);
#7421 = LINE('',#7422,#7423);
#7422 = CARTESIAN_POINT('',(0.312223297692,0.));
#7423 = VECTOR('',#7424,1.);
#7424 = DIRECTION('',(0.,-1.));
#7425 = ( GEOMETRIC_REPRESENTATION_CONTEXT(2) 
PARAMETRIC_REPRESENTATION_CONTEXT() REPRESENTATION_CONTEXT('2D SPACE',''
  ) );
#7426 = ORIENTED_EDGE('',*,*,#5175,.T.);
#7427 = ORIENTED_EDGE('',*,*,#7428,.F.);
#7428 = EDGE_CURVE('',#7379,#5178,#7429,.T.);
#7429 = SURFACE_CURVE('',#7430,(#7434,#7441),.PCURVE_S1.);
#7430 = LINE('',#7431,#7432);
#7431 = CARTESIAN_POINT('',(45.095976029729,-79.06087298468,-4.5));
#7432 = VECTOR('',#7433,1.);
#7433 = DIRECTION('',(-0.,-0.,1.));
#7434 = PCURVE('',#5193,#7435);
#7435 = DEFINITIONAL_REPRESENTATION('',(#7436),#7440);
#7436 = LINE('',#7437,#7438);
#7437 = CARTESIAN_POINT('',(-9.293559920065,0.));
#7438 = VECTOR('',#7439,1.);
#7439 = DIRECTION('',(-0.,-1.));
#7440 = ( GEOMETRIC_REPRESENTATION_CONTEXT(2) 
PARAMETRIC_REPRESENTATION_CONTEXT() REPRESENTATION_CONTEXT('2D SPACE',''
  ) );
#7441 = PCURVE('',#6962,#7442);
#7442 = DEFINITIONAL_REPRESENTATION('',(#7443),#7447);
#7443 = LINE('',#7444,#7445);
#7444 = CARTESIAN_POINT('',(-0.527064808348,0.));
#7445 = VECTOR('',#7446,1.);
#7446 = DIRECTION('',(-0.,-1.));
#7447 = ( GEOMETRIC_REPRESENTATION_CONTEXT(2) 
PARAMETRIC_REPRESENTATION_CONTEXT() REPRESENTATION_CONTEXT('2D SPACE',''
  ) );
#7448 = ADVANCED_FACE('',(#7449),#6962,.F.);
#7449 = FACE_BOUND('',#7450,.T.);
#7450 = EDGE_LOOP('',(#7451,#7474,#7495,#7496));
#7451 = ORIENTED_EDGE('',*,*,#7452,.F.);
#7452 = EDGE_CURVE('',#7453,#7379,#7455,.T.);
#7453 = VERTEX_POINT('',#7454);
#7454 = CARTESIAN_POINT('',(44.768853328393,-79.47413809386,-1.5));
#7455 = SURFACE_CURVE('',#7456,(#7460,#7467),.PCURVE_S1.);
#7456 = LINE('',#7457,#7458);
#7457 = CARTESIAN_POINT('',(55.253389882253,-66.22867048797,-1.5));
#7458 = VECTOR('',#7459,1.);
#7459 = DIRECTION('',(0.620649863459,0.784087843923,-0.));
#7460 = PCURVE('',#6962,#7461);
#7461 = DEFINITIONAL_REPRESENTATION('',(#7462),#7466);
#7462 = LINE('',#7463,#7464);
#7463 = CARTESIAN_POINT('',(-16.89283631744,-3.));
#7464 = VECTOR('',#7465,1.);
#7465 = DIRECTION('',(-1.,0.));
#7466 = ( GEOMETRIC_REPRESENTATION_CONTEXT(2) 
PARAMETRIC_REPRESENTATION_CONTEXT() REPRESENTATION_CONTEXT('2D SPACE',''
  ) );
#7467 = PCURVE('',#7394,#7468);
#7468 = DEFINITIONAL_REPRESENTATION('',(#7469),#7473);
#7469 = LINE('',#7470,#7471);
#7470 = CARTESIAN_POINT('',(55.253389882253,-66.22867048797));
#7471 = VECTOR('',#7472,1.);
#7472 = DIRECTION('',(0.620649863459,0.784087843923));
#7473 = ( GEOMETRIC_REPRESENTATION_CONTEXT(2) 
PARAMETRIC_REPRESENTATION_CONTEXT() REPRESENTATION_CONTEXT('2D SPACE',''
  ) );
#7474 = ORIENTED_EDGE('',*,*,#7475,.T.);
#7475 = EDGE_CURVE('',#7453,#6921,#7476,.T.);
#7476 = SURFACE_CURVE('',#7477,(#7481,#7488),.PCURVE_S1.);
#7477 = LINE('',#7478,#7479);
#7478 = CARTESIAN_POINT('',(44.768853328393,-79.47413809386,-4.5));
#7479 = VECTOR('',#7480,1.);
#7480 = DIRECTION('',(-0.,-0.,1.));
#7481 = PCURVE('',#6962,#7482);
#7482 = DEFINITIONAL_REPRESENTATION('',(#7483),#7487);
#7483 = LINE('',#7484,#7485);
#7484 = CARTESIAN_POINT('',(-0.,0.));
#7485 = VECTOR('',#7486,1.);
#7486 = DIRECTION('',(-0.,-1.));
#7487 = ( GEOMETRIC_REPRESENTATION_CONTEXT(2) 
PARAMETRIC_REPRESENTATION_CONTEXT() REPRESENTATION_CONTEXT('2D SPACE',''
  ) );
#7488 = PCURVE('',#6936,#7489);
#7489 = DEFINITIONAL_REPRESENTATION('',(#7490),#7494);
#7490 = LINE('',#7491,#7492);
#7491 = CARTESIAN_POINT('',(-0.,0.));
#7492 = VECTOR('',#7493,1.);
#7493 = DIRECTION('',(-0.,-1.));
#7494 = ( GEOMETRIC_REPRESENTATION_CONTEXT(2) 
PARAMETRIC_REPRESENTATION_CONTEXT() REPRESENTATION_CONTEXT('2D SPACE',''
  ) );
#7495 = ORIENTED_EDGE('',*,*,#6948,.T.);
#7496 = ORIENTED_EDGE('',*,*,#7428,.F.);
#7497 = ADVANCED_FACE('',(#7498),#6936,.T.);
#7498 = FACE_BOUND('',#7499,.F.);
#7499 = EDGE_LOOP('',(#7500,#7523,#7524,#7525));
#7500 = ORIENTED_EDGE('',*,*,#7501,.F.);
#7501 = EDGE_CURVE('',#7453,#7502,#7504,.T.);
#7502 = VERTEX_POINT('',#7503);
#7503 = CARTESIAN_POINT('',(32.516733305084,-73.76088069836,-1.5));
#7504 = SURFACE_CURVE('',#7505,(#7509,#7516),.PCURVE_S1.);
#7505 = LINE('',#7506,#7507);
#7506 = CARTESIAN_POINT('',(6.906599740891,-61.81867929101,-1.5));
#7507 = VECTOR('',#7508,1.);
#7508 = DIRECTION('',(-0.906307787037,0.422618261741,-0.));
#7509 = PCURVE('',#6936,#7510);
#7510 = DEFINITIONAL_REPRESENTATION('',(#7511),#7515);
#7511 = LINE('',#7512,#7513);
#7512 = CARTESIAN_POINT('',(-41.7763745706,-3.));
#7513 = VECTOR('',#7514,1.);
#7514 = DIRECTION('',(-1.,0.));
#7515 = ( GEOMETRIC_REPRESENTATION_CONTEXT(2) 
PARAMETRIC_REPRESENTATION_CONTEXT() REPRESENTATION_CONTEXT('2D SPACE',''
  ) );
#7516 = PCURVE('',#7394,#7517);
#7517 = DEFINITIONAL_REPRESENTATION('',(#7518),#7522);
#7518 = LINE('',#7519,#7520);
#7519 = CARTESIAN_POINT('',(6.906599740891,-61.81867929101));
#7520 = VECTOR('',#7521,1.);
#7521 = DIRECTION('',(-0.906307787037,0.422618261741));
#7522 = ( GEOMETRIC_REPRESENTATION_CONTEXT(2) 
PARAMETRIC_REPRESENTATION_CONTEXT() REPRESENTATION_CONTEXT('2D SPACE',''
  ) );
#7523 = ORIENTED_EDGE('',*,*,#7475,.T.);
#7524 = ORIENTED_EDGE('',*,*,#6920,.T.);
#7525 = ORIENTED_EDGE('',*,*,#7526,.F.);
#7526 = EDGE_CURVE('',#7502,#6893,#7527,.T.);
#7527 = SURFACE_CURVE('',#7528,(#7532,#7539),.PCURVE_S1.);
#7528 = LINE('',#7529,#7530);
#7529 = CARTESIAN_POINT('',(32.516733305084,-73.76088069836,-4.5));
#7530 = VECTOR('',#7531,1.);
#7531 = DIRECTION('',(-0.,-0.,1.));
#7532 = PCURVE('',#6936,#7533);
#7533 = DEFINITIONAL_REPRESENTATION('',(#7534),#7538);
#7534 = LINE('',#7535,#7536);
#7535 = CARTESIAN_POINT('',(-13.51871869419,0.));
#7536 = VECTOR('',#7537,1.);
#7537 = DIRECTION('',(-0.,-1.));
#7538 = ( GEOMETRIC_REPRESENTATION_CONTEXT(2) 
PARAMETRIC_REPRESENTATION_CONTEXT() REPRESENTATION_CONTEXT('2D SPACE',''
  ) );
#7539 = PCURVE('',#6908,#7540);
#7540 = DEFINITIONAL_REPRESENTATION('',(#7541),#7545);
#7541 = LINE('',#7542,#7543);
#7542 = CARTESIAN_POINT('',(-1.386066275715E-14,0.));
#7543 = VECTOR('',#7544,1.);
#7544 = DIRECTION('',(-0.,-1.));
#7545 = ( GEOMETRIC_REPRESENTATION_CONTEXT(2) 
PARAMETRIC_REPRESENTATION_CONTEXT() REPRESENTATION_CONTEXT('2D SPACE',''
  ) );
#7546 = ADVANCED_FACE('',(#7547),#6908,.T.);
#7547 = FACE_BOUND('',#7548,.F.);
#7548 = EDGE_LOOP('',(#7549,#7572,#7573,#7574));
#7549 = ORIENTED_EDGE('',*,*,#7550,.F.);
#7550 = EDGE_CURVE('',#7502,#7551,#7553,.T.);
#7551 = VERTEX_POINT('',#7552);
#7552 = CARTESIAN_POINT('',(28.0926756638,-54.20313727635,-1.5));
#7553 = SURFACE_CURVE('',#7554,(#7558,#7565),.PCURVE_S1.);
#7554 = LINE('',#7555,#7556);
#7555 = CARTESIAN_POINT('',(23.087091335061,-32.07459784117,-1.5));
#7556 = VECTOR('',#7557,1.);
#7557 = DIRECTION('',(-0.220630642582,0.97535743169,-0.));
#7558 = PCURVE('',#6908,#7559);
#7559 = DEFINITIONAL_REPRESENTATION('',(#7560),#7564);
#7560 = LINE('',#7561,#7562);
#7561 = CARTESIAN_POINT('',(-42.73949375147,-3.));
#7562 = VECTOR('',#7563,1.);
#7563 = DIRECTION('',(-1.,0.));
#7564 = ( GEOMETRIC_REPRESENTATION_CONTEXT(2) 
PARAMETRIC_REPRESENTATION_CONTEXT() REPRESENTATION_CONTEXT('2D SPACE',''
  ) );
#7565 = PCURVE('',#7394,#7566);
#7566 = DEFINITIONAL_REPRESENTATION('',(#7567),#7571);
#7567 = LINE('',#7568,#7569);
#7568 = CARTESIAN_POINT('',(23.087091335061,-32.07459784117));
#7569 = VECTOR('',#7570,1.);
#7570 = DIRECTION('',(-0.220630642582,0.97535743169));
#7571 = ( GEOMETRIC_REPRESENTATION_CONTEXT(2) 
PARAMETRIC_REPRESENTATION_CONTEXT() REPRESENTATION_CONTEXT('2D SPACE',''
  ) );
#7572 = ORIENTED_EDGE('',*,*,#7526,.T.);
#7573 = ORIENTED_EDGE('',*,*,#6892,.T.);
#7574 = ORIENTED_EDGE('',*,*,#7575,.F.);
#7575 = EDGE_CURVE('',#7551,#6865,#7576,.T.);
#7576 = SURFACE_CURVE('',#7577,(#7581,#7588),.PCURVE_S1.);
#7577 = LINE('',#7578,#7579);
#7578 = CARTESIAN_POINT('',(28.0926756638,-54.20313727635,-4.5));
#7579 = VECTOR('',#7580,1.);
#7580 = DIRECTION('',(-0.,-0.,1.));
#7581 = PCURVE('',#6908,#7582);
#7582 = DEFINITIONAL_REPRESENTATION('',(#7583),#7587);
#7583 = LINE('',#7584,#7585);
#7584 = CARTESIAN_POINT('',(-20.05187307396,0.));
#7585 = VECTOR('',#7586,1.);
#7586 = DIRECTION('',(-0.,-1.));
#7587 = ( GEOMETRIC_REPRESENTATION_CONTEXT(2) 
PARAMETRIC_REPRESENTATION_CONTEXT() REPRESENTATION_CONTEXT('2D SPACE',''
  ) );
#7588 = PCURVE('',#6880,#7589);
#7589 = DEFINITIONAL_REPRESENTATION('',(#7590),#7594);
#7590 = LINE('',#7591,#7592);
#7591 = CARTESIAN_POINT('',(-1.394807452992,0.));
#7592 = VECTOR('',#7593,1.);
#7593 = DIRECTION('',(-0.,-1.));
#7594 = ( GEOMETRIC_REPRESENTATION_CONTEXT(2) 
PARAMETRIC_REPRESENTATION_CONTEXT() REPRESENTATION_CONTEXT('2D SPACE',''
  ) );
#7595 = ADVANCED_FACE('',(#7596),#6880,.F.);
#7596 = FACE_BOUND('',#7597,.T.);
#7597 = EDGE_LOOP('',(#7598,#7621,#7642,#7643));
#7598 = ORIENTED_EDGE('',*,*,#7599,.F.);
#7599 = EDGE_CURVE('',#7600,#7551,#7602,.T.);
#7600 = VERTEX_POINT('',#7601);
#7601 = CARTESIAN_POINT('',(27.271449773191,-53.07571727142,-1.5));
#7602 = SURFACE_CURVE('',#7603,(#7607,#7614),.PCURVE_S1.);
#7603 = LINE('',#7604,#7605);
#7604 = CARTESIAN_POINT('',(10.221135240295,-29.66819211354,-1.5));
#7605 = VECTOR('',#7606,1.);
#7606 = DIRECTION('',(0.588773661087,-0.808297950023,0.));
#7607 = PCURVE('',#6880,#7608);
#7608 = DEFINITIONAL_REPRESENTATION('',(#7609),#7613);
#7609 = LINE('',#7610,#7611);
#7610 = CARTESIAN_POINT('',(28.959030710427,-3.));
#7611 = VECTOR('',#7612,1.);
#7612 = DIRECTION('',(-1.,0.));
#7613 = ( GEOMETRIC_REPRESENTATION_CONTEXT(2) 
PARAMETRIC_REPRESENTATION_CONTEXT() REPRESENTATION_CONTEXT('2D SPACE',''
  ) );
#7614 = PCURVE('',#7394,#7615);
#7615 = DEFINITIONAL_REPRESENTATION('',(#7616),#7620);
#7616 = LINE('',#7617,#7618);
#7617 = CARTESIAN_POINT('',(10.221135240295,-29.66819211354));
#7618 = VECTOR('',#7619,1.);
#7619 = DIRECTION('',(0.588773661087,-0.808297950023));
#7620 = ( GEOMETRIC_REPRESENTATION_CONTEXT(2) 
PARAMETRIC_REPRESENTATION_CONTEXT() REPRESENTATION_CONTEXT('2D SPACE',''
  ) );
#7621 = ORIENTED_EDGE('',*,*,#7622,.T.);
#7622 = EDGE_CURVE('',#7600,#6837,#7623,.T.);
#7623 = SURFACE_CURVE('',#7624,(#7628,#7635),.PCURVE_S1.);
#7624 = LINE('',#7625,#7626);
#7625 = CARTESIAN_POINT('',(27.271449773191,-53.07571727142,-4.5));
#7626 = VECTOR('',#7627,1.);
#7627 = DIRECTION('',(-0.,-0.,1.));
#7628 = PCURVE('',#6880,#7629);
#7629 = DEFINITIONAL_REPRESENTATION('',(#7630),#7634);
#7630 = LINE('',#7631,#7632);
#7631 = CARTESIAN_POINT('',(-0.,-0.));
#7632 = VECTOR('',#7633,1.);
#7633 = DIRECTION('',(-0.,-1.));
#7634 = ( GEOMETRIC_REPRESENTATION_CONTEXT(2) 
PARAMETRIC_REPRESENTATION_CONTEXT() REPRESENTATION_CONTEXT('2D SPACE',''
  ) );
#7635 = PCURVE('',#6852,#7636);
#7636 = DEFINITIONAL_REPRESENTATION('',(#7637),#7641);
#7637 = LINE('',#7638,#7639);
#7638 = CARTESIAN_POINT('',(-0.,0.));
#7639 = VECTOR('',#7640,1.);
#7640 = DIRECTION('',(-0.,-1.));
#7641 = ( GEOMETRIC_REPRESENTATION_CONTEXT(2) 
PARAMETRIC_REPRESENTATION_CONTEXT() REPRESENTATION_CONTEXT('2D SPACE',''
  ) );
#7642 = ORIENTED_EDGE('',*,*,#6864,.T.);
#7643 = ORIENTED_EDGE('',*,*,#7575,.F.);
#7644 = ADVANCED_FACE('',(#7645),#6852,.T.);
#7645 = FACE_BOUND('',#7646,.F.);
#7646 = EDGE_LOOP('',(#7647,#7670,#7671,#7672));
#7647 = ORIENTED_EDGE('',*,*,#7648,.F.);
#7648 = EDGE_CURVE('',#7600,#7649,#7651,.T.);
#7649 = VERTEX_POINT('',#7650);
#7650 = CARTESIAN_POINT('',(27.176324648934,-53.05894414547,-1.5));
#7651 = SURFACE_CURVE('',#7652,(#7656,#7663),.PCURVE_S1.);
#7652 = LINE('',#7653,#7654);
#7653 = CARTESIAN_POINT('',(9.472996215925,-49.93736969439,-1.5));
#7654 = VECTOR('',#7655,1.);
#7655 = DIRECTION('',(-0.984807753012,0.173648177667,-0.));
#7656 = PCURVE('',#6852,#7657);
#7657 = DEFINITIONAL_REPRESENTATION('',(#7658),#7662);
#7658 = LINE('',#7659,#7660);
#7659 = CARTESIAN_POINT('',(-18.07302339246,-3.));
#7660 = VECTOR('',#7661,1.);
#7661 = DIRECTION('',(-1.,0.));
#7662 = ( GEOMETRIC_REPRESENTATION_CONTEXT(2) 
PARAMETRIC_REPRESENTATION_CONTEXT() REPRESENTATION_CONTEXT('2D SPACE',''
  ) );
#7663 = PCURVE('',#7394,#7664);
#7664 = DEFINITIONAL_REPRESENTATION('',(#7665),#7669);
#7665 = LINE('',#7666,#7667);
#7666 = CARTESIAN_POINT('',(9.472996215925,-49.93736969439));
#7667 = VECTOR('',#7668,1.);
#7668 = DIRECTION('',(-0.984807753012,0.173648177667));
#7669 = ( GEOMETRIC_REPRESENTATION_CONTEXT(2) 
PARAMETRIC_REPRESENTATION_CONTEXT() REPRESENTATION_CONTEXT('2D SPACE',''
  ) );
#7670 = ORIENTED_EDGE('',*,*,#7622,.T.);
#7671 = ORIENTED_EDGE('',*,*,#6836,.T.);
#7672 = ORIENTED_EDGE('',*,*,#7673,.F.);
#7673 = EDGE_CURVE('',#7649,#6809,#7674,.T.);
#7674 = SURFACE_CURVE('',#7675,(#7679,#7686),.PCURVE_S1.);
#7675 = LINE('',#7676,#7677);
#7676 = CARTESIAN_POINT('',(27.176324648934,-53.05894414547,-4.5));
#7677 = VECTOR('',#7678,1.);
#7678 = DIRECTION('',(-0.,-0.,1.));
#7679 = PCURVE('',#6852,#7680);
#7680 = DEFINITIONAL_REPRESENTATION('',(#7681),#7685);
#7681 = LINE('',#7682,#7683);
#7682 = CARTESIAN_POINT('',(-9.659258262891E-02,0.));
#7683 = VECTOR('',#7684,1.);
#7684 = DIRECTION('',(-0.,-1.));
#7685 = ( GEOMETRIC_REPRESENTATION_CONTEXT(2) 
PARAMETRIC_REPRESENTATION_CONTEXT() REPRESENTATION_CONTEXT('2D SPACE',''
  ) );
#7686 = PCURVE('',#6824,#7687);
#7687 = DEFINITIONAL_REPRESENTATION('',(#7688),#7692);
#7688 = LINE('',#7689,#7690);
#7689 = CARTESIAN_POINT('',(-0.,-0.));
#7690 = VECTOR('',#7691,1.);
#7691 = DIRECTION('',(-0.,-1.));
#7692 = ( GEOMETRIC_REPRESENTATION_CONTEXT(2) 
PARAMETRIC_REPRESENTATION_CONTEXT() REPRESENTATION_CONTEXT('2D SPACE',''
  ) );
#7693 = ADVANCED_FACE('',(#7694),#6824,.T.);
#7694 = FACE_BOUND('',#7695,.F.);
#7695 = EDGE_LOOP('',(#7696,#7719,#7720,#7721));
#7696 = ORIENTED_EDGE('',*,*,#7697,.F.);
#7697 = EDGE_CURVE('',#7649,#7698,#7700,.T.);
#7698 = VERTEX_POINT('',#7699);
#7699 = CARTESIAN_POINT('',(6.191578581751,-62.23057638522,-1.5));
#7700 = SURFACE_CURVE('',#7701,(#7705,#7712),.PCURVE_S1.);
#7701 = LINE('',#7702,#7703);
#7702 = CARTESIAN_POINT('',(18.431825378321,-56.88083129979,-1.5));
#7703 = VECTOR('',#7704,1.);
#7704 = DIRECTION('',(-0.916304696411,-0.400481838957,-0.));
#7705 = PCURVE('',#6824,#7706);
#7706 = DEFINITIONAL_REPRESENTATION('',(#7707),#7711);
#7707 = LINE('',#7708,#7709);
#7708 = CARTESIAN_POINT('',(-9.543222145277,-3.));
#7709 = VECTOR('',#7710,1.);
#7710 = DIRECTION('',(-1.,0.));
#7711 = ( GEOMETRIC_REPRESENTATION_CONTEXT(2) 
PARAMETRIC_REPRESENTATION_CONTEXT() REPRESENTATION_CONTEXT('2D SPACE',''
  ) );
#7712 = PCURVE('',#7394,#7713);
#7713 = DEFINITIONAL_REPRESENTATION('',(#7714),#7718);
#7714 = LINE('',#7715,#7716);
#7715 = CARTESIAN_POINT('',(18.431825378321,-56.88083129979));
#7716 = VECTOR('',#7717,1.);
#7717 = DIRECTION('',(-0.916304696411,-0.400481838957));
#7718 = ( GEOMETRIC_REPRESENTATION_CONTEXT(2) 
PARAMETRIC_REPRESENTATION_CONTEXT() REPRESENTATION_CONTEXT('2D SPACE',''
  ) );
#7719 = ORIENTED_EDGE('',*,*,#7673,.T.);
#7720 = ORIENTED_EDGE('',*,*,#6808,.T.);
#7721 = ORIENTED_EDGE('',*,*,#7722,.F.);
#7722 = EDGE_CURVE('',#7698,#6781,#7723,.T.);
#7723 = SURFACE_CURVE('',#7724,(#7728,#7735),.PCURVE_S1.);
#7724 = LINE('',#7725,#7726);
#7725 = CARTESIAN_POINT('',(6.191578581751,-62.23057638522,-4.5));
#7726 = VECTOR('',#7727,1.);
#7727 = DIRECTION('',(-0.,-0.,1.));
#7728 = PCURVE('',#6824,#7729);
#7729 = DEFINITIONAL_REPRESENTATION('',(#7730),#7734);
#7730 = LINE('',#7731,#7732);
#7731 = CARTESIAN_POINT('',(-22.90149351997,0.));
#7732 = VECTOR('',#7733,1.);
#7733 = DIRECTION('',(-0.,-1.));
#7734 = ( GEOMETRIC_REPRESENTATION_CONTEXT(2) 
PARAMETRIC_REPRESENTATION_CONTEXT() REPRESENTATION_CONTEXT('2D SPACE',''
  ) );
#7735 = PCURVE('',#6796,#7736);
#7736 = DEFINITIONAL_REPRESENTATION('',(#7737),#7741);
#7737 = LINE('',#7738,#7739);
#7738 = CARTESIAN_POINT('',(-3.822477484211,0.));
#7739 = VECTOR('',#7740,1.);
#7740 = DIRECTION('',(-0.,-1.));
#7741 = ( GEOMETRIC_REPRESENTATION_CONTEXT(2) 
PARAMETRIC_REPRESENTATION_CONTEXT() REPRESENTATION_CONTEXT('2D SPACE',''
  ) );
#7742 = ADVANCED_FACE('',(#7743),#6796,.F.);
#7743 = FACE_BOUND('',#7744,.T.);
#7744 = EDGE_LOOP('',(#7745,#7768,#7789,#7790));
#7745 = ORIENTED_EDGE('',*,*,#7746,.F.);
#7746 = EDGE_CURVE('',#7747,#7698,#7749,.T.);
#7747 = VERTEX_POINT('',#7748);
#7748 = CARTESIAN_POINT('',(2.36910109754,-62.23057638522,-1.5));
#7749 = SURFACE_CURVE('',#7750,(#7754,#7761),.PCURVE_S1.);
#7750 = LINE('',#7751,#7752);
#7751 = CARTESIAN_POINT('',(-2.841864095445,-62.23057638522,-1.5));
#7752 = VECTOR('',#7753,1.);
#7753 = DIRECTION('',(1.,-0.,-0.));
#7754 = PCURVE('',#6796,#7755);
#7755 = DEFINITIONAL_REPRESENTATION('',(#7756),#7760);
#7756 = LINE('',#7757,#7758);
#7757 = CARTESIAN_POINT('',(5.210965192985,-3.));
#7758 = VECTOR('',#7759,1.);
#7759 = DIRECTION('',(-1.,0.));
#7760 = ( GEOMETRIC_REPRESENTATION_CONTEXT(2) 
PARAMETRIC_REPRESENTATION_CONTEXT() REPRESENTATION_CONTEXT('2D SPACE',''
  ) );
#7761 = PCURVE('',#7394,#7762);
#7762 = DEFINITIONAL_REPRESENTATION('',(#7763),#7767);
#7763 = LINE('',#7764,#7765);
#7764 = CARTESIAN_POINT('',(-2.841864095445,-62.23057638522));
#7765 = VECTOR('',#7766,1.);
#7766 = DIRECTION('',(1.,-0.));
#7767 = ( GEOMETRIC_REPRESENTATION_CONTEXT(2) 
PARAMETRIC_REPRESENTATION_CONTEXT() REPRESENTATION_CONTEXT('2D SPACE',''
  ) );
#7768 = ORIENTED_EDGE('',*,*,#7769,.T.);
#7769 = EDGE_CURVE('',#7747,#6748,#7770,.T.);
#7770 = SURFACE_CURVE('',#7771,(#7775,#7782),.PCURVE_S1.);
#7771 = LINE('',#7772,#7773);
#7772 = CARTESIAN_POINT('',(2.36910109754,-62.23057638522,-4.5));
#7773 = VECTOR('',#7774,1.);
#7774 = DIRECTION('',(-0.,-0.,1.));
#7775 = PCURVE('',#6796,#7776);
#7776 = DEFINITIONAL_REPRESENTATION('',(#7777),#7781);
#7777 = LINE('',#7778,#7779);
#7778 = CARTESIAN_POINT('',(-4.440892098501E-16,0.));
#7779 = VECTOR('',#7780,1.);
#7780 = DIRECTION('',(-0.,-1.));
#7781 = ( GEOMETRIC_REPRESENTATION_CONTEXT(2) 
PARAMETRIC_REPRESENTATION_CONTEXT() REPRESENTATION_CONTEXT('2D SPACE',''
  ) );
#7782 = PCURVE('',#6768,#7783);
#7783 = DEFINITIONAL_REPRESENTATION('',(#7784),#7788);
#7784 = LINE('',#7785,#7786);
#7785 = CARTESIAN_POINT('',(3.033232261522,0.));
#7786 = VECTOR('',#7787,1.);
#7787 = DIRECTION('',(0.,-1.));
#7788 = ( GEOMETRIC_REPRESENTATION_CONTEXT(2) 
PARAMETRIC_REPRESENTATION_CONTEXT() REPRESENTATION_CONTEXT('2D SPACE',''
  ) );
#7789 = ORIENTED_EDGE('',*,*,#6780,.T.);
#7790 = ORIENTED_EDGE('',*,*,#7722,.F.);
#7791 = ADVANCED_FACE('',(#7792),#6768,.T.);
#7792 = FACE_BOUND('',#7793,.T.);
#7793 = EDGE_LOOP('',(#7794,#7822,#7843,#7844));
#7794 = ORIENTED_EDGE('',*,*,#7795,.F.);
#7795 = EDGE_CURVE('',#7796,#7747,#7798,.T.);
#7796 = VERTEX_POINT('',#7797);
#7797 = CARTESIAN_POINT('',(-4.888079262538,-62.23057638522,-1.5));
#7798 = SURFACE_CURVE('',#7799,(#7804,#7811),.PCURVE_S1.);
#7799 = CIRCLE('',#7800,3.649998333333);
#7800 = AXIS2_PLACEMENT_3D('',#7801,#7802,#7803);
#7801 = CARTESIAN_POINT('',(-1.259489082499,-62.62531824854,-1.5));
#7802 = DIRECTION('',(0.,0.,-1.));
#7803 = DIRECTION('',(-1.,-0.,-0.));
#7804 = PCURVE('',#6768,#7805);
#7805 = DEFINITIONAL_REPRESENTATION('',(#7806),#7810);
#7806 = LINE('',#7807,#7808);
#7807 = CARTESIAN_POINT('',(0.,-3.));
#7808 = VECTOR('',#7809,1.);
#7809 = DIRECTION('',(1.,0.));
#7810 = ( GEOMETRIC_REPRESENTATION_CONTEXT(2) 
PARAMETRIC_REPRESENTATION_CONTEXT() REPRESENTATION_CONTEXT('2D SPACE',''
  ) );
#7811 = PCURVE('',#7394,#7812);
#7812 = DEFINITIONAL_REPRESENTATION('',(#7813),#7821);
#7813 = ( BOUNDED_CURVE() B_SPLINE_CURVE(2,(#7814,#7815,#7816,#7817,
#7818,#7819,#7820),.UNSPECIFIED.,.T.,.F.) B_SPLINE_CURVE_WITH_KNOTS((1,2
    ,2,2,2,1),(-2.094395102393,0.,2.094395102393,4.188790204786,
6.28318530718,8.377580409573),.UNSPECIFIED.) CURVE() 
GEOMETRIC_REPRESENTATION_ITEM() RATIONAL_B_SPLINE_CURVE((1.,0.5,1.,0.5,
1.,0.5,1.)) REPRESENTATION_ITEM('') );
#7814 = CARTESIAN_POINT('',(-4.909487415832,-62.62531824854));
#7815 = CARTESIAN_POINT('',(-4.909487415832,-56.30333568767));
#7816 = CARTESIAN_POINT('',(0.565510084168,-59.46432696811));
#7817 = CARTESIAN_POINT('',(6.040507584168,-62.62531824854));
#7818 = CARTESIAN_POINT('',(0.565510084168,-65.78630952898));
#7819 = CARTESIAN_POINT('',(-4.909487415832,-68.94730080942));
#7820 = CARTESIAN_POINT('',(-4.909487415832,-62.62531824854));
#7821 = ( GEOMETRIC_REPRESENTATION_CONTEXT(2) 
PARAMETRIC_REPRESENTATION_CONTEXT() REPRESENTATION_CONTEXT('2D SPACE',''
  ) );
#7822 = ORIENTED_EDGE('',*,*,#7823,.T.);
#7823 = EDGE_CURVE('',#7796,#6720,#7824,.T.);
#7824 = SURFACE_CURVE('',#7825,(#7829,#7836),.PCURVE_S1.);
#7825 = LINE('',#7826,#7827);
#7826 = CARTESIAN_POINT('',(-4.888079262538,-62.23057638522,-4.5));
#7827 = VECTOR('',#7828,1.);
#7828 = DIRECTION('',(-0.,-0.,1.));
#7829 = PCURVE('',#6768,#7830);
#7830 = DEFINITIONAL_REPRESENTATION('',(#7831),#7835);
#7831 = LINE('',#7832,#7833);
#7832 = CARTESIAN_POINT('',(0.108360392067,0.));
#7833 = VECTOR('',#7834,1.);
#7834 = DIRECTION('',(0.,-1.));
#7835 = ( GEOMETRIC_REPRESENTATION_CONTEXT(2) 
PARAMETRIC_REPRESENTATION_CONTEXT() REPRESENTATION_CONTEXT('2D SPACE',''
  ) );
#7836 = PCURVE('',#6735,#7837);
#7837 = DEFINITIONAL_REPRESENTATION('',(#7838),#7842);
#7838 = LINE('',#7839,#7840);
#7839 = CARTESIAN_POINT('',(-5.725503448808,0.));
#7840 = VECTOR('',#7841,1.);
#7841 = DIRECTION('',(-0.,-1.));
#7842 = ( GEOMETRIC_REPRESENTATION_CONTEXT(2) 
PARAMETRIC_REPRESENTATION_CONTEXT() REPRESENTATION_CONTEXT('2D SPACE',''
  ) );
#7843 = ORIENTED_EDGE('',*,*,#6747,.T.);
#7844 = ORIENTED_EDGE('',*,*,#7769,.F.);
#7845 = ADVANCED_FACE('',(#7846),#6735,.F.);
#7846 = FACE_BOUND('',#7847,.T.);
#7847 = EDGE_LOOP('',(#7848,#7871,#7892,#7893));
#7848 = ORIENTED_EDGE('',*,*,#7849,.F.);
#7849 = EDGE_CURVE('',#7850,#7796,#7852,.T.);
#7850 = VERTEX_POINT('',#7851);
#7851 = CARTESIAN_POINT('',(-10.61358271134,-62.23057638522,-1.5));
#7852 = SURFACE_CURVE('',#7853,(#7857,#7864),.PCURVE_S1.);
#7853 = LINE('',#7854,#7855);
#7854 = CARTESIAN_POINT('',(-2.841864095445,-62.23057638522,-1.5));
#7855 = VECTOR('',#7856,1.);
#7856 = DIRECTION('',(1.,-0.,-0.));
#7857 = PCURVE('',#6735,#7858);
#7858 = DEFINITIONAL_REPRESENTATION('',(#7859),#7863);
#7859 = LINE('',#7860,#7861);
#7860 = CARTESIAN_POINT('',(-7.771718615901,-3.));
#7861 = VECTOR('',#7862,1.);
#7862 = DIRECTION('',(-1.,0.));
#7863 = ( GEOMETRIC_REPRESENTATION_CONTEXT(2) 
PARAMETRIC_REPRESENTATION_CONTEXT() REPRESENTATION_CONTEXT('2D SPACE',''
  ) );
#7864 = PCURVE('',#7394,#7865);
#7865 = DEFINITIONAL_REPRESENTATION('',(#7866),#7870);
#7866 = LINE('',#7867,#7868);
#7867 = CARTESIAN_POINT('',(-2.841864095445,-62.23057638522));
#7868 = VECTOR('',#7869,1.);
#7869 = DIRECTION('',(1.,-0.));
#7870 = ( GEOMETRIC_REPRESENTATION_CONTEXT(2) 
PARAMETRIC_REPRESENTATION_CONTEXT() REPRESENTATION_CONTEXT('2D SPACE',''
  ) );
#7871 = ORIENTED_EDGE('',*,*,#7872,.T.);
#7872 = EDGE_CURVE('',#7850,#6692,#7873,.T.);
#7873 = SURFACE_CURVE('',#7874,(#7878,#7885),.PCURVE_S1.);
#7874 = LINE('',#7875,#7876);
#7875 = CARTESIAN_POINT('',(-10.61358271134,-62.23057638522,-4.5));
#7876 = VECTOR('',#7877,1.);
#7877 = DIRECTION('',(-0.,-0.,1.));
#7878 = PCURVE('',#6735,#7879);
#7879 = DEFINITIONAL_REPRESENTATION('',(#7880),#7884);
#7880 = LINE('',#7881,#7882);
#7881 = CARTESIAN_POINT('',(-0.,0.));
#7882 = VECTOR('',#7883,1.);
#7883 = DIRECTION('',(-0.,-1.));
#7884 = ( GEOMETRIC_REPRESENTATION_CONTEXT(2) 
PARAMETRIC_REPRESENTATION_CONTEXT() REPRESENTATION_CONTEXT('2D SPACE',''
  ) );
#7885 = PCURVE('',#6707,#7886);
#7886 = DEFINITIONAL_REPRESENTATION('',(#7887),#7891);
#7887 = LINE('',#7888,#7889);
#7888 = CARTESIAN_POINT('',(-7.282478516605E-15,0.));
#7889 = VECTOR('',#7890,1.);
#7890 = DIRECTION('',(-0.,-1.));
#7891 = ( GEOMETRIC_REPRESENTATION_CONTEXT(2) 
PARAMETRIC_REPRESENTATION_CONTEXT() REPRESENTATION_CONTEXT('2D SPACE',''
  ) );
#7892 = ORIENTED_EDGE('',*,*,#6719,.T.);
#7893 = ORIENTED_EDGE('',*,*,#7823,.F.);
#7894 = ADVANCED_FACE('',(#7895),#6707,.T.);
#7895 = FACE_BOUND('',#7896,.F.);
#7896 = EDGE_LOOP('',(#7897,#7920,#7921,#7922));
#7897 = ORIENTED_EDGE('',*,*,#7898,.F.);
#7898 = EDGE_CURVE('',#7850,#7899,#7901,.T.);
#7899 = VERTEX_POINT('',#7900);
#7900 = CARTESIAN_POINT('',(-12.73548092196,-46.98687911976,-1.5));
#7901 = SURFACE_CURVE('',#7902,(#7906,#7913),.PCURVE_S1.);
#7902 = LINE('',#7903,#7904);
#7903 = CARTESIAN_POINT('',(-15.3957229975,-27.87572447086,-1.5));
#7904 = VECTOR('',#7905,1.);
#7905 = DIRECTION('',(-0.137869115027,0.990450456672,-0.));
#7906 = PCURVE('',#6707,#7907);
#7907 = DEFINITIONAL_REPRESENTATION('',(#7908),#7912);
#7908 = LINE('',#7909,#7910);
#7909 = CARTESIAN_POINT('',(-34.68608821666,-3.));
#7910 = VECTOR('',#7911,1.);
#7911 = DIRECTION('',(-1.,0.));
#7912 = ( GEOMETRIC_REPRESENTATION_CONTEXT(2) 
PARAMETRIC_REPRESENTATION_CONTEXT() REPRESENTATION_CONTEXT('2D SPACE',''
  ) );
#7913 = PCURVE('',#7394,#7914);
#7914 = DEFINITIONAL_REPRESENTATION('',(#7915),#7919);
#7915 = LINE('',#7916,#7917);
#7916 = CARTESIAN_POINT('',(-15.3957229975,-27.87572447086));
#7917 = VECTOR('',#7918,1.);
#7918 = DIRECTION('',(-0.137869115027,0.990450456672));
#7919 = ( GEOMETRIC_REPRESENTATION_CONTEXT(2) 
PARAMETRIC_REPRESENTATION_CONTEXT() REPRESENTATION_CONTEXT('2D SPACE',''
  ) );
#7920 = ORIENTED_EDGE('',*,*,#7872,.T.);
#7921 = ORIENTED_EDGE('',*,*,#6691,.T.);
#7922 = ORIENTED_EDGE('',*,*,#7923,.F.);
#7923 = EDGE_CURVE('',#7899,#6664,#7924,.T.);
#7924 = SURFACE_CURVE('',#7925,(#7929,#7936),.PCURVE_S1.);
#7925 = LINE('',#7926,#7927);
#7926 = CARTESIAN_POINT('',(-12.73548092196,-46.98687911976,-4.5));
#7927 = VECTOR('',#7928,1.);
#7928 = DIRECTION('',(-0.,-0.,1.));
#7929 = PCURVE('',#6707,#7930);
#7930 = DEFINITIONAL_REPRESENTATION('',(#7931),#7935);
#7931 = LINE('',#7932,#7933);
#7932 = CARTESIAN_POINT('',(-15.39067114641,0.));
#7933 = VECTOR('',#7934,1.);
#7934 = DIRECTION('',(-0.,-1.));
#7935 = ( GEOMETRIC_REPRESENTATION_CONTEXT(2) 
PARAMETRIC_REPRESENTATION_CONTEXT() REPRESENTATION_CONTEXT('2D SPACE',''
  ) );
#7936 = PCURVE('',#6679,#7937);
#7937 = DEFINITIONAL_REPRESENTATION('',(#7938),#7942);
#7938 = LINE('',#7939,#7940);
#7939 = CARTESIAN_POINT('',(-1.199669739721,0.));
#7940 = VECTOR('',#7941,1.);
#7941 = DIRECTION('',(-0.,-1.));
#7942 = ( GEOMETRIC_REPRESENTATION_CONTEXT(2) 
PARAMETRIC_REPRESENTATION_CONTEXT() REPRESENTATION_CONTEXT('2D SPACE',''
  ) );
#7943 = ADVANCED_FACE('',(#7944),#6679,.F.);
#7944 = FACE_BOUND('',#7945,.T.);
#7945 = EDGE_LOOP('',(#7946,#7969,#7990,#7991));
#7946 = ORIENTED_EDGE('',*,*,#7947,.F.);
#7947 = EDGE_CURVE('',#7948,#7899,#7950,.T.);
#7948 = VERTEX_POINT('',#7949);
#7949 = CARTESIAN_POINT('',(-13.34162651812,-45.95160379374,-1.5));
#7950 = SURFACE_CURVE('',#7951,(#7955,#7962),.PCURVE_S1.);
#7951 = LINE('',#7952,#7953);
#7952 = CARTESIAN_POINT('',(-21.57866817308,-31.8830268068,-1.5));
#7953 = VECTOR('',#7954,1.);
#7954 = DIRECTION('',(0.505260386325,-0.862966941436,0.));
#7955 = PCURVE('',#6679,#7956);
#7956 = DEFINITIONAL_REPRESENTATION('',(#7957),#7961);
#7957 = LINE('',#7958,#7959);
#7958 = CARTESIAN_POINT('',(16.302567701538,-3.));
#7959 = VECTOR('',#7960,1.);
#7960 = DIRECTION('',(-1.,0.));
#7961 = ( GEOMETRIC_REPRESENTATION_CONTEXT(2) 
PARAMETRIC_REPRESENTATION_CONTEXT() REPRESENTATION_CONTEXT('2D SPACE',''
  ) );
#7962 = PCURVE('',#7394,#7963);
#7963 = DEFINITIONAL_REPRESENTATION('',(#7964),#7968);
#7964 = LINE('',#7965,#7966);
#7965 = CARTESIAN_POINT('',(-21.57866817308,-31.8830268068));
#7966 = VECTOR('',#7967,1.);
#7967 = DIRECTION('',(0.505260386325,-0.862966941436));
#7968 = ( GEOMETRIC_REPRESENTATION_CONTEXT(2) 
PARAMETRIC_REPRESENTATION_CONTEXT() REPRESENTATION_CONTEXT('2D SPACE',''
  ) );
#7969 = ORIENTED_EDGE('',*,*,#7970,.T.);
#7970 = EDGE_CURVE('',#7948,#6636,#7971,.T.);
#7971 = SURFACE_CURVE('',#7972,(#7976,#7983),.PCURVE_S1.);
#7972 = LINE('',#7973,#7974);
#7973 = CARTESIAN_POINT('',(-13.34162651812,-45.95160379374,-4.5));
#7974 = VECTOR('',#7975,1.);
#7975 = DIRECTION('',(-0.,-0.,1.));
#7976 = PCURVE('',#6679,#7977);
#7977 = DEFINITIONAL_REPRESENTATION('',(#7978),#7982);
#7978 = LINE('',#7979,#7980);
#7979 = CARTESIAN_POINT('',(-0.,-0.));
#7980 = VECTOR('',#7981,1.);
#7981 = DIRECTION('',(-0.,-1.));
#7982 = ( GEOMETRIC_REPRESENTATION_CONTEXT(2) 
PARAMETRIC_REPRESENTATION_CONTEXT() REPRESENTATION_CONTEXT('2D SPACE',''
  ) );
#7983 = PCURVE('',#6651,#7984);
#7984 = DEFINITIONAL_REPRESENTATION('',(#7985),#7989);
#7985 = LINE('',#7986,#7987);
#7986 = CARTESIAN_POINT('',(-40.00740553302,0.));
#7987 = VECTOR('',#7988,1.);
#7988 = DIRECTION('',(-0.,-1.));
#7989 = ( GEOMETRIC_REPRESENTATION_CONTEXT(2) 
PARAMETRIC_REPRESENTATION_CONTEXT() REPRESENTATION_CONTEXT('2D SPACE',''
  ) );
#7990 = ORIENTED_EDGE('',*,*,#6663,.T.);
#7991 = ORIENTED_EDGE('',*,*,#7923,.F.);
#7992 = ADVANCED_FACE('',(#7993),#6651,.F.);
#7993 = FACE_BOUND('',#7994,.T.);
#7994 = EDGE_LOOP('',(#7995,#8018,#8039,#8040));
#7995 = ORIENTED_EDGE('',*,*,#7996,.F.);
#7996 = EDGE_CURVE('',#7997,#7948,#7999,.T.);
#7997 = VERTEX_POINT('',#7998);
#7998 = CARTESIAN_POINT('',(-53.34903205114,-45.95160379374,-1.5));
#7999 = SURFACE_CURVE('',#8000,(#8004,#8011),.PCURVE_S1.);
#8000 = LINE('',#8001,#8002);
#8001 = CARTESIAN_POINT('',(-23.45827607429,-45.95160379374,-1.5));
#8002 = VECTOR('',#8003,1.);
#8003 = DIRECTION('',(1.,-0.,-0.));
#8004 = PCURVE('',#6651,#8005);
#8005 = DEFINITIONAL_REPRESENTATION('',(#8006),#8010);
#8006 = LINE('',#8007,#8008);
#8007 = CARTESIAN_POINT('',(-29.89075597684,-3.));
#8008 = VECTOR('',#8009,1.);
#8009 = DIRECTION('',(-1.,0.));
#8010 = ( GEOMETRIC_REPRESENTATION_CONTEXT(2) 
PARAMETRIC_REPRESENTATION_CONTEXT() REPRESENTATION_CONTEXT('2D SPACE',''
  ) );
#8011 = PCURVE('',#7394,#8012);
#8012 = DEFINITIONAL_REPRESENTATION('',(#8013),#8017);
#8013 = LINE('',#8014,#8015);
#8014 = CARTESIAN_POINT('',(-23.45827607429,-45.95160379374));
#8015 = VECTOR('',#8016,1.);
#8016 = DIRECTION('',(1.,-0.));
#8017 = ( GEOMETRIC_REPRESENTATION_CONTEXT(2) 
PARAMETRIC_REPRESENTATION_CONTEXT() REPRESENTATION_CONTEXT('2D SPACE',''
  ) );
#8018 = ORIENTED_EDGE('',*,*,#8019,.T.);
#8019 = EDGE_CURVE('',#7997,#6608,#8020,.T.);
#8020 = SURFACE_CURVE('',#8021,(#8025,#8032),.PCURVE_S1.);
#8021 = LINE('',#8022,#8023);
#8022 = CARTESIAN_POINT('',(-53.34903205114,-45.95160379374,-4.5));
#8023 = VECTOR('',#8024,1.);
#8024 = DIRECTION('',(-0.,-0.,1.));
#8025 = PCURVE('',#6651,#8026);
#8026 = DEFINITIONAL_REPRESENTATION('',(#8027),#8031);
#8027 = LINE('',#8028,#8029);
#8028 = CARTESIAN_POINT('',(-0.,0.));
#8029 = VECTOR('',#8030,1.);
#8030 = DIRECTION('',(-0.,-1.));
#8031 = ( GEOMETRIC_REPRESENTATION_CONTEXT(2) 
PARAMETRIC_REPRESENTATION_CONTEXT() REPRESENTATION_CONTEXT('2D SPACE',''
  ) );
#8032 = PCURVE('',#6623,#8033);
#8033 = DEFINITIONAL_REPRESENTATION('',(#8034),#8038);
#8034 = LINE('',#8035,#8036);
#8035 = CARTESIAN_POINT('',(-7.133991119301,0.));
#8036 = VECTOR('',#8037,1.);
#8037 = DIRECTION('',(-0.,-1.));
#8038 = ( GEOMETRIC_REPRESENTATION_CONTEXT(2) 
PARAMETRIC_REPRESENTATION_CONTEXT() REPRESENTATION_CONTEXT('2D SPACE',''
  ) );
#8039 = ORIENTED_EDGE('',*,*,#6635,.T.);
#8040 = ORIENTED_EDGE('',*,*,#7970,.F.);
#8041 = ADVANCED_FACE('',(#8042),#6623,.F.);
#8042 = FACE_BOUND('',#8043,.T.);
#8043 = EDGE_LOOP('',(#8044,#8067,#8088,#8089));
#8044 = ORIENTED_EDGE('',*,*,#8045,.F.);
#8045 = EDGE_CURVE('',#8046,#7997,#8048,.T.);
#8046 = VERTEX_POINT('',#8047);
#8047 = CARTESIAN_POINT('',(-57.94328028304,-40.49388334708,-1.5));
#8048 = SURFACE_CURVE('',#8049,(#8053,#8060),.PCURVE_S1.);
#8049 = LINE('',#8050,#8051);
#8050 = CARTESIAN_POINT('',(-55.26130968633,-43.67992054493,-1.5));
#8051 = VECTOR('',#8052,1.);
#8052 = DIRECTION('',(0.643994105835,-0.765030451453,0.));
#8053 = PCURVE('',#6623,#8054);
#8054 = DEFINITIONAL_REPRESENTATION('',(#8055),#8059);
#8055 = LINE('',#8056,#8057);
#8056 = CARTESIAN_POINT('',(-4.164588732118,-3.));
#8057 = VECTOR('',#8058,1.);
#8058 = DIRECTION('',(-1.,0.));
#8059 = ( GEOMETRIC_REPRESENTATION_CONTEXT(2) 
PARAMETRIC_REPRESENTATION_CONTEXT() REPRESENTATION_CONTEXT('2D SPACE',''
  ) );
#8060 = PCURVE('',#7394,#8061);
#8061 = DEFINITIONAL_REPRESENTATION('',(#8062),#8066);
#8062 = LINE('',#8063,#8064);
#8063 = CARTESIAN_POINT('',(-55.26130968633,-43.67992054493));
#8064 = VECTOR('',#8065,1.);
#8065 = DIRECTION('',(0.643994105835,-0.765030451453));
#8066 = ( GEOMETRIC_REPRESENTATION_CONTEXT(2) 
PARAMETRIC_REPRESENTATION_CONTEXT() REPRESENTATION_CONTEXT('2D SPACE',''
  ) );
#8067 = ORIENTED_EDGE('',*,*,#8068,.T.);
#8068 = EDGE_CURVE('',#8046,#6580,#8069,.T.);
#8069 = SURFACE_CURVE('',#8070,(#8074,#8081),.PCURVE_S1.);
#8070 = LINE('',#8071,#8072);
#8071 = CARTESIAN_POINT('',(-57.94328028304,-40.49388334708,-4.5));
#8072 = VECTOR('',#8073,1.);
#8073 = DIRECTION('',(-0.,-0.,1.));
#8074 = PCURVE('',#6623,#8075);
#8075 = DEFINITIONAL_REPRESENTATION('',(#8076),#8080);
#8076 = LINE('',#8077,#8078);
#8077 = CARTESIAN_POINT('',(-1.544758993603E-14,0.));
#8078 = VECTOR('',#8079,1.);
#8079 = DIRECTION('',(-0.,-1.));
#8080 = ( GEOMETRIC_REPRESENTATION_CONTEXT(2) 
PARAMETRIC_REPRESENTATION_CONTEXT() REPRESENTATION_CONTEXT('2D SPACE',''
  ) );
#8081 = PCURVE('',#6595,#8082);
#8082 = DEFINITIONAL_REPRESENTATION('',(#8083),#8087);
#8083 = LINE('',#8084,#8085);
#8084 = CARTESIAN_POINT('',(-0.817151005454,0.));
#8085 = VECTOR('',#8086,1.);
#8086 = DIRECTION('',(-0.,-1.));
#8087 = ( GEOMETRIC_REPRESENTATION_CONTEXT(2) 
PARAMETRIC_REPRESENTATION_CONTEXT() REPRESENTATION_CONTEXT('2D SPACE',''
  ) );
#8088 = ORIENTED_EDGE('',*,*,#6607,.T.);
#8089 = ORIENTED_EDGE('',*,*,#8019,.F.);
#8090 = ADVANCED_FACE('',(#8091),#6595,.F.);
#8091 = FACE_BOUND('',#8092,.T.);
#8092 = EDGE_LOOP('',(#8093,#8116,#8137,#8138));
#8093 = ORIENTED_EDGE('',*,*,#8094,.F.);
#8094 = EDGE_CURVE('',#8095,#8046,#8097,.T.);
#8095 = VERTEX_POINT('',#8096);
#8096 = CARTESIAN_POINT('',(-57.92791049955,-39.67687689945,-1.5));
#8097 = SURFACE_CURVE('',#8098,(#8102,#8109),.PCURVE_S1.);
#8098 = LINE('',#8099,#8100);
#8099 = CARTESIAN_POINT('',(-57.46615163388,-15.13131510962,-1.5));
#8100 = VECTOR('',#8101,1.);
#8101 = DIRECTION('',(-1.880898804938E-02,-0.999823095337,-0.));
#8102 = PCURVE('',#6595,#8103);
#8103 = DEFINITIONAL_REPRESENTATION('',(#8104),#8108);
#8104 = LINE('',#8105,#8106);
#8105 = CARTESIAN_POINT('',(24.549904782477,-3.));
#8106 = VECTOR('',#8107,1.);
#8107 = DIRECTION('',(-1.,0.));
#8108 = ( GEOMETRIC_REPRESENTATION_CONTEXT(2) 
PARAMETRIC_REPRESENTATION_CONTEXT() REPRESENTATION_CONTEXT('2D SPACE',''
  ) );
#8109 = PCURVE('',#7394,#8110);
#8110 = DEFINITIONAL_REPRESENTATION('',(#8111),#8115);
#8111 = LINE('',#8112,#8113);
#8112 = CARTESIAN_POINT('',(-57.46615163388,-15.13131510962));
#8113 = VECTOR('',#8114,1.);
#8114 = DIRECTION('',(-1.880898804938E-02,-0.999823095337));
#8115 = ( GEOMETRIC_REPRESENTATION_CONTEXT(2) 
PARAMETRIC_REPRESENTATION_CONTEXT() REPRESENTATION_CONTEXT('2D SPACE',''
  ) );
#8116 = ORIENTED_EDGE('',*,*,#8117,.T.);
#8117 = EDGE_CURVE('',#8095,#6552,#8118,.T.);
#8118 = SURFACE_CURVE('',#8119,(#8123,#8130),.PCURVE_S1.);
#8119 = LINE('',#8120,#8121);
#8120 = CARTESIAN_POINT('',(-57.92791049955,-39.67687689945,-4.5));
#8121 = VECTOR('',#8122,1.);
#8122 = DIRECTION('',(-0.,-0.,1.));
#8123 = PCURVE('',#6595,#8124);
#8124 = DEFINITIONAL_REPRESENTATION('',(#8125),#8129);
#8125 = LINE('',#8126,#8127);
#8126 = CARTESIAN_POINT('',(-0.,-0.));
#8127 = VECTOR('',#8128,1.);
#8128 = DIRECTION('',(-0.,-1.));
#8129 = ( GEOMETRIC_REPRESENTATION_CONTEXT(2) 
PARAMETRIC_REPRESENTATION_CONTEXT() REPRESENTATION_CONTEXT('2D SPACE',''
  ) );
#8130 = PCURVE('',#6567,#8131);
#8131 = DEFINITIONAL_REPRESENTATION('',(#8132),#8136);
#8132 = LINE('',#8133,#8134);
#8133 = CARTESIAN_POINT('',(-3.398503360072,0.));
#8134 = VECTOR('',#8135,1.);
#8135 = DIRECTION('',(-0.,-1.));
#8136 = ( GEOMETRIC_REPRESENTATION_CONTEXT(2) 
PARAMETRIC_REPRESENTATION_CONTEXT() REPRESENTATION_CONTEXT('2D SPACE',''
  ) );
#8137 = ORIENTED_EDGE('',*,*,#6579,.T.);
#8138 = ORIENTED_EDGE('',*,*,#8068,.F.);
#8139 = ADVANCED_FACE('',(#8140),#6567,.F.);
#8140 = FACE_BOUND('',#8141,.T.);
#8141 = EDGE_LOOP('',(#8142,#8165,#8186,#8187));
#8142 = ORIENTED_EDGE('',*,*,#8143,.F.);
#8143 = EDGE_CURVE('',#8144,#8095,#8146,.T.);
#8144 = VERTEX_POINT('',#8145);
#8145 = CARTESIAN_POINT('',(-57.64152173689,-36.29046189756,-1.5));
#8146 = SURFACE_CURVE('',#8147,(#8151,#8158),.PCURVE_S1.);
#8147 = LINE('',#8148,#8149);
#8148 = CARTESIAN_POINT('',(-55.79597543191,-14.46772822627,-1.5));
#8149 = VECTOR('',#8150,1.);
#8150 = DIRECTION('',(-8.426908327368E-02,-0.996443034801,-0.));
#8151 = PCURVE('',#6567,#8152);
#8152 = DEFINITIONAL_REPRESENTATION('',(#8153),#8157);
#8153 = LINE('',#8154,#8155);
#8154 = CARTESIAN_POINT('',(21.900633462343,-3.));
#8155 = VECTOR('',#8156,1.);
#8156 = DIRECTION('',(-1.,0.));
#8157 = ( GEOMETRIC_REPRESENTATION_CONTEXT(2) 
PARAMETRIC_REPRESENTATION_CONTEXT() REPRESENTATION_CONTEXT('2D SPACE',''
  ) );
#8158 = PCURVE('',#7394,#8159);
#8159 = DEFINITIONAL_REPRESENTATION('',(#8160),#8164);
#8160 = LINE('',#8161,#8162);
#8161 = CARTESIAN_POINT('',(-55.79597543191,-14.46772822627));
#8162 = VECTOR('',#8163,1.);
#8163 = DIRECTION('',(-8.426908327368E-02,-0.996443034801));
#8164 = ( GEOMETRIC_REPRESENTATION_CONTEXT(2) 
PARAMETRIC_REPRESENTATION_CONTEXT() REPRESENTATION_CONTEXT('2D SPACE',''
  ) );
#8165 = ORIENTED_EDGE('',*,*,#8166,.T.);
#8166 = EDGE_CURVE('',#8144,#6519,#8167,.T.);
#8167 = SURFACE_CURVE('',#8168,(#8172,#8179),.PCURVE_S1.);
#8168 = LINE('',#8169,#8170);
#8169 = CARTESIAN_POINT('',(-57.64152173689,-36.29046189756,-4.5));
#8170 = VECTOR('',#8171,1.);
#8171 = DIRECTION('',(-0.,-0.,1.));
#8172 = PCURVE('',#6567,#8173);
#8173 = DEFINITIONAL_REPRESENTATION('',(#8174),#8178);
#8174 = LINE('',#8175,#8176);
#8175 = CARTESIAN_POINT('',(-0.,-4.440892098501E-15));
#8176 = VECTOR('',#8177,1.);
#8177 = DIRECTION('',(-0.,-1.));
#8178 = ( GEOMETRIC_REPRESENTATION_CONTEXT(2) 
PARAMETRIC_REPRESENTATION_CONTEXT() REPRESENTATION_CONTEXT('2D SPACE',''
  ) );
#8179 = PCURVE('',#6539,#8180);
#8180 = DEFINITIONAL_REPRESENTATION('',(#8181),#8185);
#8181 = LINE('',#8182,#8183);
#8182 = CARTESIAN_POINT('',(4.529136420464,0.));
#8183 = VECTOR('',#8184,1.);
#8184 = DIRECTION('',(0.,-1.));
#8185 = ( GEOMETRIC_REPRESENTATION_CONTEXT(2) 
PARAMETRIC_REPRESENTATION_CONTEXT() REPRESENTATION_CONTEXT('2D SPACE',''
  ) );
#8186 = ORIENTED_EDGE('',*,*,#6551,.T.);
#8187 = ORIENTED_EDGE('',*,*,#8117,.F.);
#8188 = ADVANCED_FACE('',(#8189),#6539,.T.);
#8189 = FACE_BOUND('',#8190,.T.);
#8190 = EDGE_LOOP('',(#8191,#8219,#8240,#8241));
#8191 = ORIENTED_EDGE('',*,*,#8192,.F.);
#8192 = EDGE_CURVE('',#8193,#8144,#8195,.T.);
#8193 = VERTEX_POINT('',#8194);
#8194 = CARTESIAN_POINT('',(-57.04825598824,-29.27536810442,-1.5));
#8195 = SURFACE_CURVE('',#8196,(#8201,#8208),.PCURVE_S1.);
#8196 = CIRCLE('',#8197,3.649998333333);
#8197 = AXIS2_PLACEMENT_3D('',#8198,#8199,#8200);
#8198 = CARTESIAN_POINT('',(-58.30665593763,-32.70157846001,-1.5));
#8199 = DIRECTION('',(0.,0.,-1.));
#8200 = DIRECTION('',(-1.,-0.,-0.));
#8201 = PCURVE('',#6539,#8202);
#8202 = DEFINITIONAL_REPRESENTATION('',(#8203),#8207);
#8203 = LINE('',#8204,#8205);
#8204 = CARTESIAN_POINT('',(0.,-3.));
#8205 = VECTOR('',#8206,1.);
#8206 = DIRECTION('',(1.,0.));
#8207 = ( GEOMETRIC_REPRESENTATION_CONTEXT(2) 
PARAMETRIC_REPRESENTATION_CONTEXT() REPRESENTATION_CONTEXT('2D SPACE',''
  ) );
#8208 = PCURVE('',#7394,#8209);
#8209 = DEFINITIONAL_REPRESENTATION('',(#8210),#8218);
#8210 = ( BOUNDED_CURVE() B_SPLINE_CURVE(2,(#8211,#8212,#8213,#8214,
#8215,#8216,#8217),.UNSPECIFIED.,.T.,.F.) B_SPLINE_CURVE_WITH_KNOTS((1,2
    ,2,2,2,1),(-2.094395102393,0.,2.094395102393,4.188790204786,
6.28318530718,8.377580409573),.UNSPECIFIED.) CURVE() 
GEOMETRIC_REPRESENTATION_ITEM() RATIONAL_B_SPLINE_CURVE((1.,0.5,1.,0.5,
1.,0.5,1.)) REPRESENTATION_ITEM('') );
#8211 = CARTESIAN_POINT('',(-61.95665427096,-32.70157846001));
#8212 = CARTESIAN_POINT('',(-61.95665427096,-26.37959589913));
#8213 = CARTESIAN_POINT('',(-56.48165677096,-29.54058717957));
#8214 = CARTESIAN_POINT('',(-51.00665927096,-32.70157846001));
#8215 = CARTESIAN_POINT('',(-56.48165677096,-35.86256974045));
#8216 = CARTESIAN_POINT('',(-61.95665427096,-39.02356102088));
#8217 = CARTESIAN_POINT('',(-61.95665427096,-32.70157846001));
#8218 = ( GEOMETRIC_REPRESENTATION_CONTEXT(2) 
PARAMETRIC_REPRESENTATION_CONTEXT() REPRESENTATION_CONTEXT('2D SPACE',''
  ) );
#8219 = ORIENTED_EDGE('',*,*,#8220,.T.);
#8220 = EDGE_CURVE('',#8193,#6491,#8221,.T.);
#8221 = SURFACE_CURVE('',#8222,(#8226,#8233),.PCURVE_S1.);
#8222 = LINE('',#8223,#8224);
#8223 = CARTESIAN_POINT('',(-57.04825598824,-29.27536810442,-4.5));
#8224 = VECTOR('',#8225,1.);
#8225 = DIRECTION('',(-0.,-0.,1.));
#8226 = PCURVE('',#6539,#8227);
#8227 = DEFINITIONAL_REPRESENTATION('',(#8228),#8232);
#8228 = LINE('',#8229,#8230);
#8229 = CARTESIAN_POINT('',(1.922787166141,0.));
#8230 = VECTOR('',#8231,1.);
#8231 = DIRECTION('',(0.,-1.));
#8232 = ( GEOMETRIC_REPRESENTATION_CONTEXT(2) 
PARAMETRIC_REPRESENTATION_CONTEXT() REPRESENTATION_CONTEXT('2D SPACE',''
  ) );
#8233 = PCURVE('',#6506,#8234);
#8234 = DEFINITIONAL_REPRESENTATION('',(#8235),#8239);
#8235 = LINE('',#8236,#8237);
#8236 = CARTESIAN_POINT('',(-6.606760227484,1.7763568394E-15));
#8237 = VECTOR('',#8238,1.);
#8238 = DIRECTION('',(-0.,-1.));
#8239 = ( GEOMETRIC_REPRESENTATION_CONTEXT(2) 
PARAMETRIC_REPRESENTATION_CONTEXT() REPRESENTATION_CONTEXT('2D SPACE',''
  ) );
#8240 = ORIENTED_EDGE('',*,*,#6518,.T.);
#8241 = ORIENTED_EDGE('',*,*,#8166,.F.);
#8242 = ADVANCED_FACE('',(#8243),#6506,.F.);
#8243 = FACE_BOUND('',#8244,.T.);
#8244 = EDGE_LOOP('',(#8245,#8268,#8289,#8290));
#8245 = ORIENTED_EDGE('',*,*,#8246,.F.);
#8246 = EDGE_CURVE('',#8247,#8193,#8249,.T.);
#8247 = VERTEX_POINT('',#8248);
#8248 = CARTESIAN_POINT('',(-56.49151036046,-22.69210789315,-1.5));
#8249 = SURFACE_CURVE('',#8250,(#8254,#8261),.PCURVE_S1.);
#8250 = LINE('',#8251,#8252);
#8251 = CARTESIAN_POINT('',(-55.79597543191,-14.46772822627,-1.5));
#8252 = VECTOR('',#8253,1.);
#8253 = DIRECTION('',(-8.426908327368E-02,-0.996443034801,-0.));
#8254 = PCURVE('',#6506,#8255);
#8255 = DEFINITIONAL_REPRESENTATION('',(#8256),#8260);
#8256 = LINE('',#8257,#8258);
#8257 = CARTESIAN_POINT('',(8.253737925433,-3.));
#8258 = VECTOR('',#8259,1.);
#8259 = DIRECTION('',(-1.,0.));
#8260 = ( GEOMETRIC_REPRESENTATION_CONTEXT(2) 
PARAMETRIC_REPRESENTATION_CONTEXT() REPRESENTATION_CONTEXT('2D SPACE',''
  ) );
#8261 = PCURVE('',#7394,#8262);
#8262 = DEFINITIONAL_REPRESENTATION('',(#8263),#8267);
#8263 = LINE('',#8264,#8265);
#8264 = CARTESIAN_POINT('',(-55.79597543191,-14.46772822627));
#8265 = VECTOR('',#8266,1.);
#8266 = DIRECTION('',(-8.426908327368E-02,-0.996443034801));
#8267 = ( GEOMETRIC_REPRESENTATION_CONTEXT(2) 
PARAMETRIC_REPRESENTATION_CONTEXT() REPRESENTATION_CONTEXT('2D SPACE',''
  ) );
#8268 = ORIENTED_EDGE('',*,*,#8269,.T.);
#8269 = EDGE_CURVE('',#8247,#6463,#8270,.T.);
#8270 = SURFACE_CURVE('',#8271,(#8275,#8282),.PCURVE_S1.);
#8271 = LINE('',#8272,#8273);
#8272 = CARTESIAN_POINT('',(-56.49151036046,-22.69210789315,-4.5));
#8273 = VECTOR('',#8274,1.);
#8274 = DIRECTION('',(-0.,-0.,1.));
#8275 = PCURVE('',#6506,#8276);
#8276 = DEFINITIONAL_REPRESENTATION('',(#8277),#8281);
#8277 = LINE('',#8278,#8279);
#8278 = CARTESIAN_POINT('',(-0.,-0.));
#8279 = VECTOR('',#8280,1.);
#8280 = DIRECTION('',(-0.,-1.));
#8281 = ( GEOMETRIC_REPRESENTATION_CONTEXT(2) 
PARAMETRIC_REPRESENTATION_CONTEXT() REPRESENTATION_CONTEXT('2D SPACE',''
  ) );
#8282 = PCURVE('',#6478,#8283);
#8283 = DEFINITIONAL_REPRESENTATION('',(#8284),#8288);
#8284 = LINE('',#8285,#8286);
#8285 = CARTESIAN_POINT('',(-7.649164587486,0.));
#8286 = VECTOR('',#8287,1.);
#8287 = DIRECTION('',(-0.,-1.));
#8288 = ( GEOMETRIC_REPRESENTATION_CONTEXT(2) 
PARAMETRIC_REPRESENTATION_CONTEXT() REPRESENTATION_CONTEXT('2D SPACE',''
  ) );
#8289 = ORIENTED_EDGE('',*,*,#6490,.T.);
#8290 = ORIENTED_EDGE('',*,*,#8220,.F.);
#8291 = ADVANCED_FACE('',(#8292),#6478,.F.);
#8292 = FACE_BOUND('',#8293,.T.);
#8293 = EDGE_LOOP('',(#8294,#8317,#8338,#8339));
#8294 = ORIENTED_EDGE('',*,*,#8295,.F.);
#8295 = EDGE_CURVE('',#8296,#8247,#8298,.T.);
#8296 = VERTEX_POINT('',#8297);
#8297 = CARTESIAN_POINT('',(-56.16302012329,-15.05,-1.5));
#8298 = SURFACE_CURVE('',#8299,(#8303,#8310),.PCURVE_S1.);
#8299 = LINE('',#8300,#8301);
#8300 = CARTESIAN_POINT('',(-55.81804422461,-7.024364106046,-1.5));
#8301 = VECTOR('',#8302,1.);
#8302 = DIRECTION('',(-4.294459001546E-02,-0.99907745555,-0.));
#8303 = PCURVE('',#6478,#8304);
#8304 = DEFINITIONAL_REPRESENTATION('',(#8305),#8309);
#8305 = LINE('',#8306,#8307);
#8306 = CARTESIAN_POINT('',(8.033046736637,-3.));
#8307 = VECTOR('',#8308,1.);
#8308 = DIRECTION('',(-1.,0.));
#8309 = ( GEOMETRIC_REPRESENTATION_CONTEXT(2) 
PARAMETRIC_REPRESENTATION_CONTEXT() REPRESENTATION_CONTEXT('2D SPACE',''
  ) );
#8310 = PCURVE('',#7394,#8311);
#8311 = DEFINITIONAL_REPRESENTATION('',(#8312),#8316);
#8312 = LINE('',#8313,#8314);
#8313 = CARTESIAN_POINT('',(-55.81804422461,-7.024364106046));
#8314 = VECTOR('',#8315,1.);
#8315 = DIRECTION('',(-4.294459001546E-02,-0.99907745555));
#8316 = ( GEOMETRIC_REPRESENTATION_CONTEXT(2) 
PARAMETRIC_REPRESENTATION_CONTEXT() REPRESENTATION_CONTEXT('2D SPACE',''
  ) );
#8317 = ORIENTED_EDGE('',*,*,#8318,.T.);
#8318 = EDGE_CURVE('',#8296,#6435,#8319,.T.);
#8319 = SURFACE_CURVE('',#8320,(#8324,#8331),.PCURVE_S1.);
#8320 = LINE('',#8321,#8322);
#8321 = CARTESIAN_POINT('',(-56.16302012329,-15.05,-4.5));
#8322 = VECTOR('',#8323,1.);
#8323 = DIRECTION('',(-0.,-0.,1.));
#8324 = PCURVE('',#6478,#8325);
#8325 = DEFINITIONAL_REPRESENTATION('',(#8326),#8330);
#8326 = LINE('',#8327,#8328);
#8327 = CARTESIAN_POINT('',(-0.,-0.));
#8328 = VECTOR('',#8329,1.);
#8329 = DIRECTION('',(-0.,-1.));
#8330 = ( GEOMETRIC_REPRESENTATION_CONTEXT(2) 
PARAMETRIC_REPRESENTATION_CONTEXT() REPRESENTATION_CONTEXT('2D SPACE',''
  ) );
#8331 = PCURVE('',#6450,#8332);
#8332 = DEFINITIONAL_REPRESENTATION('',(#8333),#8337);
#8333 = LINE('',#8334,#8335);
#8334 = CARTESIAN_POINT('',(-0.,0.));
#8335 = VECTOR('',#8336,1.);
#8336 = DIRECTION('',(-0.,-1.));
#8337 = ( GEOMETRIC_REPRESENTATION_CONTEXT(2) 
PARAMETRIC_REPRESENTATION_CONTEXT() REPRESENTATION_CONTEXT('2D SPACE',''
  ) );
#8338 = ORIENTED_EDGE('',*,*,#6462,.T.);
#8339 = ORIENTED_EDGE('',*,*,#8269,.F.);
#8340 = ADVANCED_FACE('',(#8341),#6450,.T.);
#8341 = FACE_BOUND('',#8342,.F.);
#8342 = EDGE_LOOP('',(#8343,#8366,#8367,#8368));
#8343 = ORIENTED_EDGE('',*,*,#8344,.F.);
#8344 = EDGE_CURVE('',#8296,#8345,#8347,.T.);
#8345 = VERTEX_POINT('',#8346);
#8346 = CARTESIAN_POINT('',(-56.16302012329,3.05,-1.5));
#8347 = SURFACE_CURVE('',#8348,(#8352,#8359),.PCURVE_S1.);
#8348 = LINE('',#8349,#8350);
#8349 = CARTESIAN_POINT('',(-56.16302012329,1.512460471925,-1.5));
#8350 = VECTOR('',#8351,1.);
#8351 = DIRECTION('',(5.695437686727E-15,1.,-0.));
#8352 = PCURVE('',#6450,#8353);
#8353 = DEFINITIONAL_REPRESENTATION('',(#8354),#8358);
#8354 = LINE('',#8355,#8356);
#8355 = CARTESIAN_POINT('',(-16.56246047192,-3.));
#8356 = VECTOR('',#8357,1.);
#8357 = DIRECTION('',(-1.,0.));
#8358 = ( GEOMETRIC_REPRESENTATION_CONTEXT(2) 
PARAMETRIC_REPRESENTATION_CONTEXT() REPRESENTATION_CONTEXT('2D SPACE',''
  ) );
#8359 = PCURVE('',#7394,#8360);
#8360 = DEFINITIONAL_REPRESENTATION('',(#8361),#8365);
#8361 = LINE('',#8362,#8363);
#8362 = CARTESIAN_POINT('',(-56.16302012329,1.512460471925));
#8363 = VECTOR('',#8364,1.);
#8364 = DIRECTION('',(5.695437686727E-15,1.));
#8365 = ( GEOMETRIC_REPRESENTATION_CONTEXT(2) 
PARAMETRIC_REPRESENTATION_CONTEXT() REPRESENTATION_CONTEXT('2D SPACE',''
  ) );
#8366 = ORIENTED_EDGE('',*,*,#8318,.T.);
#8367 = ORIENTED_EDGE('',*,*,#6434,.T.);
#8368 = ORIENTED_EDGE('',*,*,#8369,.F.);
#8369 = EDGE_CURVE('',#8345,#6407,#8370,.T.);
#8370 = SURFACE_CURVE('',#8371,(#8375,#8382),.PCURVE_S1.);
#8371 = LINE('',#8372,#8373);
#8372 = CARTESIAN_POINT('',(-56.16302012329,3.05,-4.5));
#8373 = VECTOR('',#8374,1.);
#8374 = DIRECTION('',(-0.,-0.,1.));
#8375 = PCURVE('',#6450,#8376);
#8376 = DEFINITIONAL_REPRESENTATION('',(#8377),#8381);
#8377 = LINE('',#8378,#8379);
#8378 = CARTESIAN_POINT('',(-18.1,0.));
#8379 = VECTOR('',#8380,1.);
#8380 = DIRECTION('',(-0.,-1.));
#8381 = ( GEOMETRIC_REPRESENTATION_CONTEXT(2) 
PARAMETRIC_REPRESENTATION_CONTEXT() REPRESENTATION_CONTEXT('2D SPACE',''
  ) );
#8382 = PCURVE('',#6422,#8383);
#8383 = DEFINITIONAL_REPRESENTATION('',(#8384),#8388);
#8384 = LINE('',#8385,#8386);
#8385 = CARTESIAN_POINT('',(-8.873590356285E-16,0.));
#8386 = VECTOR('',#8387,1.);
#8387 = DIRECTION('',(-0.,-1.));
#8388 = ( GEOMETRIC_REPRESENTATION_CONTEXT(2) 
PARAMETRIC_REPRESENTATION_CONTEXT() REPRESENTATION_CONTEXT('2D SPACE',''
  ) );
#8389 = ADVANCED_FACE('',(#8390),#6422,.T.);
#8390 = FACE_BOUND('',#8391,.F.);
#8391 = EDGE_LOOP('',(#8392,#8415,#8416,#8417));
#8392 = ORIENTED_EDGE('',*,*,#8393,.F.);
#8393 = EDGE_CURVE('',#8345,#8394,#8396,.T.);
#8394 = VERTEX_POINT('',#8395);
#8395 = CARTESIAN_POINT('',(-56.49151036046,10.69210789315,-1.5));
#8396 = SURFACE_CURVE('',#8397,(#8401,#8408),.PCURVE_S1.);
#8397 = LINE('',#8398,#8399);
#8398 = CARTESIAN_POINT('',(-56.10402993832,1.6776324007,-1.5));
#8399 = VECTOR('',#8400,1.);
#8400 = DIRECTION('',(-4.294459001546E-02,0.99907745555,-0.));
#8401 = PCURVE('',#6422,#8402);
#8402 = DEFINITIONAL_REPRESENTATION('',(#8403),#8407);
#8403 = LINE('',#8404,#8405);
#8404 = CARTESIAN_POINT('',(1.373634838496,-3.));
#8405 = VECTOR('',#8406,1.);
#8406 = DIRECTION('',(-1.,0.));
#8407 = ( GEOMETRIC_REPRESENTATION_CONTEXT(2) 
PARAMETRIC_REPRESENTATION_CONTEXT() REPRESENTATION_CONTEXT('2D SPACE',''
  ) );
#8408 = PCURVE('',#7394,#8409);
#8409 = DEFINITIONAL_REPRESENTATION('',(#8410),#8414);
#8410 = LINE('',#8411,#8412);
#8411 = CARTESIAN_POINT('',(-56.10402993832,1.6776324007));
#8412 = VECTOR('',#8413,1.);
#8413 = DIRECTION('',(-4.294459001546E-02,0.99907745555));
#8414 = ( GEOMETRIC_REPRESENTATION_CONTEXT(2) 
PARAMETRIC_REPRESENTATION_CONTEXT() REPRESENTATION_CONTEXT('2D SPACE',''
  ) );
#8415 = ORIENTED_EDGE('',*,*,#8369,.T.);
#8416 = ORIENTED_EDGE('',*,*,#6406,.T.);
#8417 = ORIENTED_EDGE('',*,*,#8418,.F.);
#8418 = EDGE_CURVE('',#8394,#6379,#8419,.T.);
#8419 = SURFACE_CURVE('',#8420,(#8424,#8431),.PCURVE_S1.);
#8420 = LINE('',#8421,#8422);
#8421 = CARTESIAN_POINT('',(-56.49151036046,10.69210789315,-4.5));
#8422 = VECTOR('',#8423,1.);
#8423 = DIRECTION('',(-0.,-0.,1.));
#8424 = PCURVE('',#6422,#8425);
#8425 = DEFINITIONAL_REPRESENTATION('',(#8426),#8430);
#8426 = LINE('',#8427,#8428);
#8427 = CARTESIAN_POINT('',(-7.649164587486,0.));
#8428 = VECTOR('',#8429,1.);
#8429 = DIRECTION('',(-0.,-1.));
#8430 = ( GEOMETRIC_REPRESENTATION_CONTEXT(2) 
PARAMETRIC_REPRESENTATION_CONTEXT() REPRESENTATION_CONTEXT('2D SPACE',''
  ) );
#8431 = PCURVE('',#6394,#8432);
#8432 = DEFINITIONAL_REPRESENTATION('',(#8433),#8437);
#8433 = LINE('',#8434,#8435);
#8434 = CARTESIAN_POINT('',(-0.,0.));
#8435 = VECTOR('',#8436,1.);
#8436 = DIRECTION('',(-0.,-1.));
#8437 = ( GEOMETRIC_REPRESENTATION_CONTEXT(2) 
PARAMETRIC_REPRESENTATION_CONTEXT() REPRESENTATION_CONTEXT('2D SPACE',''
  ) );
#8438 = ADVANCED_FACE('',(#8439),#6394,.T.);
#8439 = FACE_BOUND('',#8440,.F.);
#8440 = EDGE_LOOP('',(#8441,#8464,#8465,#8466));
#8441 = ORIENTED_EDGE('',*,*,#8442,.F.);
#8442 = EDGE_CURVE('',#8394,#8443,#8445,.T.);
#8443 = VERTEX_POINT('',#8444);
#8444 = CARTESIAN_POINT('',(-57.92791049955,27.676876899459,-1.5));
#8445 = SURFACE_CURVE('',#8446,(#8450,#8457),.PCURVE_S1.);
#8446 = LINE('',#8447,#8448);
#8447 = CARTESIAN_POINT('',(-56.53666041089,11.22598641097,-1.5));
#8448 = VECTOR('',#8449,1.);
#8449 = DIRECTION('',(-8.426908327393E-02,0.996443034801,-0.));
#8450 = PCURVE('',#6394,#8451);
#8451 = DEFINITIONAL_REPRESENTATION('',(#8452),#8456);
#8452 = LINE('',#8453,#8454);
#8453 = CARTESIAN_POINT('',(-0.535784283872,-3.));
#8454 = VECTOR('',#8455,1.);
#8455 = DIRECTION('',(-1.,0.));
#8456 = ( GEOMETRIC_REPRESENTATION_CONTEXT(2) 
PARAMETRIC_REPRESENTATION_CONTEXT() REPRESENTATION_CONTEXT('2D SPACE',''
  ) );
#8457 = PCURVE('',#7394,#8458);
#8458 = DEFINITIONAL_REPRESENTATION('',(#8459),#8463);
#8459 = LINE('',#8460,#8461);
#8460 = CARTESIAN_POINT('',(-56.53666041089,11.22598641097));
#8461 = VECTOR('',#8462,1.);
#8462 = DIRECTION('',(-8.426908327393E-02,0.996443034801));
#8463 = ( GEOMETRIC_REPRESENTATION_CONTEXT(2) 
PARAMETRIC_REPRESENTATION_CONTEXT() REPRESENTATION_CONTEXT('2D SPACE',''
  ) );
#8464 = ORIENTED_EDGE('',*,*,#8418,.T.);
#8465 = ORIENTED_EDGE('',*,*,#6378,.T.);
#8466 = ORIENTED_EDGE('',*,*,#8467,.F.);
#8467 = EDGE_CURVE('',#8443,#6351,#8468,.T.);
#8468 = SURFACE_CURVE('',#8469,(#8473,#8480),.PCURVE_S1.);
#8469 = LINE('',#8470,#8471);
#8470 = CARTESIAN_POINT('',(-57.92791049955,27.676876899459,-4.5));
#8471 = VECTOR('',#8472,1.);
#8472 = DIRECTION('',(-0.,-0.,1.));
#8473 = PCURVE('',#6394,#8474);
#8474 = DEFINITIONAL_REPRESENTATION('',(#8475),#8479);
#8475 = LINE('',#8476,#8477);
#8476 = CARTESIAN_POINT('',(-17.04539889698,0.));
#8477 = VECTOR('',#8478,1.);
#8478 = DIRECTION('',(-0.,-1.));
#8479 = ( GEOMETRIC_REPRESENTATION_CONTEXT(2) 
PARAMETRIC_REPRESENTATION_CONTEXT() REPRESENTATION_CONTEXT('2D SPACE',''
  ) );
#8480 = PCURVE('',#6366,#8481);
#8481 = DEFINITIONAL_REPRESENTATION('',(#8482),#8486);
#8482 = LINE('',#8483,#8484);
#8483 = CARTESIAN_POINT('',(-3.552085187183E-15,0.));
#8484 = VECTOR('',#8485,1.);
#8485 = DIRECTION('',(-0.,-1.));
#8486 = ( GEOMETRIC_REPRESENTATION_CONTEXT(2) 
PARAMETRIC_REPRESENTATION_CONTEXT() REPRESENTATION_CONTEXT('2D SPACE',''
  ) );
#8487 = ADVANCED_FACE('',(#8488),#6366,.T.);
#8488 = FACE_BOUND('',#8489,.F.);
#8489 = EDGE_LOOP('',(#8490,#8513,#8514,#8515));
#8490 = ORIENTED_EDGE('',*,*,#8491,.F.);
#8491 = EDGE_CURVE('',#8443,#8492,#8494,.T.);
#8492 = VERTEX_POINT('',#8493);
#8493 = CARTESIAN_POINT('',(-57.95821788391,29.287916406987,-1.5));
#8494 = SURFACE_CURVE('',#8495,(#8499,#8506),.PCURVE_S1.);
#8495 = LINE('',#8496,#8497);
#8496 = CARTESIAN_POINT('',(-57.67189603384,14.068001457639,-1.5));
#8497 = VECTOR('',#8498,1.);
#8498 = DIRECTION('',(-1.880898804935E-02,0.999823095337,-0.));
#8499 = PCURVE('',#6366,#8500);
#8500 = DEFINITIONAL_REPRESENTATION('',(#8501),#8505);
#8501 = LINE('',#8502,#8503);
#8502 = CARTESIAN_POINT('',(13.611283341317,-3.));
#8503 = VECTOR('',#8504,1.);
#8504 = DIRECTION('',(-1.,0.));
#8505 = ( GEOMETRIC_REPRESENTATION_CONTEXT(2) 
PARAMETRIC_REPRESENTATION_CONTEXT() REPRESENTATION_CONTEXT('2D SPACE',''
  ) );
#8506 = PCURVE('',#7394,#8507);
#8507 = DEFINITIONAL_REPRESENTATION('',(#8508),#8512);
#8508 = LINE('',#8509,#8510);
#8509 = CARTESIAN_POINT('',(-57.67189603384,14.068001457639));
#8510 = VECTOR('',#8511,1.);
#8511 = DIRECTION('',(-1.880898804935E-02,0.999823095337));
#8512 = ( GEOMETRIC_REPRESENTATION_CONTEXT(2) 
PARAMETRIC_REPRESENTATION_CONTEXT() REPRESENTATION_CONTEXT('2D SPACE',''
  ) );
#8513 = ORIENTED_EDGE('',*,*,#8467,.T.);
#8514 = ORIENTED_EDGE('',*,*,#6350,.T.);
#8515 = ORIENTED_EDGE('',*,*,#8516,.F.);
#8516 = EDGE_CURVE('',#8492,#6323,#8517,.T.);
#8517 = SURFACE_CURVE('',#8518,(#8522,#8529),.PCURVE_S1.);
#8518 = LINE('',#8519,#8520);
#8519 = CARTESIAN_POINT('',(-57.95821788391,29.287916406987,-4.5));
#8520 = VECTOR('',#8521,1.);
#8521 = DIRECTION('',(-0.,-0.,1.));
#8522 = PCURVE('',#6366,#8523);
#8523 = DEFINITIONAL_REPRESENTATION('',(#8524),#8528);
#8524 = LINE('',#8525,#8526);
#8525 = CARTESIAN_POINT('',(-1.611324558357,0.));
#8526 = VECTOR('',#8527,1.);
#8527 = DIRECTION('',(-0.,-1.));
#8528 = ( GEOMETRIC_REPRESENTATION_CONTEXT(2) 
PARAMETRIC_REPRESENTATION_CONTEXT() REPRESENTATION_CONTEXT('2D SPACE',''
  ) );
#8529 = PCURVE('',#6338,#8530);
#8530 = DEFINITIONAL_REPRESENTATION('',(#8531),#8535);
#8531 = LINE('',#8532,#8533);
#8532 = CARTESIAN_POINT('',(-8.161492442143,0.));
#8533 = VECTOR('',#8534,1.);
#8534 = DIRECTION('',(-0.,-1.));
#8535 = ( GEOMETRIC_REPRESENTATION_CONTEXT(2) 
PARAMETRIC_REPRESENTATION_CONTEXT() REPRESENTATION_CONTEXT('2D SPACE',''
  ) );
#8536 = ADVANCED_FACE('',(#8537),#6338,.F.);
#8537 = FACE_BOUND('',#8538,.T.);
#8538 = EDGE_LOOP('',(#8539,#8562,#8583,#8584));
#8539 = ORIENTED_EDGE('',*,*,#8540,.F.);
#8540 = EDGE_CURVE('',#8541,#8492,#8543,.T.);
#8541 = VERTEX_POINT('',#8542);
#8542 = CARTESIAN_POINT('',(-58.19546455036,37.445959855169,-1.5));
#8543 = SURFACE_CURVE('',#8544,(#8548,#8555),.PCURVE_S1.);
#8544 = LINE('',#8545,#8546);
#8545 = CARTESIAN_POINT('',(-57.59035348015,16.63840763279,-1.5));
#8546 = VECTOR('',#8547,1.);
#8547 = DIRECTION('',(2.906902973103E-02,-0.999577406463,0.));
#8548 = PCURVE('',#6338,#8549);
#8549 = DEFINITIONAL_REPRESENTATION('',(#8550),#8554);
#8550 = LINE('',#8551,#8552);
#8551 = CARTESIAN_POINT('',(-20.81634907697,-3.));
#8552 = VECTOR('',#8553,1.);
#8553 = DIRECTION('',(-1.,0.));
#8554 = ( GEOMETRIC_REPRESENTATION_CONTEXT(2) 
PARAMETRIC_REPRESENTATION_CONTEXT() REPRESENTATION_CONTEXT('2D SPACE',''
  ) );
#8555 = PCURVE('',#7394,#8556);
#8556 = DEFINITIONAL_REPRESENTATION('',(#8557),#8561);
#8557 = LINE('',#8558,#8559);
#8558 = CARTESIAN_POINT('',(-57.59035348015,16.63840763279));
#8559 = VECTOR('',#8560,1.);
#8560 = DIRECTION('',(2.906902973103E-02,-0.999577406463));
#8561 = ( GEOMETRIC_REPRESENTATION_CONTEXT(2) 
PARAMETRIC_REPRESENTATION_CONTEXT() REPRESENTATION_CONTEXT('2D SPACE',''
  ) );
#8562 = ORIENTED_EDGE('',*,*,#8563,.T.);
#8563 = EDGE_CURVE('',#8541,#6295,#8564,.T.);
#8564 = SURFACE_CURVE('',#8565,(#8569,#8576),.PCURVE_S1.);
#8565 = LINE('',#8566,#8567);
#8566 = CARTESIAN_POINT('',(-58.19546455036,37.445959855169,-4.5));
#8567 = VECTOR('',#8568,1.);
#8568 = DIRECTION('',(-0.,-0.,1.));
#8569 = PCURVE('',#6338,#8570);
#8570 = DEFINITIONAL_REPRESENTATION('',(#8571),#8575);
#8571 = LINE('',#8572,#8573);
#8572 = CARTESIAN_POINT('',(7.102424649919E-15,-0.));
#8573 = VECTOR('',#8574,1.);
#8574 = DIRECTION('',(-0.,-1.));
#8575 = ( GEOMETRIC_REPRESENTATION_CONTEXT(2) 
PARAMETRIC_REPRESENTATION_CONTEXT() REPRESENTATION_CONTEXT('2D SPACE',''
  ) );
#8576 = PCURVE('',#6310,#8577);
#8577 = DEFINITIONAL_REPRESENTATION('',(#8578),#8582);
#8578 = LINE('',#8579,#8580);
#8579 = CARTESIAN_POINT('',(-0.,0.));
#8580 = VECTOR('',#8581,1.);
#8581 = DIRECTION('',(-0.,-1.));
#8582 = ( GEOMETRIC_REPRESENTATION_CONTEXT(2) 
PARAMETRIC_REPRESENTATION_CONTEXT() REPRESENTATION_CONTEXT('2D SPACE',''
  ) );
#8583 = ORIENTED_EDGE('',*,*,#6322,.T.);
#8584 = ORIENTED_EDGE('',*,*,#8516,.F.);
#8585 = ADVANCED_FACE('',(#8586),#6310,.T.);
#8586 = FACE_BOUND('',#8587,.F.);
#8587 = EDGE_LOOP('',(#8588,#8611,#8612,#8613));
#8588 = ORIENTED_EDGE('',*,*,#8589,.F.);
#8589 = EDGE_CURVE('',#8541,#8590,#8592,.T.);
#8590 = VERTEX_POINT('',#8591);
#8591 = CARTESIAN_POINT('',(-58.37973501784,41.991930331225,-1.5));
#8592 = SURFACE_CURVE('',#8593,(#8597,#8604),.PCURVE_S1.);
#8593 = LINE('',#8594,#8595);
#8594 = CARTESIAN_POINT('',(-57.60365525438,22.845966575447,-1.5));
#8595 = VECTOR('',#8596,1.);
#8596 = DIRECTION('',(-4.050164191646E-02,0.999179471868,-0.));
#8597 = PCURVE('',#6310,#8598);
#8598 = DEFINITIONAL_REPRESENTATION('',(#8599),#8603);
#8599 = LINE('',#8600,#8601);
#8600 = CARTESIAN_POINT('',(14.611982822695,-3.));
#8601 = VECTOR('',#8602,1.);
#8602 = DIRECTION('',(-1.,0.));
#8603 = ( GEOMETRIC_REPRESENTATION_CONTEXT(2) 
PARAMETRIC_REPRESENTATION_CONTEXT() REPRESENTATION_CONTEXT('2D SPACE',''
  ) );
#8604 = PCURVE('',#7394,#8605);
#8605 = DEFINITIONAL_REPRESENTATION('',(#8606),#8610);
#8606 = LINE('',#8607,#8608);
#8607 = CARTESIAN_POINT('',(-57.60365525438,22.845966575447));
#8608 = VECTOR('',#8609,1.);
#8609 = DIRECTION('',(-4.050164191646E-02,0.999179471868));
#8610 = ( GEOMETRIC_REPRESENTATION_CONTEXT(2) 
PARAMETRIC_REPRESENTATION_CONTEXT() REPRESENTATION_CONTEXT('2D SPACE',''
  ) );
#8611 = ORIENTED_EDGE('',*,*,#8563,.T.);
#8612 = ORIENTED_EDGE('',*,*,#6294,.T.);
#8613 = ORIENTED_EDGE('',*,*,#8614,.F.);
#8614 = EDGE_CURVE('',#8590,#6262,#8615,.T.);
#8615 = SURFACE_CURVE('',#8616,(#8620,#8627),.PCURVE_S1.);
#8616 = LINE('',#8617,#8618);
#8617 = CARTESIAN_POINT('',(-58.37973501784,41.991930331225,-4.5));
#8618 = VECTOR('',#8619,1.);
#8619 = DIRECTION('',(-0.,-0.,1.));
#8620 = PCURVE('',#6310,#8621);
#8621 = DEFINITIONAL_REPRESENTATION('',(#8622),#8626);
#8622 = LINE('',#8623,#8624);
#8623 = CARTESIAN_POINT('',(-4.549703635882,0.));
#8624 = VECTOR('',#8625,1.);
#8625 = DIRECTION('',(-0.,-1.));
#8626 = ( GEOMETRIC_REPRESENTATION_CONTEXT(2) 
PARAMETRIC_REPRESENTATION_CONTEXT() REPRESENTATION_CONTEXT('2D SPACE',''
  ) );
#8627 = PCURVE('',#6282,#8628);
#8628 = DEFINITIONAL_REPRESENTATION('',(#8629),#8633);
#8629 = LINE('',#8630,#8631);
#8630 = CARTESIAN_POINT('',(4.53320703238,0.));
#8631 = VECTOR('',#8632,1.);
#8632 = DIRECTION('',(0.,-1.));
#8633 = ( GEOMETRIC_REPRESENTATION_CONTEXT(2) 
PARAMETRIC_REPRESENTATION_CONTEXT() REPRESENTATION_CONTEXT('2D SPACE',''
  ) );
#8634 = ADVANCED_FACE('',(#8635),#6282,.T.);
#8635 = FACE_BOUND('',#8636,.T.);
#8636 = EDGE_LOOP('',(#8637,#8665,#8686,#8687));
#8637 = ORIENTED_EDGE('',*,*,#8638,.F.);
#8638 = EDGE_CURVE('',#8639,#8590,#8641,.T.);
#8639 = VERTEX_POINT('',#8640);
#8640 = CARTESIAN_POINT('',(-58.67255875746,49.215920659813,-1.5));
#8641 = SURFACE_CURVE('',#8642,(#8647,#8654),.PCURVE_S1.);
#8642 = CIRCLE('',#8643,3.649998333333);
#8643 = AXIS2_PLACEMENT_3D('',#8644,#8645,#8646);
#8644 = CARTESIAN_POINT('',(-59.03025479665,45.583491530858,-1.5));
#8645 = DIRECTION('',(0.,0.,-1.));
#8646 = DIRECTION('',(-1.,-0.,-0.));
#8647 = PCURVE('',#6282,#8648);
#8648 = DEFINITIONAL_REPRESENTATION('',(#8649),#8653);
#8649 = LINE('',#8650,#8651);
#8650 = CARTESIAN_POINT('',(0.,-3.));
#8651 = VECTOR('',#8652,1.);
#8652 = DIRECTION('',(1.,0.));
#8653 = ( GEOMETRIC_REPRESENTATION_CONTEXT(2) 
PARAMETRIC_REPRESENTATION_CONTEXT() REPRESENTATION_CONTEXT('2D SPACE',''
  ) );
#8654 = PCURVE('',#7394,#8655);
#8655 = DEFINITIONAL_REPRESENTATION('',(#8656),#8664);
#8656 = ( BOUNDED_CURVE() B_SPLINE_CURVE(2,(#8657,#8658,#8659,#8660,
#8661,#8662,#8663),.UNSPECIFIED.,.T.,.F.) B_SPLINE_CURVE_WITH_KNOTS((1,2
    ,2,2,2,1),(-2.094395102393,0.,2.094395102393,4.188790204786,
6.28318530718,8.377580409573),.UNSPECIFIED.) CURVE() 
GEOMETRIC_REPRESENTATION_ITEM() RATIONAL_B_SPLINE_CURVE((1.,0.5,1.,0.5,
1.,0.5,1.)) REPRESENTATION_ITEM('') );
#8657 = CARTESIAN_POINT('',(-62.68025312999,45.583491530858));
#8658 = CARTESIAN_POINT('',(-62.68025312999,51.905474091733));
#8659 = CARTESIAN_POINT('',(-57.20525562999,48.744482811296));
#8660 = CARTESIAN_POINT('',(-51.73025812999,45.583491530858));
#8661 = CARTESIAN_POINT('',(-57.20525562999,42.422500250421));
#8662 = CARTESIAN_POINT('',(-62.68025312999,39.261508969983));
#8663 = CARTESIAN_POINT('',(-62.68025312999,45.583491530858));
#8664 = ( GEOMETRIC_REPRESENTATION_CONTEXT(2) 
PARAMETRIC_REPRESENTATION_CONTEXT() REPRESENTATION_CONTEXT('2D SPACE',''
  ) );
#8665 = ORIENTED_EDGE('',*,*,#8666,.T.);
#8666 = EDGE_CURVE('',#8639,#6234,#8667,.T.);
#8667 = SURFACE_CURVE('',#8668,(#8672,#8679),.PCURVE_S1.);
#8668 = LINE('',#8669,#8670);
#8669 = CARTESIAN_POINT('',(-58.67255875746,49.215920659813,-4.5));
#8670 = VECTOR('',#8671,1.);
#8671 = DIRECTION('',(-0.,-0.,1.));
#8672 = PCURVE('',#6282,#8673);
#8673 = DEFINITIONAL_REPRESENTATION('',(#8674),#8678);
#8674 = LINE('',#8675,#8676);
#8675 = CARTESIAN_POINT('',(1.668952828535,0.));
#8676 = VECTOR('',#8677,1.);
#8677 = DIRECTION('',(0.,-1.));
#8678 = ( GEOMETRIC_REPRESENTATION_CONTEXT(2) 
PARAMETRIC_REPRESENTATION_CONTEXT() REPRESENTATION_CONTEXT('2D SPACE',''
  ) );
#8679 = PCURVE('',#6249,#8680);
#8680 = DEFINITIONAL_REPRESENTATION('',(#8681),#8685);
#8681 = LINE('',#8682,#8683);
#8682 = CARTESIAN_POINT('',(-0.,8.881784197001E-16));
#8683 = VECTOR('',#8684,1.);
#8684 = DIRECTION('',(-0.,-1.));
#8685 = ( GEOMETRIC_REPRESENTATION_CONTEXT(2) 
PARAMETRIC_REPRESENTATION_CONTEXT() REPRESENTATION_CONTEXT('2D SPACE',''
  ) );
#8686 = ORIENTED_EDGE('',*,*,#6261,.T.);
#8687 = ORIENTED_EDGE('',*,*,#8614,.F.);
#8688 = ADVANCED_FACE('',(#8689),#6249,.T.);
#8689 = FACE_BOUND('',#8690,.F.);
#8690 = EDGE_LOOP('',(#8691,#8714,#8715,#8716));
#8691 = ORIENTED_EDGE('',*,*,#8692,.F.);
#8692 = EDGE_CURVE('',#8639,#8693,#8695,.T.);
#8693 = VERTEX_POINT('',#8694);
#8694 = CARTESIAN_POINT('',(-58.75996565943,51.372257490197,-1.5));
#8695 = SURFACE_CURVE('',#8696,(#8700,#8707),.PCURVE_S1.);
#8696 = LINE('',#8697,#8698);
#8697 = CARTESIAN_POINT('',(-57.60365525438,22.845966575447,-1.5));
#8698 = VECTOR('',#8699,1.);
#8699 = DIRECTION('',(-4.050164191646E-02,0.999179471868,-0.));
#8700 = PCURVE('',#6249,#8701);
#8701 = DEFINITIONAL_REPRESENTATION('',(#8702),#8706);
#8702 = LINE('',#8703,#8704);
#8703 = CARTESIAN_POINT('',(26.391609142121,-3.));
#8704 = VECTOR('',#8705,1.);
#8705 = DIRECTION('',(-1.,0.));
#8706 = ( GEOMETRIC_REPRESENTATION_CONTEXT(2) 
PARAMETRIC_REPRESENTATION_CONTEXT() REPRESENTATION_CONTEXT('2D SPACE',''
  ) );
#8707 = PCURVE('',#7394,#8708);
#8708 = DEFINITIONAL_REPRESENTATION('',(#8709),#8713);
#8709 = LINE('',#8710,#8711);
#8710 = CARTESIAN_POINT('',(-57.60365525438,22.845966575447));
#8711 = VECTOR('',#8712,1.);
#8712 = DIRECTION('',(-4.050164191646E-02,0.999179471868));
#8713 = ( GEOMETRIC_REPRESENTATION_CONTEXT(2) 
PARAMETRIC_REPRESENTATION_CONTEXT() REPRESENTATION_CONTEXT('2D SPACE',''
  ) );
#8714 = ORIENTED_EDGE('',*,*,#8666,.T.);
#8715 = ORIENTED_EDGE('',*,*,#6233,.T.);
#8716 = ORIENTED_EDGE('',*,*,#8717,.F.);
#8717 = EDGE_CURVE('',#8693,#6206,#8718,.T.);
#8718 = SURFACE_CURVE('',#8719,(#8723,#8730),.PCURVE_S1.);
#8719 = LINE('',#8720,#8721);
#8720 = CARTESIAN_POINT('',(-58.75996565943,51.372257490197,-4.5));
#8721 = VECTOR('',#8722,1.);
#8722 = DIRECTION('',(-0.,-0.,1.));
#8723 = PCURVE('',#6249,#8724);
#8724 = DEFINITIONAL_REPRESENTATION('',(#8725),#8729);
#8725 = LINE('',#8726,#8727);
#8726 = CARTESIAN_POINT('',(-2.158107618397,0.));
#8727 = VECTOR('',#8728,1.);
#8728 = DIRECTION('',(-0.,-1.));
#8729 = ( GEOMETRIC_REPRESENTATION_CONTEXT(2) 
PARAMETRIC_REPRESENTATION_CONTEXT() REPRESENTATION_CONTEXT('2D SPACE',''
  ) );
#8730 = PCURVE('',#6221,#8731);
#8731 = DEFINITIONAL_REPRESENTATION('',(#8732),#8736);
#8732 = LINE('',#8733,#8734);
#8733 = CARTESIAN_POINT('',(-6.599427590549,0.));
#8734 = VECTOR('',#8735,1.);
#8735 = DIRECTION('',(-0.,-1.));
#8736 = ( GEOMETRIC_REPRESENTATION_CONTEXT(2) 
PARAMETRIC_REPRESENTATION_CONTEXT() REPRESENTATION_CONTEXT('2D SPACE',''
  ) );
#8737 = ADVANCED_FACE('',(#8738),#6221,.F.);
#8738 = FACE_BOUND('',#8739,.T.);
#8739 = EDGE_LOOP('',(#8740,#8763,#8784,#8785));
#8740 = ORIENTED_EDGE('',*,*,#8741,.F.);
#8741 = EDGE_CURVE('',#8742,#8693,#8744,.T.);
#8742 = VERTEX_POINT('',#8743);
#8743 = CARTESIAN_POINT('',(-54.29351493911,56.230576385224,-1.5));
#8744 = SURFACE_CURVE('',#8745,(#8749,#8756),.PCURVE_S1.);
#8745 = LINE('',#8746,#8747);
#8746 = CARTESIAN_POINT('',(-56.51410424035,53.815161632921,-1.5));
#8747 = VECTOR('',#8748,1.);
#8748 = DIRECTION('',(-0.676793655063,-0.7361727708,-0.));
#8749 = PCURVE('',#6221,#8750);
#8750 = DEFINITIONAL_REPRESENTATION('',(#8751),#8755);
#8751 = LINE('',#8752,#8753);
#8752 = CARTESIAN_POINT('',(-3.281043320414,-3.));
#8753 = VECTOR('',#8754,1.);
#8754 = DIRECTION('',(-1.,0.));
#8755 = ( GEOMETRIC_REPRESENTATION_CONTEXT(2) 
PARAMETRIC_REPRESENTATION_CONTEXT() REPRESENTATION_CONTEXT('2D SPACE',''
  ) );
#8756 = PCURVE('',#7394,#8757);
#8757 = DEFINITIONAL_REPRESENTATION('',(#8758),#8762);
#8758 = LINE('',#8759,#8760);
#8759 = CARTESIAN_POINT('',(-56.51410424035,53.815161632921));
#8760 = VECTOR('',#8761,1.);
#8761 = DIRECTION('',(-0.676793655063,-0.7361727708));
#8762 = ( GEOMETRIC_REPRESENTATION_CONTEXT(2) 
PARAMETRIC_REPRESENTATION_CONTEXT() REPRESENTATION_CONTEXT('2D SPACE',''
  ) );
#8763 = ORIENTED_EDGE('',*,*,#8764,.T.);
#8764 = EDGE_CURVE('',#8742,#6178,#8765,.T.);
#8765 = SURFACE_CURVE('',#8766,(#8770,#8777),.PCURVE_S1.);
#8766 = LINE('',#8767,#8768);
#8767 = CARTESIAN_POINT('',(-54.29351493911,56.230576385224,-4.5));
#8768 = VECTOR('',#8769,1.);
#8769 = DIRECTION('',(-0.,-0.,1.));
#8770 = PCURVE('',#6221,#8771);
#8771 = DEFINITIONAL_REPRESENTATION('',(#8772),#8776);
#8772 = LINE('',#8773,#8774);
#8773 = CARTESIAN_POINT('',(-5.230822145562E-15,0.));
#8774 = VECTOR('',#8775,1.);
#8775 = DIRECTION('',(-0.,-1.));
#8776 = ( GEOMETRIC_REPRESENTATION_CONTEXT(2) 
PARAMETRIC_REPRESENTATION_CONTEXT() REPRESENTATION_CONTEXT('2D SPACE',''
  ) );
#8777 = PCURVE('',#6193,#8778);
#8778 = DEFINITIONAL_REPRESENTATION('',(#8779),#8783);
#8779 = LINE('',#8780,#8781);
#8780 = CARTESIAN_POINT('',(-7.105427357601E-15,0.));
#8781 = VECTOR('',#8782,1.);
#8782 = DIRECTION('',(-0.,-1.));
#8783 = ( GEOMETRIC_REPRESENTATION_CONTEXT(2) 
PARAMETRIC_REPRESENTATION_CONTEXT() REPRESENTATION_CONTEXT('2D SPACE',''
  ) );
#8784 = ORIENTED_EDGE('',*,*,#6205,.T.);
#8785 = ORIENTED_EDGE('',*,*,#8717,.F.);
#8786 = ADVANCED_FACE('',(#8787),#6193,.T.);
#8787 = FACE_BOUND('',#8788,.F.);
#8788 = EDGE_LOOP('',(#8789,#8812,#8813,#8814));
#8789 = ORIENTED_EDGE('',*,*,#8790,.F.);
#8790 = EDGE_CURVE('',#8742,#8791,#8793,.T.);
#8791 = VERTEX_POINT('',#8792);
#8792 = CARTESIAN_POINT('',(-15.45208617741,56.230576385224,-1.5));
#8793 = SURFACE_CURVE('',#8794,(#8798,#8805),.PCURVE_S1.);
#8794 = LINE('',#8795,#8796);
#8795 = CARTESIAN_POINT('',(-18.20635230272,56.230576385224,-1.5));
#8796 = VECTOR('',#8797,1.);
#8797 = DIRECTION('',(1.,-0.,-0.));
#8798 = PCURVE('',#6193,#8799);
#8799 = DEFINITIONAL_REPRESENTATION('',(#8800),#8804);
#8800 = LINE('',#8801,#8802);
#8801 = CARTESIAN_POINT('',(-36.08716263638,-3.));
#8802 = VECTOR('',#8803,1.);
#8803 = DIRECTION('',(-1.,0.));
#8804 = ( GEOMETRIC_REPRESENTATION_CONTEXT(2) 
PARAMETRIC_REPRESENTATION_CONTEXT() REPRESENTATION_CONTEXT('2D SPACE',''
  ) );
#8805 = PCURVE('',#7394,#8806);
#8806 = DEFINITIONAL_REPRESENTATION('',(#8807),#8811);
#8807 = LINE('',#8808,#8809);
#8808 = CARTESIAN_POINT('',(-18.20635230272,56.230576385224));
#8809 = VECTOR('',#8810,1.);
#8810 = DIRECTION('',(1.,-0.));
#8811 = ( GEOMETRIC_REPRESENTATION_CONTEXT(2) 
PARAMETRIC_REPRESENTATION_CONTEXT() REPRESENTATION_CONTEXT('2D SPACE',''
  ) );
#8812 = ORIENTED_EDGE('',*,*,#8764,.T.);
#8813 = ORIENTED_EDGE('',*,*,#6177,.T.);
#8814 = ORIENTED_EDGE('',*,*,#8815,.F.);
#8815 = EDGE_CURVE('',#8791,#6150,#8816,.T.);
#8816 = SURFACE_CURVE('',#8817,(#8821,#8828),.PCURVE_S1.);
#8817 = LINE('',#8818,#8819);
#8818 = CARTESIAN_POINT('',(-15.45208617741,56.230576385224,-4.5));
#8819 = VECTOR('',#8820,1.);
#8820 = DIRECTION('',(-0.,-0.,1.));
#8821 = PCURVE('',#6193,#8822);
#8822 = DEFINITIONAL_REPRESENTATION('',(#8823),#8827);
#8823 = LINE('',#8824,#8825);
#8824 = CARTESIAN_POINT('',(-38.84142876169,0.));
#8825 = VECTOR('',#8826,1.);
#8826 = DIRECTION('',(-0.,-1.));
#8827 = ( GEOMETRIC_REPRESENTATION_CONTEXT(2) 
PARAMETRIC_REPRESENTATION_CONTEXT() REPRESENTATION_CONTEXT('2D SPACE',''
  ) );
#8828 = PCURVE('',#6165,#8829);
#8829 = DEFINITIONAL_REPRESENTATION('',(#8830),#8834);
#8830 = LINE('',#8831,#8832);
#8831 = CARTESIAN_POINT('',(-7.848040082789E-15,0.));
#8832 = VECTOR('',#8833,1.);
#8833 = DIRECTION('',(-0.,-1.));
#8834 = ( GEOMETRIC_REPRESENTATION_CONTEXT(2) 
PARAMETRIC_REPRESENTATION_CONTEXT() REPRESENTATION_CONTEXT('2D SPACE',''
  ) );
#8835 = ADVANCED_FACE('',(#8836),#6165,.T.);
#8836 = FACE_BOUND('',#8837,.F.);
#8837 = EDGE_LOOP('',(#8838,#8861,#8862,#8863));
#8838 = ORIENTED_EDGE('',*,*,#8839,.F.);
#8839 = EDGE_CURVE('',#8791,#8840,#8842,.T.);
#8840 = VERTEX_POINT('',#8841);
#8841 = CARTESIAN_POINT('',(-11.17475115481,62.230576385224,-1.5));
#8842 = SURFACE_CURVE('',#8843,(#8847,#8854),.PCURVE_S1.);
#8843 = LINE('',#8844,#8845);
#8844 = CARTESIAN_POINT('',(-25.54611193135,42.07125657424,-1.5));
#8845 = VECTOR('',#8846,1.);
#8846 = DIRECTION('',(0.580484957156,0.814270971186,-0.));
#8847 = PCURVE('',#6165,#8848);
#8848 = DEFINITIONAL_REPRESENTATION('',(#8849),#8853);
#8849 = LINE('',#8850,#8851);
#8850 = CARTESIAN_POINT('',(17.388953201126,-3.));
#8851 = VECTOR('',#8852,1.);
#8852 = DIRECTION('',(-1.,0.));
#8853 = ( GEOMETRIC_REPRESENTATION_CONTEXT(2) 
PARAMETRIC_REPRESENTATION_CONTEXT() REPRESENTATION_CONTEXT('2D SPACE',''
  ) );
#8854 = PCURVE('',#7394,#8855);
#8855 = DEFINITIONAL_REPRESENTATION('',(#8856),#8860);
#8856 = LINE('',#8857,#8858);
#8857 = CARTESIAN_POINT('',(-25.54611193135,42.07125657424));
#8858 = VECTOR('',#8859,1.);
#8859 = DIRECTION('',(0.580484957156,0.814270971186));
#8860 = ( GEOMETRIC_REPRESENTATION_CONTEXT(2) 
PARAMETRIC_REPRESENTATION_CONTEXT() REPRESENTATION_CONTEXT('2D SPACE',''
  ) );
#8861 = ORIENTED_EDGE('',*,*,#8815,.T.);
#8862 = ORIENTED_EDGE('',*,*,#6149,.T.);
#8863 = ORIENTED_EDGE('',*,*,#8864,.F.);
#8864 = EDGE_CURVE('',#8840,#6122,#8865,.T.);
#8865 = SURFACE_CURVE('',#8866,(#8870,#8877),.PCURVE_S1.);
#8866 = LINE('',#8867,#8868);
#8867 = CARTESIAN_POINT('',(-11.17475115481,62.230576385224,-4.5));
#8868 = VECTOR('',#8869,1.);
#8869 = DIRECTION('',(-0.,-0.,1.));
#8870 = PCURVE('',#6165,#8871);
#8871 = DEFINITIONAL_REPRESENTATION('',(#8872),#8876);
#8872 = LINE('',#8873,#8874);
#8873 = CARTESIAN_POINT('',(-7.368554464447,0.));
#8874 = VECTOR('',#8875,1.);
#8875 = DIRECTION('',(-0.,-1.));
#8876 = ( GEOMETRIC_REPRESENTATION_CONTEXT(2) 
PARAMETRIC_REPRESENTATION_CONTEXT() REPRESENTATION_CONTEXT('2D SPACE',''
  ) );
#8877 = PCURVE('',#6137,#8878);
#8878 = DEFINITIONAL_REPRESENTATION('',(#8879),#8883);
#8879 = LINE('',#8880,#8881);
#8880 = CARTESIAN_POINT('',(-0.,0.));
#8881 = VECTOR('',#8882,1.);
#8882 = DIRECTION('',(-0.,-1.));
#8883 = ( GEOMETRIC_REPRESENTATION_CONTEXT(2) 
PARAMETRIC_REPRESENTATION_CONTEXT() REPRESENTATION_CONTEXT('2D SPACE',''
  ) );
#8884 = ADVANCED_FACE('',(#8885),#6137,.T.);
#8885 = FACE_BOUND('',#8886,.F.);
#8886 = EDGE_LOOP('',(#8887,#8910,#8911,#8912));
#8887 = ORIENTED_EDGE('',*,*,#8888,.F.);
#8888 = EDGE_CURVE('',#8840,#8889,#8891,.T.);
#8889 = VERTEX_POINT('',#8890);
#8890 = CARTESIAN_POINT('',(-4.847803142758,62.230576385224,-1.5));
#8891 = SURFACE_CURVE('',#8892,(#8896,#8903),.PCURVE_S1.);
#8892 = LINE('',#8893,#8894);
#8893 = CARTESIAN_POINT('',(3.107938664209,62.230576385224,-1.5));
#8894 = VECTOR('',#8895,1.);
#8895 = DIRECTION('',(1.,-0.,-0.));
#8896 = PCURVE('',#6137,#8897);
#8897 = DEFINITIONAL_REPRESENTATION('',(#8898),#8902);
#8898 = LINE('',#8899,#8900);
#8899 = CARTESIAN_POINT('',(-14.28268981902,-3.));
#8900 = VECTOR('',#8901,1.);
#8901 = DIRECTION('',(-1.,0.));
#8902 = ( GEOMETRIC_REPRESENTATION_CONTEXT(2) 
PARAMETRIC_REPRESENTATION_CONTEXT() REPRESENTATION_CONTEXT('2D SPACE',''
  ) );
#8903 = PCURVE('',#7394,#8904);
#8904 = DEFINITIONAL_REPRESENTATION('',(#8905),#8909);
#8905 = LINE('',#8906,#8907);
#8906 = CARTESIAN_POINT('',(3.107938664209,62.230576385224));
#8907 = VECTOR('',#8908,1.);
#8908 = DIRECTION('',(1.,-0.));
#8909 = ( GEOMETRIC_REPRESENTATION_CONTEXT(2) 
PARAMETRIC_REPRESENTATION_CONTEXT() REPRESENTATION_CONTEXT('2D SPACE',''
  ) );
#8910 = ORIENTED_EDGE('',*,*,#8864,.T.);
#8911 = ORIENTED_EDGE('',*,*,#6121,.T.);
#8912 = ORIENTED_EDGE('',*,*,#8913,.F.);
#8913 = EDGE_CURVE('',#8889,#6089,#8914,.T.);
#8914 = SURFACE_CURVE('',#8915,(#8919,#8926),.PCURVE_S1.);
#8915 = LINE('',#8916,#8917);
#8916 = CARTESIAN_POINT('',(-4.847803142758,62.230576385224,-4.5));
#8917 = VECTOR('',#8918,1.);
#8918 = DIRECTION('',(-0.,-0.,1.));
#8919 = PCURVE('',#6137,#8920);
#8920 = DEFINITIONAL_REPRESENTATION('',(#8921),#8925);
#8921 = LINE('',#8922,#8923);
#8922 = CARTESIAN_POINT('',(-6.326948012061,0.));
#8923 = VECTOR('',#8924,1.);
#8924 = DIRECTION('',(-0.,-1.));
#8925 = ( GEOMETRIC_REPRESENTATION_CONTEXT(2) 
PARAMETRIC_REPRESENTATION_CONTEXT() REPRESENTATION_CONTEXT('2D SPACE',''
  ) );
#8926 = PCURVE('',#6109,#8927);
#8927 = DEFINITIONAL_REPRESENTATION('',(#8928),#8932);
#8928 = LINE('',#8929,#8930);
#8929 = CARTESIAN_POINT('',(5.993032073254,0.));
#8930 = VECTOR('',#8931,1.);
#8931 = DIRECTION('',(0.,-1.));
#8932 = ( GEOMETRIC_REPRESENTATION_CONTEXT(2) 
PARAMETRIC_REPRESENTATION_CONTEXT() REPRESENTATION_CONTEXT('2D SPACE',''
  ) );
#8933 = ADVANCED_FACE('',(#8934),#6109,.T.);
#8934 = FACE_BOUND('',#8935,.T.);
#8935 = EDGE_LOOP('',(#8936,#8964,#8985,#8986));
#8936 = ORIENTED_EDGE('',*,*,#8937,.F.);
#8937 = EDGE_CURVE('',#8938,#8889,#8940,.T.);
#8938 = VERTEX_POINT('',#8939);
#8939 = CARTESIAN_POINT('',(2.147054004012,62.230576385224,-1.5));
#8940 = SURFACE_CURVE('',#8941,(#8946,#8953),.PCURVE_S1.);
#8941 = CIRCLE('',#8942,3.649998333333);
#8942 = AXIS2_PLACEMENT_3D('',#8943,#8944,#8945);
#8943 = CARTESIAN_POINT('',(-1.350374569373,63.274837467236,-1.5));
#8944 = DIRECTION('',(0.,0.,-1.));
#8945 = DIRECTION('',(-1.,-0.,-0.));
#8946 = PCURVE('',#6109,#8947);
#8947 = DEFINITIONAL_REPRESENTATION('',(#8948),#8952);
#8948 = LINE('',#8949,#8950);
#8949 = CARTESIAN_POINT('',(0.,-3.));
#8950 = VECTOR('',#8951,1.);
#8951 = DIRECTION('',(1.,0.));
#8952 = ( GEOMETRIC_REPRESENTATION_CONTEXT(2) 
PARAMETRIC_REPRESENTATION_CONTEXT() REPRESENTATION_CONTEXT('2D SPACE',''
  ) );
#8953 = PCURVE('',#7394,#8954);
#8954 = DEFINITIONAL_REPRESENTATION('',(#8955),#8963);
#8955 = ( BOUNDED_CURVE() B_SPLINE_CURVE(2,(#8956,#8957,#8958,#8959,
#8960,#8961,#8962),.UNSPECIFIED.,.T.,.F.) B_SPLINE_CURVE_WITH_KNOTS((1,2
    ,2,2,2,1),(-2.094395102393,0.,2.094395102393,4.188790204786,
6.28318530718,8.377580409573),.UNSPECIFIED.) CURVE() 
GEOMETRIC_REPRESENTATION_ITEM() RATIONAL_B_SPLINE_CURVE((1.,0.5,1.,0.5,
1.,0.5,1.)) REPRESENTATION_ITEM('') );
#8956 = CARTESIAN_POINT('',(-5.000372902706,63.274837467236));
#8957 = CARTESIAN_POINT('',(-5.000372902706,69.596820028111));
#8958 = CARTESIAN_POINT('',(0.474624597294,66.435828747673));
#8959 = CARTESIAN_POINT('',(5.949622097294,63.274837467236));
#8960 = CARTESIAN_POINT('',(0.474624597294,60.113846186798));
#8961 = CARTESIAN_POINT('',(-5.000372902706,56.952854906361));
#8962 = CARTESIAN_POINT('',(-5.000372902706,63.274837467236));
#8963 = ( GEOMETRIC_REPRESENTATION_CONTEXT(2) 
PARAMETRIC_REPRESENTATION_CONTEXT() REPRESENTATION_CONTEXT('2D SPACE',''
  ) );
#8964 = ORIENTED_EDGE('',*,*,#8965,.T.);
#8965 = EDGE_CURVE('',#8938,#6061,#8966,.T.);
#8966 = SURFACE_CURVE('',#8967,(#8971,#8978),.PCURVE_S1.);
#8967 = LINE('',#8968,#8969);
#8968 = CARTESIAN_POINT('',(2.147054004012,62.230576385224,-4.5));
#8969 = VECTOR('',#8970,1.);
#8970 = DIRECTION('',(-0.,-0.,1.));
#8971 = PCURVE('',#6109,#8972);
#8972 = DEFINITIONAL_REPRESENTATION('',(#8973),#8977);
#8973 = LINE('',#8974,#8975);
#8974 = CARTESIAN_POINT('',(3.431745887515,0.));
#8975 = VECTOR('',#8976,1.);
#8976 = DIRECTION('',(0.,-1.));
#8977 = ( GEOMETRIC_REPRESENTATION_CONTEXT(2) 
PARAMETRIC_REPRESENTATION_CONTEXT() REPRESENTATION_CONTEXT('2D SPACE',''
  ) );
#8978 = PCURVE('',#6076,#8979);
#8979 = DEFINITIONAL_REPRESENTATION('',(#8980),#8984);
#8980 = LINE('',#8981,#8982);
#8981 = CARTESIAN_POINT('',(-0.,0.));
#8982 = VECTOR('',#8983,1.);
#8983 = DIRECTION('',(-0.,-1.));
#8984 = ( GEOMETRIC_REPRESENTATION_CONTEXT(2) 
PARAMETRIC_REPRESENTATION_CONTEXT() REPRESENTATION_CONTEXT('2D SPACE',''
  ) );
#8985 = ORIENTED_EDGE('',*,*,#6088,.T.);
#8986 = ORIENTED_EDGE('',*,*,#8913,.F.);
#8987 = ADVANCED_FACE('',(#8988),#6076,.T.);
#8988 = FACE_BOUND('',#8989,.F.);
#8989 = EDGE_LOOP('',(#8990,#9013,#9014,#9015));
#8990 = ORIENTED_EDGE('',*,*,#8991,.F.);
#8991 = EDGE_CURVE('',#8938,#8992,#8994,.T.);
#8992 = VERTEX_POINT('',#8993);
#8993 = CARTESIAN_POINT('',(6.288597183631,62.230576385224,-1.5));
#8994 = SURFACE_CURVE('',#8995,(#8999,#9006),.PCURVE_S1.);
#8995 = LINE('',#8996,#8997);
#8996 = CARTESIAN_POINT('',(3.107938664209,62.230576385224,-1.5));
#8997 = VECTOR('',#8998,1.);
#8998 = DIRECTION('',(1.,-0.,-0.));
#8999 = PCURVE('',#6076,#9000);
#9000 = DEFINITIONAL_REPRESENTATION('',(#9001),#9005);
#9001 = LINE('',#9002,#9003);
#9002 = CARTESIAN_POINT('',(-0.960884660197,-3.));
#9003 = VECTOR('',#9004,1.);
#9004 = DIRECTION('',(-1.,0.));
#9005 = ( GEOMETRIC_REPRESENTATION_CONTEXT(2) 
PARAMETRIC_REPRESENTATION_CONTEXT() REPRESENTATION_CONTEXT('2D SPACE',''
  ) );
#9006 = PCURVE('',#7394,#9007);
#9007 = DEFINITIONAL_REPRESENTATION('',(#9008),#9012);
#9008 = LINE('',#9009,#9010);
#9009 = CARTESIAN_POINT('',(3.107938664209,62.230576385224));
#9010 = VECTOR('',#9011,1.);
#9011 = DIRECTION('',(1.,-0.));
#9012 = ( GEOMETRIC_REPRESENTATION_CONTEXT(2) 
PARAMETRIC_REPRESENTATION_CONTEXT() REPRESENTATION_CONTEXT('2D SPACE',''
  ) );
#9013 = ORIENTED_EDGE('',*,*,#8965,.T.);
#9014 = ORIENTED_EDGE('',*,*,#6060,.T.);
#9015 = ORIENTED_EDGE('',*,*,#9016,.F.);
#9016 = EDGE_CURVE('',#8992,#6033,#9017,.T.);
#9017 = SURFACE_CURVE('',#9018,(#9022,#9029),.PCURVE_S1.);
#9018 = LINE('',#9019,#9020);
#9019 = CARTESIAN_POINT('',(6.288597183631,62.230576385224,-4.5));
#9020 = VECTOR('',#9021,1.);
#9021 = DIRECTION('',(-0.,-0.,1.));
#9022 = PCURVE('',#6076,#9023);
#9023 = DEFINITIONAL_REPRESENTATION('',(#9024),#9028);
#9024 = LINE('',#9025,#9026);
#9025 = CARTESIAN_POINT('',(-4.141543179618,0.));
#9026 = VECTOR('',#9027,1.);
#9027 = DIRECTION('',(-0.,-1.));
#9028 = ( GEOMETRIC_REPRESENTATION_CONTEXT(2) 
PARAMETRIC_REPRESENTATION_CONTEXT() REPRESENTATION_CONTEXT('2D SPACE',''
  ) );
#9029 = PCURVE('',#6048,#9030);
#9030 = DEFINITIONAL_REPRESENTATION('',(#9031),#9035);
#9031 = LINE('',#9032,#9033);
#9032 = CARTESIAN_POINT('',(-2.193586153365E-15,0.));
#9033 = VECTOR('',#9034,1.);
#9034 = DIRECTION('',(-0.,-1.));
#9035 = ( GEOMETRIC_REPRESENTATION_CONTEXT(2) 
PARAMETRIC_REPRESENTATION_CONTEXT() REPRESENTATION_CONTEXT('2D SPACE',''
  ) );
#9036 = ADVANCED_FACE('',(#9037),#6048,.T.);
#9037 = FACE_BOUND('',#9038,.F.);
#9038 = EDGE_LOOP('',(#9039,#9062,#9063,#9064));
#9039 = ORIENTED_EDGE('',*,*,#9040,.F.);
#9040 = EDGE_CURVE('',#8992,#9041,#9043,.T.);
#9041 = VERTEX_POINT('',#9042);
#9042 = CARTESIAN_POINT('',(10.378214150272,65.050576385224,-1.5));
#9043 = SURFACE_CURVE('',#9044,(#9048,#9055),.PCURVE_S1.);
#9044 = LINE('',#9045,#9046);
#9045 = CARTESIAN_POINT('',(-8.891345059319,51.763230060544,-1.5));
#9046 = VECTOR('',#9047,1.);
#9047 = DIRECTION('',(0.823252815242,0.567674908902,-0.));
#9048 = PCURVE('',#6048,#9049);
#9049 = DEFINITIONAL_REPRESENTATION('',(#9050),#9054);
#9050 = LINE('',#9051,#9052);
#9051 = CARTESIAN_POINT('',(18.43898005802,-3.));
#9052 = VECTOR('',#9053,1.);
#9053 = DIRECTION('',(-1.,0.));
#9054 = ( GEOMETRIC_REPRESENTATION_CONTEXT(2) 
PARAMETRIC_REPRESENTATION_CONTEXT() REPRESENTATION_CONTEXT('2D SPACE',''
  ) );
#9055 = PCURVE('',#7394,#9056);
#9056 = DEFINITIONAL_REPRESENTATION('',(#9057),#9061);
#9057 = LINE('',#9058,#9059);
#9058 = CARTESIAN_POINT('',(-8.891345059319,51.763230060544));
#9059 = VECTOR('',#9060,1.);
#9060 = DIRECTION('',(0.823252815242,0.567674908902));
#9061 = ( GEOMETRIC_REPRESENTATION_CONTEXT(2) 
PARAMETRIC_REPRESENTATION_CONTEXT() REPRESENTATION_CONTEXT('2D SPACE',''
  ) );
#9062 = ORIENTED_EDGE('',*,*,#9016,.T.);
#9063 = ORIENTED_EDGE('',*,*,#6032,.T.);
#9064 = ORIENTED_EDGE('',*,*,#9065,.F.);
#9065 = EDGE_CURVE('',#9041,#6005,#9066,.T.);
#9066 = SURFACE_CURVE('',#9067,(#9071,#9078),.PCURVE_S1.);
#9067 = LINE('',#9068,#9069);
#9068 = CARTESIAN_POINT('',(10.378214150272,65.050576385224,-4.5));
#9069 = VECTOR('',#9070,1.);
#9070 = DIRECTION('',(-0.,-0.,1.));
#9071 = PCURVE('',#6048,#9072);
#9072 = DEFINITIONAL_REPRESENTATION('',(#9073),#9077);
#9073 = LINE('',#9074,#9075);
#9074 = CARTESIAN_POINT('',(-4.96763192415,0.));
#9075 = VECTOR('',#9076,1.);
#9076 = DIRECTION('',(-0.,-1.));
#9077 = ( GEOMETRIC_REPRESENTATION_CONTEXT(2) 
PARAMETRIC_REPRESENTATION_CONTEXT() REPRESENTATION_CONTEXT('2D SPACE',''
  ) );
#9078 = PCURVE('',#6020,#9079);
#9079 = DEFINITIONAL_REPRESENTATION('',(#9080),#9084);
#9080 = LINE('',#9081,#9082);
#9081 = CARTESIAN_POINT('',(-1.7763568394E-15,0.));
#9082 = VECTOR('',#9083,1.);
#9083 = DIRECTION('',(-0.,-1.));
#9084 = ( GEOMETRIC_REPRESENTATION_CONTEXT(2) 
PARAMETRIC_REPRESENTATION_CONTEXT() REPRESENTATION_CONTEXT('2D SPACE',''
  ) );
#9085 = ADVANCED_FACE('',(#9086),#6020,.T.);
#9086 = FACE_BOUND('',#9087,.F.);
#9087 = EDGE_LOOP('',(#9088,#9111,#9112,#9113));
#9088 = ORIENTED_EDGE('',*,*,#9089,.F.);
#9089 = EDGE_CURVE('',#9041,#9090,#9092,.T.);
#9090 = VERTEX_POINT('',#9091);
#9091 = CARTESIAN_POINT('',(27.300354996095,65.050576385224,-1.5));
#9092 = SURFACE_CURVE('',#9093,(#9097,#9104),.PCURVE_S1.);
#9093 = LINE('',#9094,#9095);
#9094 = CARTESIAN_POINT('',(13.662016063068,65.050576385224,-1.5));
#9095 = VECTOR('',#9096,1.);
#9096 = DIRECTION('',(1.,-0.,-0.));
#9097 = PCURVE('',#6020,#9098);
#9098 = DEFINITIONAL_REPRESENTATION('',(#9099),#9103);
#9099 = LINE('',#9100,#9101);
#9100 = CARTESIAN_POINT('',(-3.283801912796,-3.));
#9101 = VECTOR('',#9102,1.);
#9102 = DIRECTION('',(-1.,0.));
#9103 = ( GEOMETRIC_REPRESENTATION_CONTEXT(2) 
PARAMETRIC_REPRESENTATION_CONTEXT() REPRESENTATION_CONTEXT('2D SPACE',''
  ) );
#9104 = PCURVE('',#7394,#9105);
#9105 = DEFINITIONAL_REPRESENTATION('',(#9106),#9110);
#9106 = LINE('',#9107,#9108);
#9107 = CARTESIAN_POINT('',(13.662016063068,65.050576385224));
#9108 = VECTOR('',#9109,1.);
#9109 = DIRECTION('',(1.,-0.));
#9110 = ( GEOMETRIC_REPRESENTATION_CONTEXT(2) 
PARAMETRIC_REPRESENTATION_CONTEXT() REPRESENTATION_CONTEXT('2D SPACE',''
  ) );
#9111 = ORIENTED_EDGE('',*,*,#9065,.T.);
#9112 = ORIENTED_EDGE('',*,*,#6004,.T.);
#9113 = ORIENTED_EDGE('',*,*,#9114,.F.);
#9114 = EDGE_CURVE('',#9090,#5977,#9115,.T.);
#9115 = SURFACE_CURVE('',#9116,(#9120,#9127),.PCURVE_S1.);
#9116 = LINE('',#9117,#9118);
#9117 = CARTESIAN_POINT('',(27.300354996095,65.050576385224,-4.5));
#9118 = VECTOR('',#9119,1.);
#9119 = DIRECTION('',(-0.,-0.,1.));
#9120 = PCURVE('',#6020,#9121);
#9121 = DEFINITIONAL_REPRESENTATION('',(#9122),#9126);
#9122 = LINE('',#9123,#9124);
#9123 = CARTESIAN_POINT('',(-16.92214084582,0.));
#9124 = VECTOR('',#9125,1.);
#9125 = DIRECTION('',(-0.,-1.));
#9126 = ( GEOMETRIC_REPRESENTATION_CONTEXT(2) 
PARAMETRIC_REPRESENTATION_CONTEXT() REPRESENTATION_CONTEXT('2D SPACE',''
  ) );
#9127 = PCURVE('',#5992,#9128);
#9128 = DEFINITIONAL_REPRESENTATION('',(#9129),#9133);
#9129 = LINE('',#9130,#9131);
#9130 = CARTESIAN_POINT('',(-0.,-0.));
#9131 = VECTOR('',#9132,1.);
#9132 = DIRECTION('',(-0.,-1.));
#9133 = ( GEOMETRIC_REPRESENTATION_CONTEXT(2) 
PARAMETRIC_REPRESENTATION_CONTEXT() REPRESENTATION_CONTEXT('2D SPACE',''
  ) );
#9134 = ADVANCED_FACE('',(#9135),#5992,.T.);
#9135 = FACE_BOUND('',#9136,.F.);
#9136 = EDGE_LOOP('',(#9137,#9160,#9161,#9162));
#9137 = ORIENTED_EDGE('',*,*,#9138,.F.);
#9138 = EDGE_CURVE('',#9090,#9139,#9141,.T.);
#9139 = VERTEX_POINT('',#9140);
#9140 = CARTESIAN_POINT('',(29.122558189882,62.230576385224,-1.5));
#9141 = SURFACE_CURVE('',#9142,(#9146,#9153),.PCURVE_S1.);
#9142 = LINE('',#9143,#9144);
#9143 = CARTESIAN_POINT('',(38.780276030637,47.284513068139,-1.5));
#9144 = VECTOR('',#9145,1.);
#9145 = DIRECTION('',(0.54272575441,-0.839909968687,0.));
#9146 = PCURVE('',#5992,#9147);
#9147 = DEFINITIONAL_REPRESENTATION('',(#9148),#9152);
#9148 = LINE('',#9149,#9150);
#9149 = CARTESIAN_POINT('',(-21.15234248838,-3.));
#9150 = VECTOR('',#9151,1.);
#9151 = DIRECTION('',(-1.,0.));
#9152 = ( GEOMETRIC_REPRESENTATION_CONTEXT(2) 
PARAMETRIC_REPRESENTATION_CONTEXT() REPRESENTATION_CONTEXT('2D SPACE',''
  ) );
#9153 = PCURVE('',#7394,#9154);
#9154 = DEFINITIONAL_REPRESENTATION('',(#9155),#9159);
#9155 = LINE('',#9156,#9157);
#9156 = CARTESIAN_POINT('',(38.780276030637,47.284513068139));
#9157 = VECTOR('',#9158,1.);
#9158 = DIRECTION('',(0.54272575441,-0.839909968687));
#9159 = ( GEOMETRIC_REPRESENTATION_CONTEXT(2) 
PARAMETRIC_REPRESENTATION_CONTEXT() REPRESENTATION_CONTEXT('2D SPACE',''
  ) );
#9160 = ORIENTED_EDGE('',*,*,#9114,.T.);
#9161 = ORIENTED_EDGE('',*,*,#5976,.T.);
#9162 = ORIENTED_EDGE('',*,*,#9163,.F.);
#9163 = EDGE_CURVE('',#9139,#5949,#9164,.T.);
#9164 = SURFACE_CURVE('',#9165,(#9169,#9176),.PCURVE_S1.);
#9165 = LINE('',#9166,#9167);
#9166 = CARTESIAN_POINT('',(29.122558189882,62.230576385224,-4.5));
#9167 = VECTOR('',#9168,1.);
#9168 = DIRECTION('',(-0.,-0.,1.));
#9169 = PCURVE('',#5992,#9170);
#9170 = DEFINITIONAL_REPRESENTATION('',(#9171),#9175);
#9171 = LINE('',#9172,#9173);
#9172 = CARTESIAN_POINT('',(-3.357502714734,0.));
#9173 = VECTOR('',#9174,1.);
#9174 = DIRECTION('',(-0.,-1.));
#9175 = ( GEOMETRIC_REPRESENTATION_CONTEXT(2) 
PARAMETRIC_REPRESENTATION_CONTEXT() REPRESENTATION_CONTEXT('2D SPACE',''
  ) );
#9176 = PCURVE('',#5964,#9177);
#9177 = DEFINITIONAL_REPRESENTATION('',(#9178),#9182);
#9178 = LINE('',#9179,#9180);
#9179 = CARTESIAN_POINT('',(-0.,0.));
#9180 = VECTOR('',#9181,1.);
#9181 = DIRECTION('',(-0.,-1.));
#9182 = ( GEOMETRIC_REPRESENTATION_CONTEXT(2) 
PARAMETRIC_REPRESENTATION_CONTEXT() REPRESENTATION_CONTEXT('2D SPACE',''
  ) );
#9183 = ADVANCED_FACE('',(#9184),#5964,.T.);
#9184 = FACE_BOUND('',#9185,.F.);
#9185 = EDGE_LOOP('',(#9186,#9209,#9210,#9211));
#9186 = ORIENTED_EDGE('',*,*,#9187,.F.);
#9187 = EDGE_CURVE('',#9139,#9188,#9190,.T.);
#9188 = VERTEX_POINT('',#9189);
#9189 = CARTESIAN_POINT('',(64.104279646349,62.230576385224,-1.5));
#9190 = SURFACE_CURVE('',#9191,(#9195,#9202),.PCURVE_S1.);
#9191 = LINE('',#9192,#9193);
#9192 = CARTESIAN_POINT('',(23.854815624974,62.230576385224,-1.5));
#9193 = VECTOR('',#9194,1.);
#9194 = DIRECTION('',(1.,-0.,-0.));
#9195 = PCURVE('',#5964,#9196);
#9196 = DEFINITIONAL_REPRESENTATION('',(#9197),#9201);
#9197 = LINE('',#9198,#9199);
#9198 = CARTESIAN_POINT('',(5.267742564907,-3.));
#9199 = VECTOR('',#9200,1.);
#9200 = DIRECTION('',(-1.,0.));
#9201 = ( GEOMETRIC_REPRESENTATION_CONTEXT(2) 
PARAMETRIC_REPRESENTATION_CONTEXT() REPRESENTATION_CONTEXT('2D SPACE',''
  ) );
#9202 = PCURVE('',#7394,#9203);
#9203 = DEFINITIONAL_REPRESENTATION('',(#9204),#9208);
#9204 = LINE('',#9205,#9206);
#9205 = CARTESIAN_POINT('',(23.854815624974,62.230576385224));
#9206 = VECTOR('',#9207,1.);
#9207 = DIRECTION('',(1.,-0.));
#9208 = ( GEOMETRIC_REPRESENTATION_CONTEXT(2) 
PARAMETRIC_REPRESENTATION_CONTEXT() REPRESENTATION_CONTEXT('2D SPACE',''
  ) );
#9209 = ORIENTED_EDGE('',*,*,#9163,.T.);
#9210 = ORIENTED_EDGE('',*,*,#5948,.T.);
#9211 = ORIENTED_EDGE('',*,*,#9212,.F.);
#9212 = EDGE_CURVE('',#9188,#5921,#9213,.T.);
#9213 = SURFACE_CURVE('',#9214,(#9218,#9225),.PCURVE_S1.);
#9214 = LINE('',#9215,#9216);
#9215 = CARTESIAN_POINT('',(64.104279646349,62.230576385224,-4.5));
#9216 = VECTOR('',#9217,1.);
#9217 = DIRECTION('',(-0.,-0.,1.));
#9218 = PCURVE('',#5964,#9219);
#9219 = DEFINITIONAL_REPRESENTATION('',(#9220),#9224);
#9220 = LINE('',#9221,#9222);
#9221 = CARTESIAN_POINT('',(-34.98172145646,0.));
#9222 = VECTOR('',#9223,1.);
#9223 = DIRECTION('',(-0.,-1.));
#9224 = ( GEOMETRIC_REPRESENTATION_CONTEXT(2) 
PARAMETRIC_REPRESENTATION_CONTEXT() REPRESENTATION_CONTEXT('2D SPACE',''
  ) );
#9225 = PCURVE('',#5936,#9226);
#9226 = DEFINITIONAL_REPRESENTATION('',(#9227),#9231);
#9227 = LINE('',#9228,#9229);
#9228 = CARTESIAN_POINT('',(-0.,-0.));
#9229 = VECTOR('',#9230,1.);
#9230 = DIRECTION('',(-0.,-1.));
#9231 = ( GEOMETRIC_REPRESENTATION_CONTEXT(2) 
PARAMETRIC_REPRESENTATION_CONTEXT() REPRESENTATION_CONTEXT('2D SPACE',''
  ) );
#9232 = ADVANCED_FACE('',(#9233),#5936,.T.);
#9233 = FACE_BOUND('',#9234,.F.);
#9234 = EDGE_LOOP('',(#9235,#9258,#9259,#9260));
#9235 = ORIENTED_EDGE('',*,*,#9236,.F.);
#9236 = EDGE_CURVE('',#9188,#9237,#9239,.T.);
#9237 = VERTEX_POINT('',#9238);
#9238 = CARTESIAN_POINT('',(88.171399926438,57.827727900301,-1.5));
#9239 = SURFACE_CURVE('',#9240,(#9244,#9251),.PCURVE_S1.);
#9240 = LINE('',#9241,#9242);
#9241 = CARTESIAN_POINT('',(42.200803652495,66.237606930289,-1.5));
#9242 = VECTOR('',#9243,1.);
#9243 = DIRECTION('',(0.983675044675,-0.179953900994,0.));
#9244 = PCURVE('',#5936,#9245);
#9245 = DEFINITIONAL_REPRESENTATION('',(#9246),#9250);
#9246 = LINE('',#9247,#9248);
#9247 = CARTESIAN_POINT('',(22.266983504786,-3.));
#9248 = VECTOR('',#9249,1.);
#9249 = DIRECTION('',(-1.,0.));
#9250 = ( GEOMETRIC_REPRESENTATION_CONTEXT(2) 
PARAMETRIC_REPRESENTATION_CONTEXT() REPRESENTATION_CONTEXT('2D SPACE',''
  ) );
#9251 = PCURVE('',#7394,#9252);
#9252 = DEFINITIONAL_REPRESENTATION('',(#9253),#9257);
#9253 = LINE('',#9254,#9255);
#9254 = CARTESIAN_POINT('',(42.200803652495,66.237606930289));
#9255 = VECTOR('',#9256,1.);
#9256 = DIRECTION('',(0.983675044675,-0.179953900994));
#9257 = ( GEOMETRIC_REPRESENTATION_CONTEXT(2) 
PARAMETRIC_REPRESENTATION_CONTEXT() REPRESENTATION_CONTEXT('2D SPACE',''
  ) );
#9258 = ORIENTED_EDGE('',*,*,#9212,.T.);
#9259 = ORIENTED_EDGE('',*,*,#5920,.T.);
#9260 = ORIENTED_EDGE('',*,*,#9261,.F.);
#9261 = EDGE_CURVE('',#9237,#5893,#9262,.T.);
#9262 = SURFACE_CURVE('',#9263,(#9267,#9274),.PCURVE_S1.);
#9263 = LINE('',#9264,#9265);
#9264 = CARTESIAN_POINT('',(88.171399926438,57.827727900301,-4.5));
#9265 = VECTOR('',#9266,1.);
#9266 = DIRECTION('',(-0.,-0.,1.));
#9267 = PCURVE('',#5936,#9268);
#9268 = DEFINITIONAL_REPRESENTATION('',(#9269),#9273);
#9269 = LINE('',#9270,#9271);
#9270 = CARTESIAN_POINT('',(-24.46653537707,0.));
#9271 = VECTOR('',#9272,1.);
#9272 = DIRECTION('',(-0.,-1.));
#9273 = ( GEOMETRIC_REPRESENTATION_CONTEXT(2) 
PARAMETRIC_REPRESENTATION_CONTEXT() REPRESENTATION_CONTEXT('2D SPACE',''
  ) );
#9274 = PCURVE('',#5908,#9275);
#9275 = DEFINITIONAL_REPRESENTATION('',(#9276),#9280);
#9276 = LINE('',#9277,#9278);
#9277 = CARTESIAN_POINT('',(-7.810249675907,0.));
#9278 = VECTOR('',#9279,1.);
#9279 = DIRECTION('',(-0.,-1.));
#9280 = ( GEOMETRIC_REPRESENTATION_CONTEXT(2) 
PARAMETRIC_REPRESENTATION_CONTEXT() REPRESENTATION_CONTEXT('2D SPACE',''
  ) );
#9281 = ADVANCED_FACE('',(#9282),#5908,.F.);
#9282 = FACE_BOUND('',#9283,.T.);
#9283 = EDGE_LOOP('',(#9284,#9307,#9328,#9329));
#9284 = ORIENTED_EDGE('',*,*,#9285,.F.);
#9285 = EDGE_CURVE('',#9286,#9237,#9288,.T.);
#9286 = VERTEX_POINT('',#9287);
#9287 = CARTESIAN_POINT('',(93.171399926438,51.827727900301,-1.5));
#9288 = SURFACE_CURVE('',#9289,(#9293,#9300),.PCURVE_S1.);
#9289 = LINE('',#9290,#9291);
#9290 = CARTESIAN_POINT('',(84.995640564105,61.638639135101,-1.5));
#9291 = VECTOR('',#9292,1.);
#9292 = DIRECTION('',(-0.640184399664,0.768221279597,-0.));
#9293 = PCURVE('',#5908,#9294);
#9294 = DEFINITIONAL_REPRESENTATION('',(#9295),#9299);
#9295 = LINE('',#9296,#9297);
#9296 = CARTESIAN_POINT('',(-12.77094438199,-3.));
#9297 = VECTOR('',#9298,1.);
#9298 = DIRECTION('',(-1.,0.));
#9299 = ( GEOMETRIC_REPRESENTATION_CONTEXT(2) 
PARAMETRIC_REPRESENTATION_CONTEXT() REPRESENTATION_CONTEXT('2D SPACE',''
  ) );
#9300 = PCURVE('',#7394,#9301);
#9301 = DEFINITIONAL_REPRESENTATION('',(#9302),#9306);
#9302 = LINE('',#9303,#9304);
#9303 = CARTESIAN_POINT('',(84.995640564105,61.638639135101));
#9304 = VECTOR('',#9305,1.);
#9305 = DIRECTION('',(-0.640184399664,0.768221279597));
#9306 = ( GEOMETRIC_REPRESENTATION_CONTEXT(2) 
PARAMETRIC_REPRESENTATION_CONTEXT() REPRESENTATION_CONTEXT('2D SPACE',''
  ) );
#9307 = ORIENTED_EDGE('',*,*,#9308,.T.);
#9308 = EDGE_CURVE('',#9286,#5865,#9309,.T.);
#9309 = SURFACE_CURVE('',#9310,(#9314,#9321),.PCURVE_S1.);
#9310 = LINE('',#9311,#9312);
#9311 = CARTESIAN_POINT('',(93.171399926438,51.827727900301,-4.5));
#9312 = VECTOR('',#9313,1.);
#9313 = DIRECTION('',(-0.,-0.,1.));
#9314 = PCURVE('',#5908,#9315);
#9315 = DEFINITIONAL_REPRESENTATION('',(#9316),#9320);
#9316 = LINE('',#9317,#9318);
#9317 = CARTESIAN_POINT('',(-0.,0.));
#9318 = VECTOR('',#9319,1.);
#9319 = DIRECTION('',(-0.,-1.));
#9320 = ( GEOMETRIC_REPRESENTATION_CONTEXT(2) 
PARAMETRIC_REPRESENTATION_CONTEXT() REPRESENTATION_CONTEXT('2D SPACE',''
  ) );
#9321 = PCURVE('',#5880,#9322);
#9322 = DEFINITIONAL_REPRESENTATION('',(#9323),#9327);
#9323 = LINE('',#9324,#9325);
#9324 = CARTESIAN_POINT('',(-4.410143083699,0.));
#9325 = VECTOR('',#9326,1.);
#9326 = DIRECTION('',(-0.,-1.));
#9327 = ( GEOMETRIC_REPRESENTATION_CONTEXT(2) 
PARAMETRIC_REPRESENTATION_CONTEXT() REPRESENTATION_CONTEXT('2D SPACE',''
  ) );
#9328 = ORIENTED_EDGE('',*,*,#5892,.T.);
#9329 = ORIENTED_EDGE('',*,*,#9261,.F.);
#9330 = ADVANCED_FACE('',(#9331),#5880,.F.);
#9331 = FACE_BOUND('',#9332,.T.);
#9332 = EDGE_LOOP('',(#9333,#9356,#9377,#9378));
#9333 = ORIENTED_EDGE('',*,*,#9334,.F.);
#9334 = EDGE_CURVE('',#9335,#9286,#9337,.T.);
#9335 = VERTEX_POINT('',#9336);
#9336 = CARTESIAN_POINT('',(94.361031481291,47.58106582493,-1.5));
#9337 = SURFACE_CURVE('',#9338,(#9342,#9349),.PCURVE_S1.);
#9338 = LINE('',#9339,#9340);
#9339 = CARTESIAN_POINT('',(98.016169229793,34.533215174452,-1.5));
#9340 = VECTOR('',#9341,1.);
#9341 = DIRECTION('',(-0.269748970107,0.962930679294,-0.));
#9342 = PCURVE('',#5880,#9343);
#9343 = DEFINITIONAL_REPRESENTATION('',(#9344),#9348);
#9344 = LINE('',#9345,#9346);
#9345 = CARTESIAN_POINT('',(13.550145333453,-3.));
#9346 = VECTOR('',#9347,1.);
#9347 = DIRECTION('',(-1.,0.));
#9348 = ( GEOMETRIC_REPRESENTATION_CONTEXT(2) 
PARAMETRIC_REPRESENTATION_CONTEXT() REPRESENTATION_CONTEXT('2D SPACE',''
  ) );
#9349 = PCURVE('',#7394,#9350);
#9350 = DEFINITIONAL_REPRESENTATION('',(#9351),#9355);
#9351 = LINE('',#9352,#9353);
#9352 = CARTESIAN_POINT('',(98.016169229793,34.533215174452));
#9353 = VECTOR('',#9354,1.);
#9354 = DIRECTION('',(-0.269748970107,0.962930679294));
#9355 = ( GEOMETRIC_REPRESENTATION_CONTEXT(2) 
PARAMETRIC_REPRESENTATION_CONTEXT() REPRESENTATION_CONTEXT('2D SPACE',''
  ) );
#9356 = ORIENTED_EDGE('',*,*,#9357,.T.);
#9357 = EDGE_CURVE('',#9335,#5832,#9358,.T.);
#9358 = SURFACE_CURVE('',#9359,(#9363,#9370),.PCURVE_S1.);
#9359 = LINE('',#9360,#9361);
#9360 = CARTESIAN_POINT('',(94.361031481291,47.58106582493,-4.5));
#9361 = VECTOR('',#9362,1.);
#9362 = DIRECTION('',(-0.,-0.,1.));
#9363 = PCURVE('',#5880,#9364);
#9364 = DEFINITIONAL_REPRESENTATION('',(#9365),#9369);
#9365 = LINE('',#9366,#9367);
#9366 = CARTESIAN_POINT('',(-0.,0.));
#9367 = VECTOR('',#9368,1.);
#9368 = DIRECTION('',(-0.,-1.));
#9369 = ( GEOMETRIC_REPRESENTATION_CONTEXT(2) 
PARAMETRIC_REPRESENTATION_CONTEXT() REPRESENTATION_CONTEXT('2D SPACE',''
  ) );
#9370 = PCURVE('',#5852,#9371);
#9371 = DEFINITIONAL_REPRESENTATION('',(#9372),#9376);
#9372 = LINE('',#9373,#9374);
#9373 = CARTESIAN_POINT('',(7.563962480487,0.));
#9374 = VECTOR('',#9375,1.);
#9375 = DIRECTION('',(0.,-1.));
#9376 = ( GEOMETRIC_REPRESENTATION_CONTEXT(2) 
PARAMETRIC_REPRESENTATION_CONTEXT() REPRESENTATION_CONTEXT('2D SPACE',''
  ) );
#9377 = ORIENTED_EDGE('',*,*,#5864,.T.);
#9378 = ORIENTED_EDGE('',*,*,#9308,.F.);
#9379 = ADVANCED_FACE('',(#9380),#5852,.T.);
#9380 = FACE_BOUND('',#9381,.T.);
#9381 = EDGE_LOOP('',(#9382,#9410,#9431,#9432));
#9382 = ORIENTED_EDGE('',*,*,#9383,.F.);
#9383 = EDGE_CURVE('',#9384,#9335,#9386,.T.);
#9384 = VERTEX_POINT('',#9385);
#9385 = CARTESIAN_POINT('',(96.329917301766,40.552677320579,-1.5));
#9386 = SURFACE_CURVE('',#9387,(#9392,#9399),.PCURVE_S1.);
#9387 = CIRCLE('',#9388,3.649998333333);
#9388 = AXIS2_PLACEMENT_3D('',#9389,#9390,#9391);
#9389 = CARTESIAN_POINT('',(95.404823644136,44.08349727605,-1.5));
#9390 = DIRECTION('',(0.,0.,-1.));
#9391 = DIRECTION('',(-1.,-0.,-0.));
#9392 = PCURVE('',#5852,#9393);
#9393 = DEFINITIONAL_REPRESENTATION('',(#9394),#9398);
#9394 = LINE('',#9395,#9396);
#9395 = CARTESIAN_POINT('',(0.,-3.));
#9396 = VECTOR('',#9397,1.);
#9397 = DIRECTION('',(1.,0.));
#9398 = ( GEOMETRIC_REPRESENTATION_CONTEXT(2) 
PARAMETRIC_REPRESENTATION_CONTEXT() REPRESENTATION_CONTEXT('2D SPACE',''
  ) );
#9399 = PCURVE('',#7394,#9400);
#9400 = DEFINITIONAL_REPRESENTATION('',(#9401),#9409);
#9401 = ( BOUNDED_CURVE() B_SPLINE_CURVE(2,(#9402,#9403,#9404,#9405,
#9406,#9407,#9408),.UNSPECIFIED.,.T.,.F.) B_SPLINE_CURVE_WITH_KNOTS((1,2
    ,2,2,2,1),(-2.094395102393,0.,2.094395102393,4.188790204786,
6.28318530718,8.377580409573),.UNSPECIFIED.) CURVE() 
GEOMETRIC_REPRESENTATION_ITEM() RATIONAL_B_SPLINE_CURVE((1.,0.5,1.,0.5,
1.,0.5,1.)) REPRESENTATION_ITEM('') );
#9402 = CARTESIAN_POINT('',(91.754825310803,44.08349727605));
#9403 = CARTESIAN_POINT('',(91.754825310803,50.405479836925));
#9404 = CARTESIAN_POINT('',(97.229822810803,47.244488556487));
#9405 = CARTESIAN_POINT('',(102.7048203108,44.08349727605));
#9406 = CARTESIAN_POINT('',(97.229822810803,40.922505995612));
#9407 = CARTESIAN_POINT('',(91.754825310803,37.761514715175));
#9408 = CARTESIAN_POINT('',(91.754825310803,44.08349727605));
#9409 = ( GEOMETRIC_REPRESENTATION_CONTEXT(2) 
PARAMETRIC_REPRESENTATION_CONTEXT() REPRESENTATION_CONTEXT('2D SPACE',''
  ) );
#9410 = ORIENTED_EDGE('',*,*,#9411,.T.);
#9411 = EDGE_CURVE('',#9384,#5804,#9412,.T.);
#9412 = SURFACE_CURVE('',#9413,(#9417,#9424),.PCURVE_S1.);
#9413 = LINE('',#9414,#9415);
#9414 = CARTESIAN_POINT('',(96.329917301766,40.552677320579,-4.5));
#9415 = VECTOR('',#9416,1.);
#9416 = DIRECTION('',(-0.,-0.,1.));
#9417 = PCURVE('',#5852,#9418);
#9418 = DEFINITIONAL_REPRESENTATION('',(#9419),#9423);
#9419 = LINE('',#9420,#9421);
#9420 = CARTESIAN_POINT('',(4.45614347724,0.));
#9421 = VECTOR('',#9422,1.);
#9422 = DIRECTION('',(0.,-1.));
#9423 = ( GEOMETRIC_REPRESENTATION_CONTEXT(2) 
PARAMETRIC_REPRESENTATION_CONTEXT() REPRESENTATION_CONTEXT('2D SPACE',''
  ) );
#9424 = PCURVE('',#5819,#9425);
#9425 = DEFINITIONAL_REPRESENTATION('',(#9426),#9430);
#9426 = LINE('',#9427,#9428);
#9427 = CARTESIAN_POINT('',(-4.479461254617,0.));
#9428 = VECTOR('',#9429,1.);
#9429 = DIRECTION('',(-0.,-1.));
#9430 = ( GEOMETRIC_REPRESENTATION_CONTEXT(2) 
PARAMETRIC_REPRESENTATION_CONTEXT() REPRESENTATION_CONTEXT('2D SPACE',''
  ) );
#9431 = ORIENTED_EDGE('',*,*,#5831,.T.);
#9432 = ORIENTED_EDGE('',*,*,#9357,.F.);
#9433 = ADVANCED_FACE('',(#9434),#5819,.F.);
#9434 = FACE_BOUND('',#9435,.T.);
#9435 = EDGE_LOOP('',(#9436,#9459,#9480,#9481));
#9436 = ORIENTED_EDGE('',*,*,#9437,.F.);
#9437 = EDGE_CURVE('',#9438,#9384,#9440,.T.);
#9438 = VERTEX_POINT('',#9439);
#9439 = CARTESIAN_POINT('',(97.538247361834,36.239266651798,-1.5));
#9440 = SURFACE_CURVE('',#9441,(#9445,#9452),.PCURVE_S1.);
#9441 = LINE('',#9442,#9443);
#9442 = CARTESIAN_POINT('',(98.016169229793,34.533215174452,-1.5));
#9443 = VECTOR('',#9444,1.);
#9444 = DIRECTION('',(-0.269748970107,0.962930679294,-0.));
#9445 = PCURVE('',#5819,#9446);
#9446 = DEFINITIONAL_REPRESENTATION('',(#9447),#9451);
#9447 = LINE('',#9448,#9449);
#9448 = CARTESIAN_POINT('',(1.771728239665,-3.));
#9449 = VECTOR('',#9450,1.);
#9450 = DIRECTION('',(-1.,0.));
#9451 = ( GEOMETRIC_REPRESENTATION_CONTEXT(2) 
PARAMETRIC_REPRESENTATION_CONTEXT() REPRESENTATION_CONTEXT('2D SPACE',''
  ) );
#9452 = PCURVE('',#7394,#9453);
#9453 = DEFINITIONAL_REPRESENTATION('',(#9454),#9458);
#9454 = LINE('',#9455,#9456);
#9455 = CARTESIAN_POINT('',(98.016169229793,34.533215174452));
#9456 = VECTOR('',#9457,1.);
#9457 = DIRECTION('',(-0.269748970107,0.962930679294));
#9458 = ( GEOMETRIC_REPRESENTATION_CONTEXT(2) 
PARAMETRIC_REPRESENTATION_CONTEXT() REPRESENTATION_CONTEXT('2D SPACE',''
  ) );
#9459 = ORIENTED_EDGE('',*,*,#9460,.T.);
#9460 = EDGE_CURVE('',#9438,#5776,#9461,.T.);
#9461 = SURFACE_CURVE('',#9462,(#9466,#9473),.PCURVE_S1.);
#9462 = LINE('',#9463,#9464);
#9463 = CARTESIAN_POINT('',(97.538247361834,36.239266651798,-4.5));
#9464 = VECTOR('',#9465,1.);
#9465 = DIRECTION('',(-0.,-0.,1.));
#9466 = PCURVE('',#5819,#9467);
#9467 = DEFINITIONAL_REPRESENTATION('',(#9468),#9472);
#9468 = LINE('',#9469,#9470);
#9469 = CARTESIAN_POINT('',(-0.,0.));
#9470 = VECTOR('',#9471,1.);
#9471 = DIRECTION('',(-0.,-1.));
#9472 = ( GEOMETRIC_REPRESENTATION_CONTEXT(2) 
PARAMETRIC_REPRESENTATION_CONTEXT() REPRESENTATION_CONTEXT('2D SPACE',''
  ) );
#9473 = PCURVE('',#5791,#9474);
#9474 = DEFINITIONAL_REPRESENTATION('',(#9475),#9479);
#9475 = LINE('',#9476,#9477);
#9476 = CARTESIAN_POINT('',(-4.872152636917,-8.881784197001E-16));
#9477 = VECTOR('',#9478,1.);
#9478 = DIRECTION('',(-0.,-1.));
#9479 = ( GEOMETRIC_REPRESENTATION_CONTEXT(2) 
PARAMETRIC_REPRESENTATION_CONTEXT() REPRESENTATION_CONTEXT('2D SPACE',''
  ) );
#9480 = ORIENTED_EDGE('',*,*,#5803,.T.);
#9481 = ORIENTED_EDGE('',*,*,#9411,.F.);
#9482 = ADVANCED_FACE('',(#9483),#5791,.F.);
#9483 = FACE_BOUND('',#9484,.T.);
#9484 = EDGE_LOOP('',(#9485,#9508,#9529,#9530));
#9485 = ORIENTED_EDGE('',*,*,#9486,.F.);
#9486 = EDGE_CURVE('',#9487,#9438,#9489,.T.);
#9487 = VERTEX_POINT('',#9488);
#9488 = CARTESIAN_POINT('',(98.498249174035,31.46262893914,-1.5));
#9489 = SURFACE_CURVE('',#9490,(#9494,#9501),.PCURVE_S1.);
#9490 = LINE('',#9491,#9492);
#9491 = CARTESIAN_POINT('',(99.271795019694,27.613731768446,-1.5));
#9492 = VECTOR('',#9493,1.);
#9493 = DIRECTION('',(-0.197038533836,0.980395744679,-0.));
#9494 = PCURVE('',#5791,#9495);
#9495 = DEFINITIONAL_REPRESENTATION('',(#9496),#9500);
#9496 = LINE('',#9497,#9498);
#9497 = CARTESIAN_POINT('',(3.925860747137,-3.));
#9498 = VECTOR('',#9499,1.);
#9499 = DIRECTION('',(-1.,0.));
#9500 = ( GEOMETRIC_REPRESENTATION_CONTEXT(2) 
PARAMETRIC_REPRESENTATION_CONTEXT() REPRESENTATION_CONTEXT('2D SPACE',''
  ) );
#9501 = PCURVE('',#7394,#9502);
#9502 = DEFINITIONAL_REPRESENTATION('',(#9503),#9507);
#9503 = LINE('',#9504,#9505);
#9504 = CARTESIAN_POINT('',(99.271795019694,27.613731768446));
#9505 = VECTOR('',#9506,1.);
#9506 = DIRECTION('',(-0.197038533836,0.980395744679));
#9507 = ( GEOMETRIC_REPRESENTATION_CONTEXT(2) 
PARAMETRIC_REPRESENTATION_CONTEXT() REPRESENTATION_CONTEXT('2D SPACE',''
  ) );
#9508 = ORIENTED_EDGE('',*,*,#9509,.T.);
#9509 = EDGE_CURVE('',#9487,#5748,#9510,.T.);
#9510 = SURFACE_CURVE('',#9511,(#9515,#9522),.PCURVE_S1.);
#9511 = LINE('',#9512,#9513);
#9512 = CARTESIAN_POINT('',(98.498249174035,31.46262893914,-4.5));
#9513 = VECTOR('',#9514,1.);
#9514 = DIRECTION('',(-0.,-0.,1.));
#9515 = PCURVE('',#5791,#9516);
#9516 = DEFINITIONAL_REPRESENTATION('',(#9517),#9521);
#9517 = LINE('',#9518,#9519);
#9518 = CARTESIAN_POINT('',(-0.,-8.881784197001E-16));
#9519 = VECTOR('',#9520,1.);
#9520 = DIRECTION('',(-0.,-1.));
#9521 = ( GEOMETRIC_REPRESENTATION_CONTEXT(2) 
PARAMETRIC_REPRESENTATION_CONTEXT() REPRESENTATION_CONTEXT('2D SPACE',''
  ) );
#9522 = PCURVE('',#5763,#9523);
#9523 = DEFINITIONAL_REPRESENTATION('',(#9524),#9528);
#9524 = LINE('',#9525,#9526);
#9525 = CARTESIAN_POINT('',(-17.53299088324,0.));
#9526 = VECTOR('',#9527,1.);
#9527 = DIRECTION('',(-0.,-1.));
#9528 = ( GEOMETRIC_REPRESENTATION_CONTEXT(2) 
PARAMETRIC_REPRESENTATION_CONTEXT() REPRESENTATION_CONTEXT('2D SPACE',''
  ) );
#9529 = ORIENTED_EDGE('',*,*,#5775,.T.);
#9530 = ORIENTED_EDGE('',*,*,#9460,.F.);
#9531 = ADVANCED_FACE('',(#9532),#5763,.F.);
#9532 = FACE_BOUND('',#9533,.T.);
#9533 = EDGE_LOOP('',(#9534,#9557,#9578,#9579));
#9534 = ORIENTED_EDGE('',*,*,#9535,.F.);
#9535 = EDGE_CURVE('',#9536,#9487,#9538,.T.);
#9536 = VERTEX_POINT('',#9537);
#9537 = CARTESIAN_POINT('',(100.75869560677,14.075963035738,-1.5));
#9538 = SURFACE_CURVE('',#9539,(#9543,#9550),.PCURVE_S1.);
#9539 = LINE('',#9540,#9541);
#9540 = CARTESIAN_POINT('',(100.03030138386,19.678549682465,-1.5));
#9541 = VECTOR('',#9542,1.);
#9542 = DIRECTION('',(-0.128925318435,0.991654305828,-0.));
#9543 = PCURVE('',#5763,#9544);
#9544 = DEFINITIONAL_REPRESENTATION('',(#9545),#9549);
#9545 = LINE('',#9546,#9547);
#9546 = CARTESIAN_POINT('',(-5.649737629135,-3.));
#9547 = VECTOR('',#9548,1.);
#9548 = DIRECTION('',(-1.,0.));
#9549 = ( GEOMETRIC_REPRESENTATION_CONTEXT(2) 
PARAMETRIC_REPRESENTATION_CONTEXT() REPRESENTATION_CONTEXT('2D SPACE',''
  ) );
#9550 = PCURVE('',#7394,#9551);
#9551 = DEFINITIONAL_REPRESENTATION('',(#9552),#9556);
#9552 = LINE('',#9553,#9554);
#9553 = CARTESIAN_POINT('',(100.03030138386,19.678549682465));
#9554 = VECTOR('',#9555,1.);
#9555 = DIRECTION('',(-0.128925318435,0.991654305828));
#9556 = ( GEOMETRIC_REPRESENTATION_CONTEXT(2) 
PARAMETRIC_REPRESENTATION_CONTEXT() REPRESENTATION_CONTEXT('2D SPACE',''
  ) );
#9557 = ORIENTED_EDGE('',*,*,#9558,.T.);
#9558 = EDGE_CURVE('',#9536,#5720,#9559,.T.);
#9559 = SURFACE_CURVE('',#9560,(#9564,#9571),.PCURVE_S1.);
#9560 = LINE('',#9561,#9562);
#9561 = CARTESIAN_POINT('',(100.75869560677,14.075963035738,-4.5));
#9562 = VECTOR('',#9563,1.);
#9563 = DIRECTION('',(-0.,-0.,1.));
#9564 = PCURVE('',#5763,#9565);
#9565 = DEFINITIONAL_REPRESENTATION('',(#9566),#9570);
#9566 = LINE('',#9567,#9568);
#9567 = CARTESIAN_POINT('',(-1.761531908478E-15,0.));
#9568 = VECTOR('',#9569,1.);
#9569 = DIRECTION('',(-0.,-1.));
#9570 = ( GEOMETRIC_REPRESENTATION_CONTEXT(2) 
PARAMETRIC_REPRESENTATION_CONTEXT() REPRESENTATION_CONTEXT('2D SPACE',''
  ) );
#9571 = PCURVE('',#5735,#9572);
#9572 = DEFINITIONAL_REPRESENTATION('',(#9573),#9577);
#9573 = LINE('',#9574,#9575);
#9574 = CARTESIAN_POINT('',(-2.126140097241,0.));
#9575 = VECTOR('',#9576,1.);
#9576 = DIRECTION('',(-0.,-1.));
#9577 = ( GEOMETRIC_REPRESENTATION_CONTEXT(2) 
PARAMETRIC_REPRESENTATION_CONTEXT() REPRESENTATION_CONTEXT('2D SPACE',''
  ) );
#9578 = ORIENTED_EDGE('',*,*,#5747,.T.);
#9579 = ORIENTED_EDGE('',*,*,#9509,.F.);
#9580 = ADVANCED_FACE('',(#9581),#5735,.F.);
#9581 = FACE_BOUND('',#9582,.T.);
#9582 = EDGE_LOOP('',(#9583,#9606,#9627,#9628));
#9583 = ORIENTED_EDGE('',*,*,#9584,.F.);
#9584 = EDGE_CURVE('',#9585,#9536,#9587,.T.);
#9585 = VERTEX_POINT('',#9586);
#9586 = CARTESIAN_POINT('',(100.7861343344,11.95,-1.5));
#9587 = SURFACE_CURVE('',#9588,(#9592,#9599),.PCURVE_S1.);
#9588 = LINE('',#9589,#9590);
#9589 = CARTESIAN_POINT('',(100.84465231538,7.416004613027,-1.5));
#9590 = VECTOR('',#9591,1.);
#9591 = DIRECTION('',(-1.290541844621E-02,0.99991672162,-0.));
#9592 = PCURVE('',#5735,#9593);
#9593 = DEFINITIONAL_REPRESENTATION('',(#9594),#9598);
#9594 = LINE('',#9595,#9596);
#9595 = CARTESIAN_POINT('',(4.534373002212,-3.));
#9596 = VECTOR('',#9597,1.);
#9597 = DIRECTION('',(-1.,0.));
#9598 = ( GEOMETRIC_REPRESENTATION_CONTEXT(2) 
PARAMETRIC_REPRESENTATION_CONTEXT() REPRESENTATION_CONTEXT('2D SPACE',''
  ) );
#9599 = PCURVE('',#7394,#9600);
#9600 = DEFINITIONAL_REPRESENTATION('',(#9601),#9605);
#9601 = LINE('',#9602,#9603);
#9602 = CARTESIAN_POINT('',(100.84465231538,7.416004613027));
#9603 = VECTOR('',#9604,1.);
#9604 = DIRECTION('',(-1.290541844621E-02,0.99991672162));
#9605 = ( GEOMETRIC_REPRESENTATION_CONTEXT(2) 
PARAMETRIC_REPRESENTATION_CONTEXT() REPRESENTATION_CONTEXT('2D SPACE',''
  ) );
#9606 = ORIENTED_EDGE('',*,*,#9607,.T.);
#9607 = EDGE_CURVE('',#9585,#5692,#9608,.T.);
#9608 = SURFACE_CURVE('',#9609,(#9613,#9620),.PCURVE_S1.);
#9609 = LINE('',#9610,#9611);
#9610 = CARTESIAN_POINT('',(100.7861343344,11.95,-4.5));
#9611 = VECTOR('',#9612,1.);
#9612 = DIRECTION('',(-0.,-0.,1.));
#9613 = PCURVE('',#5735,#9614);
#9614 = DEFINITIONAL_REPRESENTATION('',(#9615),#9619);
#9615 = LINE('',#9616,#9617);
#9616 = CARTESIAN_POINT('',(-0.,0.));
#9617 = VECTOR('',#9618,1.);
#9618 = DIRECTION('',(-0.,-1.));
#9619 = ( GEOMETRIC_REPRESENTATION_CONTEXT(2) 
PARAMETRIC_REPRESENTATION_CONTEXT() REPRESENTATION_CONTEXT('2D SPACE',''
  ) );
#9620 = PCURVE('',#5707,#9621);
#9621 = DEFINITIONAL_REPRESENTATION('',(#9622),#9626);
#9622 = LINE('',#9623,#9624);
#9623 = CARTESIAN_POINT('',(-17.9,-0.));
#9624 = VECTOR('',#9625,1.);
#9625 = DIRECTION('',(-0.,-1.));
#9626 = ( GEOMETRIC_REPRESENTATION_CONTEXT(2) 
PARAMETRIC_REPRESENTATION_CONTEXT() REPRESENTATION_CONTEXT('2D SPACE',''
  ) );
#9627 = ORIENTED_EDGE('',*,*,#5719,.T.);
#9628 = ORIENTED_EDGE('',*,*,#9558,.F.);
#9629 = ADVANCED_FACE('',(#9630),#5707,.F.);
#9630 = FACE_BOUND('',#9631,.T.);
#9631 = EDGE_LOOP('',(#9632,#9655,#9676,#9677));
#9632 = ORIENTED_EDGE('',*,*,#9633,.F.);
#9633 = EDGE_CURVE('',#9634,#9585,#9636,.T.);
#9634 = VERTEX_POINT('',#9635);
#9635 = CARTESIAN_POINT('',(100.7861343344,-5.95,-1.5));
#9636 = SURFACE_CURVE('',#9637,(#9641,#9648),.PCURVE_S1.);
#9637 = LINE('',#9638,#9639);
#9638 = CARTESIAN_POINT('',(100.7861343344,3.247917753559,-1.5));
#9639 = VECTOR('',#9640,1.);
#9640 = DIRECTION('',(-0.,1.,-0.));
#9641 = PCURVE('',#5707,#9642);
#9642 = DEFINITIONAL_REPRESENTATION('',(#9643),#9647);
#9643 = LINE('',#9644,#9645);
#9644 = CARTESIAN_POINT('',(-9.197917753559,-3.));
#9645 = VECTOR('',#9646,1.);
#9646 = DIRECTION('',(-1.,0.));
#9647 = ( GEOMETRIC_REPRESENTATION_CONTEXT(2) 
PARAMETRIC_REPRESENTATION_CONTEXT() REPRESENTATION_CONTEXT('2D SPACE',''
  ) );
#9648 = PCURVE('',#7394,#9649);
#9649 = DEFINITIONAL_REPRESENTATION('',(#9650),#9654);
#9650 = LINE('',#9651,#9652);
#9651 = CARTESIAN_POINT('',(100.7861343344,3.247917753559));
#9652 = VECTOR('',#9653,1.);
#9653 = DIRECTION('',(-0.,1.));
#9654 = ( GEOMETRIC_REPRESENTATION_CONTEXT(2) 
PARAMETRIC_REPRESENTATION_CONTEXT() REPRESENTATION_CONTEXT('2D SPACE',''
  ) );
#9655 = ORIENTED_EDGE('',*,*,#9656,.T.);
#9656 = EDGE_CURVE('',#9634,#5664,#9657,.T.);
#9657 = SURFACE_CURVE('',#9658,(#9662,#9669),.PCURVE_S1.);
#9658 = LINE('',#9659,#9660);
#9659 = CARTESIAN_POINT('',(100.7861343344,-5.95,-4.5));
#9660 = VECTOR('',#9661,1.);
#9661 = DIRECTION('',(-0.,-0.,1.));
#9662 = PCURVE('',#5707,#9663);
#9663 = DEFINITIONAL_REPRESENTATION('',(#9664),#9668);
#9664 = LINE('',#9665,#9666);
#9665 = CARTESIAN_POINT('',(-8.881784197001E-16,-0.));
#9666 = VECTOR('',#9667,1.);
#9667 = DIRECTION('',(-0.,-1.));
#9668 = ( GEOMETRIC_REPRESENTATION_CONTEXT(2) 
PARAMETRIC_REPRESENTATION_CONTEXT() REPRESENTATION_CONTEXT('2D SPACE',''
  ) );
#9669 = PCURVE('',#5679,#9670);
#9670 = DEFINITIONAL_REPRESENTATION('',(#9671),#9675);
#9671 = LINE('',#9672,#9673);
#9672 = CARTESIAN_POINT('',(-22.04156251281,0.));
#9673 = VECTOR('',#9674,1.);
#9674 = DIRECTION('',(-0.,-1.));
#9675 = ( GEOMETRIC_REPRESENTATION_CONTEXT(2) 
PARAMETRIC_REPRESENTATION_CONTEXT() REPRESENTATION_CONTEXT('2D SPACE',''
  ) );
#9676 = ORIENTED_EDGE('',*,*,#5691,.T.);
#9677 = ORIENTED_EDGE('',*,*,#9607,.F.);
#9678 = ADVANCED_FACE('',(#9679),#5679,.F.);
#9679 = FACE_BOUND('',#9680,.T.);
#9680 = EDGE_LOOP('',(#9681,#9704,#9725,#9726));
#9681 = ORIENTED_EDGE('',*,*,#9682,.F.);
#9682 = EDGE_CURVE('',#9683,#9634,#9685,.T.);
#9683 = VERTEX_POINT('',#9684);
#9684 = CARTESIAN_POINT('',(81.758695606774,-17.07596303573,-1.5));
#9685 = SURFACE_CURVE('',#9686,(#9690,#9697),.PCURVE_S1.);
#9686 = LINE('',#9687,#9688);
#9687 = CARTESIAN_POINT('',(61.507082028221,-28.91774097098,-1.5));
#9688 = VECTOR('',#9689,1.);
#9689 = DIRECTION('',(0.863252717069,0.50477197473,-0.));
#9690 = PCURVE('',#5679,#9691);
#9691 = DEFINITIONAL_REPRESENTATION('',(#9692),#9696);
#9692 = LINE('',#9693,#9694);
#9693 = CARTESIAN_POINT('',(23.459658079406,-3.));
#9694 = VECTOR('',#9695,1.);
#9695 = DIRECTION('',(-1.,0.));
#9696 = ( GEOMETRIC_REPRESENTATION_CONTEXT(2) 
PARAMETRIC_REPRESENTATION_CONTEXT() REPRESENTATION_CONTEXT('2D SPACE',''
  ) );
#9697 = PCURVE('',#7394,#9698);
#9698 = DEFINITIONAL_REPRESENTATION('',(#9699),#9703);
#9699 = LINE('',#9700,#9701);
#9700 = CARTESIAN_POINT('',(61.507082028221,-28.91774097098));
#9701 = VECTOR('',#9702,1.);
#9702 = DIRECTION('',(0.863252717069,0.50477197473));
#9703 = ( GEOMETRIC_REPRESENTATION_CONTEXT(2) 
PARAMETRIC_REPRESENTATION_CONTEXT() REPRESENTATION_CONTEXT('2D SPACE',''
  ) );
#9704 = ORIENTED_EDGE('',*,*,#9705,.T.);
#9705 = EDGE_CURVE('',#9683,#5636,#9706,.T.);
#9706 = SURFACE_CURVE('',#9707,(#9711,#9718),.PCURVE_S1.);
#9707 = LINE('',#9708,#9709);
#9708 = CARTESIAN_POINT('',(81.758695606774,-17.07596303573,-4.5));
#9709 = VECTOR('',#9710,1.);
#9710 = DIRECTION('',(-0.,-0.,1.));
#9711 = PCURVE('',#5679,#9712);
#9712 = DEFINITIONAL_REPRESENTATION('',(#9713),#9717);
#9713 = LINE('',#9714,#9715);
#9714 = CARTESIAN_POINT('',(-1.585417954337E-14,0.));
#9715 = VECTOR('',#9716,1.);
#9716 = DIRECTION('',(-0.,-1.));
#9717 = ( GEOMETRIC_REPRESENTATION_CONTEXT(2) 
PARAMETRIC_REPRESENTATION_CONTEXT() REPRESENTATION_CONTEXT('2D SPACE',''
  ) );
#9718 = PCURVE('',#5651,#9719);
#9719 = DEFINITIONAL_REPRESENTATION('',(#9720),#9724);
#9720 = LINE('',#9721,#9722);
#9721 = CARTESIAN_POINT('',(3.523063816955E-15,-0.));
#9722 = VECTOR('',#9723,1.);
#9723 = DIRECTION('',(-0.,-1.));
#9724 = ( GEOMETRIC_REPRESENTATION_CONTEXT(2) 
PARAMETRIC_REPRESENTATION_CONTEXT() REPRESENTATION_CONTEXT('2D SPACE',''
  ) );
#9725 = ORIENTED_EDGE('',*,*,#5663,.T.);
#9726 = ORIENTED_EDGE('',*,*,#9656,.F.);
#9727 = ADVANCED_FACE('',(#9728),#5651,.T.);
#9728 = FACE_BOUND('',#9729,.F.);
#9729 = EDGE_LOOP('',(#9730,#9753,#9754,#9755));
#9730 = ORIENTED_EDGE('',*,*,#9731,.F.);
#9731 = EDGE_CURVE('',#9683,#9732,#9734,.T.);
#9732 = VERTEX_POINT('',#9733);
#9733 = CARTESIAN_POINT('',(80.576282015404,-26.17072846571,-1.5));
#9734 = SURFACE_CURVE('',#9735,(#9739,#9746),.PCURVE_S1.);
#9735 = LINE('',#9736,#9737);
#9736 = CARTESIAN_POINT('',(81.372726404527,-20.04472065426,-1.5));
#9737 = VECTOR('',#9738,1.);
#9738 = DIRECTION('',(-0.128925318435,-0.991654305828,-0.));
#9739 = PCURVE('',#5651,#9740);
#9740 = DEFINITIONAL_REPRESENTATION('',(#9741),#9745);
#9741 = LINE('',#9742,#9743);
#9742 = CARTESIAN_POINT('',(-2.993742477676,-3.));
#9743 = VECTOR('',#9744,1.);
#9744 = DIRECTION('',(-1.,0.));
#9745 = ( GEOMETRIC_REPRESENTATION_CONTEXT(2) 
PARAMETRIC_REPRESENTATION_CONTEXT() REPRESENTATION_CONTEXT('2D SPACE',''
  ) );
#9746 = PCURVE('',#7394,#9747);
#9747 = DEFINITIONAL_REPRESENTATION('',(#9748),#9752);
#9748 = LINE('',#9749,#9750);
#9749 = CARTESIAN_POINT('',(81.372726404527,-20.04472065426));
#9750 = VECTOR('',#9751,1.);
#9751 = DIRECTION('',(-0.128925318435,-0.991654305828));
#9752 = ( GEOMETRIC_REPRESENTATION_CONTEXT(2) 
PARAMETRIC_REPRESENTATION_CONTEXT() REPRESENTATION_CONTEXT('2D SPACE',''
  ) );
#9753 = ORIENTED_EDGE('',*,*,#9705,.T.);
#9754 = ORIENTED_EDGE('',*,*,#5635,.T.);
#9755 = ORIENTED_EDGE('',*,*,#9756,.F.);
#9756 = EDGE_CURVE('',#9732,#5603,#9757,.T.);
#9757 = SURFACE_CURVE('',#9758,(#9762,#9769),.PCURVE_S1.);
#9758 = LINE('',#9759,#9760);
#9759 = CARTESIAN_POINT('',(80.576282015404,-26.17072846571,-4.5));
#9760 = VECTOR('',#9761,1.);
#9761 = DIRECTION('',(-0.,-0.,1.));
#9762 = PCURVE('',#5651,#9763);
#9763 = DEFINITIONAL_REPRESENTATION('',(#9764),#9768);
#9764 = LINE('',#9765,#9766);
#9765 = CARTESIAN_POINT('',(-9.171306347916,0.));
#9766 = VECTOR('',#9767,1.);
#9767 = DIRECTION('',(-0.,-1.));
#9768 = ( GEOMETRIC_REPRESENTATION_CONTEXT(2) 
PARAMETRIC_REPRESENTATION_CONTEXT() REPRESENTATION_CONTEXT('2D SPACE',''
  ) );
#9769 = PCURVE('',#5623,#9770);
#9770 = DEFINITIONAL_REPRESENTATION('',(#9771),#9775);
#9771 = LINE('',#9772,#9773);
#9772 = CARTESIAN_POINT('',(7.825980599248,0.));
#9773 = VECTOR('',#9774,1.);
#9774 = DIRECTION('',(0.,-1.));
#9775 = ( GEOMETRIC_REPRESENTATION_CONTEXT(2) 
PARAMETRIC_REPRESENTATION_CONTEXT() REPRESENTATION_CONTEXT('2D SPACE',''
  ) );
#9776 = ADVANCED_FACE('',(#9777),#5623,.T.);
#9777 = FACE_BOUND('',#9778,.T.);
#9778 = EDGE_LOOP('',(#9779,#9807,#9828,#9829));
#9779 = ORIENTED_EDGE('',*,*,#9780,.F.);
#9780 = EDGE_CURVE('',#9781,#9732,#9783,.T.);
#9781 = VERTEX_POINT('',#9782);
#9782 = CARTESIAN_POINT('',(79.646745227213,-33.3204424988,-1.5));
#9783 = SURFACE_CURVE('',#9784,(#9789,#9796),.PCURVE_S1.);
#9784 = CIRCLE('',#9785,3.649998333333);
#9785 = AXIS2_PLACEMENT_3D('',#9786,#9787,#9788);
#9786 = CARTESIAN_POINT('',(80.678472390404,-29.81929598743,-1.5));
#9787 = DIRECTION('',(0.,0.,-1.));
#9788 = DIRECTION('',(-1.,-0.,-0.));
#9789 = PCURVE('',#5623,#9790);
#9790 = DEFINITIONAL_REPRESENTATION('',(#9791),#9795);
#9791 = LINE('',#9792,#9793);
#9792 = CARTESIAN_POINT('',(0.,-3.));
#9793 = VECTOR('',#9794,1.);
#9794 = DIRECTION('',(1.,0.));
#9795 = ( GEOMETRIC_REPRESENTATION_CONTEXT(2) 
PARAMETRIC_REPRESENTATION_CONTEXT() REPRESENTATION_CONTEXT('2D SPACE',''
  ) );
#9796 = PCURVE('',#7394,#9797);
#9797 = DEFINITIONAL_REPRESENTATION('',(#9798),#9806);
#9798 = ( BOUNDED_CURVE() B_SPLINE_CURVE(2,(#9799,#9800,#9801,#9802,
#9803,#9804,#9805),.UNSPECIFIED.,.T.,.F.) B_SPLINE_CURVE_WITH_KNOTS((1,2
    ,2,2,2,1),(-2.094395102393,0.,2.094395102393,4.188790204786,
6.28318530718,8.377580409573),.UNSPECIFIED.) CURVE() 
GEOMETRIC_REPRESENTATION_ITEM() RATIONAL_B_SPLINE_CURVE((1.,0.5,1.,0.5,
1.,0.5,1.)) REPRESENTATION_ITEM('') );
#9799 = CARTESIAN_POINT('',(77.028474057071,-29.81929598743));
#9800 = CARTESIAN_POINT('',(77.028474057071,-23.49731342656));
#9801 = CARTESIAN_POINT('',(82.503471557071,-26.658304707));
#9802 = CARTESIAN_POINT('',(87.978469057071,-29.81929598743));
#9803 = CARTESIAN_POINT('',(82.503471557071,-32.98028726787));
#9804 = CARTESIAN_POINT('',(77.028474057071,-36.14127854831));
#9805 = CARTESIAN_POINT('',(77.028474057071,-29.81929598743));
#9806 = ( GEOMETRIC_REPRESENTATION_CONTEXT(2) 
PARAMETRIC_REPRESENTATION_CONTEXT() REPRESENTATION_CONTEXT('2D SPACE',''
  ) );
#9807 = ORIENTED_EDGE('',*,*,#9808,.T.);
#9808 = EDGE_CURVE('',#9781,#5575,#9809,.T.);
#9809 = SURFACE_CURVE('',#9810,(#9814,#9821),.PCURVE_S1.);
#9810 = LINE('',#9811,#9812);
#9811 = CARTESIAN_POINT('',(79.646745227213,-33.3204424988,-4.5));
#9812 = VECTOR('',#9813,1.);
#9813 = DIRECTION('',(-0.,-0.,1.));
#9814 = PCURVE('',#5623,#9815);
#9815 = DEFINITIONAL_REPRESENTATION('',(#9816),#9820);
#9816 = LINE('',#9817,#9818);
#9817 = CARTESIAN_POINT('',(4.998960369358,0.));
#9818 = VECTOR('',#9819,1.);
#9819 = DIRECTION('',(0.,-1.));
#9820 = ( GEOMETRIC_REPRESENTATION_CONTEXT(2) 
PARAMETRIC_REPRESENTATION_CONTEXT() REPRESENTATION_CONTEXT('2D SPACE',''
  ) );
#9821 = PCURVE('',#5590,#9822);
#9822 = DEFINITIONAL_REPRESENTATION('',(#9823),#9827);
#9823 = LINE('',#9824,#9825);
#9824 = CARTESIAN_POINT('',(-0.,-0.));
#9825 = VECTOR('',#9826,1.);
#9826 = DIRECTION('',(-0.,-1.));
#9827 = ( GEOMETRIC_REPRESENTATION_CONTEXT(2) 
PARAMETRIC_REPRESENTATION_CONTEXT() REPRESENTATION_CONTEXT('2D SPACE',''
  ) );
#9828 = ORIENTED_EDGE('',*,*,#5602,.T.);
#9829 = ORIENTED_EDGE('',*,*,#9756,.F.);
#9830 = ADVANCED_FACE('',(#9831),#5590,.T.);
#9831 = FACE_BOUND('',#9832,.F.);
#9832 = EDGE_LOOP('',(#9833,#9856,#9857,#9858));
#9833 = ORIENTED_EDGE('',*,*,#9834,.F.);
#9834 = EDGE_CURVE('',#9781,#9835,#9837,.T.);
#9835 = VERTEX_POINT('',#9836);
#9836 = CARTESIAN_POINT('',(79.498249174035,-34.46262893914,-1.5));
#9837 = SURFACE_CURVE('',#9838,(#9842,#9849),.PCURVE_S1.);
#9838 = LINE('',#9839,#9840);
#9839 = CARTESIAN_POINT('',(81.372726404527,-20.04472065426,-1.5));
#9840 = VECTOR('',#9841,1.);
#9841 = DIRECTION('',(-0.128925318435,-0.991654305828,-0.));
#9842 = PCURVE('',#5590,#9843);
#9843 = DEFINITIONAL_REPRESENTATION('',(#9844),#9848);
#9844 = LINE('',#9845,#9846);
#9845 = CARTESIAN_POINT('',(13.387449403009,-3.));
#9846 = VECTOR('',#9847,1.);
#9847 = DIRECTION('',(-1.,0.));
#9848 = ( GEOMETRIC_REPRESENTATION_CONTEXT(2) 
PARAMETRIC_REPRESENTATION_CONTEXT() REPRESENTATION_CONTEXT('2D SPACE',''
  ) );
#9849 = PCURVE('',#7394,#9850);
#9850 = DEFINITIONAL_REPRESENTATION('',(#9851),#9855);
#9851 = LINE('',#9852,#9853);
#9852 = CARTESIAN_POINT('',(81.372726404527,-20.04472065426));
#9853 = VECTOR('',#9854,1.);
#9854 = DIRECTION('',(-0.128925318435,-0.991654305828));
#9855 = ( GEOMETRIC_REPRESENTATION_CONTEXT(2) 
PARAMETRIC_REPRESENTATION_CONTEXT() REPRESENTATION_CONTEXT('2D SPACE',''
  ) );
#9856 = ORIENTED_EDGE('',*,*,#9808,.T.);
#9857 = ORIENTED_EDGE('',*,*,#5574,.T.);
#9858 = ORIENTED_EDGE('',*,*,#9859,.F.);
#9859 = EDGE_CURVE('',#9835,#5547,#9860,.T.);
#9860 = SURFACE_CURVE('',#9861,(#9865,#9872),.PCURVE_S1.);
#9861 = LINE('',#9862,#9863);
#9862 = CARTESIAN_POINT('',(79.498249174035,-34.46262893914,-4.5));
#9863 = VECTOR('',#9864,1.);
#9864 = DIRECTION('',(-0.,-0.,1.));
#9865 = PCURVE('',#5590,#9866);
#9866 = DEFINITIONAL_REPRESENTATION('',(#9867),#9871);
#9867 = LINE('',#9868,#9869);
#9868 = CARTESIAN_POINT('',(-1.151799002556,0.));
#9869 = VECTOR('',#9870,1.);
#9870 = DIRECTION('',(-0.,-1.));
#9871 = ( GEOMETRIC_REPRESENTATION_CONTEXT(2) 
PARAMETRIC_REPRESENTATION_CONTEXT() REPRESENTATION_CONTEXT('2D SPACE',''
  ) );
#9872 = PCURVE('',#5562,#9873);
#9873 = DEFINITIONAL_REPRESENTATION('',(#9874),#9878);
#9874 = LINE('',#9875,#9876);
#9875 = CARTESIAN_POINT('',(-0.32652524646,0.));
#9876 = VECTOR('',#9877,1.);
#9877 = DIRECTION('',(-0.,-1.));
#9878 = ( GEOMETRIC_REPRESENTATION_CONTEXT(2) 
PARAMETRIC_REPRESENTATION_CONTEXT() REPRESENTATION_CONTEXT('2D SPACE',''
  ) );
#9879 = ADVANCED_FACE('',(#9880),#5562,.F.);
#9880 = FACE_BOUND('',#9881,.T.);
#9881 = EDGE_LOOP('',(#9882,#9905,#9926,#9927));
#9882 = ORIENTED_EDGE('',*,*,#9883,.F.);
#9883 = EDGE_CURVE('',#9884,#9835,#9886,.T.);
#9884 = VERTEX_POINT('',#9885);
#9885 = CARTESIAN_POINT('',(79.317923983724,-34.73484496055,-1.5));
#9886 = SURFACE_CURVE('',#9887,(#9891,#9898),.PCURVE_S1.);
#9887 = LINE('',#9888,#9889);
#9888 = CARTESIAN_POINT('',(74.325889097438,-42.27074093358,-1.5));
#9889 = VECTOR('',#9890,1.);
#9890 = DIRECTION('',(0.552254970379,0.833675265131,-0.));
#9891 = PCURVE('',#5562,#9892);
#9892 = DEFINITIONAL_REPRESENTATION('',(#9893),#9897);
#9893 = LINE('',#9894,#9895);
#9894 = CARTESIAN_POINT('',(9.039366151576,-3.));
#9895 = VECTOR('',#9896,1.);
#9896 = DIRECTION('',(-1.,0.));
#9897 = ( GEOMETRIC_REPRESENTATION_CONTEXT(2) 
PARAMETRIC_REPRESENTATION_CONTEXT() REPRESENTATION_CONTEXT('2D SPACE',''
  ) );
#9898 = PCURVE('',#7394,#9899);
#9899 = DEFINITIONAL_REPRESENTATION('',(#9900),#9904);
#9900 = LINE('',#9901,#9902);
#9901 = CARTESIAN_POINT('',(74.325889097438,-42.27074093358));
#9902 = VECTOR('',#9903,1.);
#9903 = DIRECTION('',(0.552254970379,0.833675265131));
#9904 = ( GEOMETRIC_REPRESENTATION_CONTEXT(2) 
PARAMETRIC_REPRESENTATION_CONTEXT() REPRESENTATION_CONTEXT('2D SPACE',''
  ) );
#9905 = ORIENTED_EDGE('',*,*,#9906,.T.);
#9906 = EDGE_CURVE('',#9884,#5519,#9907,.T.);
#9907 = SURFACE_CURVE('',#9908,(#9912,#9919),.PCURVE_S1.);
#9908 = LINE('',#9909,#9910);
#9909 = CARTESIAN_POINT('',(79.317923983724,-34.73484496055,-4.5));
#9910 = VECTOR('',#9911,1.);
#9911 = DIRECTION('',(-0.,-0.,1.));
#9912 = PCURVE('',#5562,#9913);
#9913 = DEFINITIONAL_REPRESENTATION('',(#9914),#9918);
#9914 = LINE('',#9915,#9916);
#9915 = CARTESIAN_POINT('',(-0.,0.));
#9916 = VECTOR('',#9917,1.);
#9917 = DIRECTION('',(-0.,-1.));
#9918 = ( GEOMETRIC_REPRESENTATION_CONTEXT(2) 
PARAMETRIC_REPRESENTATION_CONTEXT() REPRESENTATION_CONTEXT('2D SPACE',''
  ) );
#9919 = PCURVE('',#5534,#9920);
#9920 = DEFINITIONAL_REPRESENTATION('',(#9921),#9925);
#9921 = LINE('',#9922,#9923);
#9922 = CARTESIAN_POINT('',(-1.571635639358E-14,0.));
#9923 = VECTOR('',#9924,1.);
#9924 = DIRECTION('',(-0.,-1.));
#9925 = ( GEOMETRIC_REPRESENTATION_CONTEXT(2) 
PARAMETRIC_REPRESENTATION_CONTEXT() REPRESENTATION_CONTEXT('2D SPACE',''
  ) );
#9926 = ORIENTED_EDGE('',*,*,#5546,.T.);
#9927 = ORIENTED_EDGE('',*,*,#9859,.F.);
#9928 = ADVANCED_FACE('',(#9929),#5534,.T.);
#9929 = FACE_BOUND('',#9930,.F.);
#9930 = EDGE_LOOP('',(#9931,#9954,#9955,#9956));
#9931 = ORIENTED_EDGE('',*,*,#9932,.F.);
#9932 = EDGE_CURVE('',#9884,#9933,#9935,.T.);
#9933 = VERTEX_POINT('',#9934);
#9934 = CARTESIAN_POINT('',(78.581325179029,-34.21907292487,-1.5));
#9935 = SURFACE_CURVE('',#9936,(#9940,#9947),.PCURVE_S1.);
#9936 = LINE('',#9937,#9938);
#9937 = CARTESIAN_POINT('',(44.204067656978,-10.14785806495,-1.5));
#9938 = VECTOR('',#9939,1.);
#9939 = DIRECTION('',(-0.819152044289,0.573576436351,-0.));
#9940 = PCURVE('',#5534,#9941);
#9941 = DEFINITIONAL_REPRESENTATION('',(#9942),#9946);
#9942 = LINE('',#9943,#9944);
#9943 = CARTESIAN_POINT('',(-42.86610351711,-3.));
#9944 = VECTOR('',#9945,1.);
#9945 = DIRECTION('',(-1.,0.));
#9946 = ( GEOMETRIC_REPRESENTATION_CONTEXT(2) 
PARAMETRIC_REPRESENTATION_CONTEXT() REPRESENTATION_CONTEXT('2D SPACE',''
  ) );
#9947 = PCURVE('',#7394,#9948);
#9948 = DEFINITIONAL_REPRESENTATION('',(#9949),#9953);
#9949 = LINE('',#9950,#9951);
#9950 = CARTESIAN_POINT('',(44.204067656978,-10.14785806495));
#9951 = VECTOR('',#9952,1.);
#9952 = DIRECTION('',(-0.819152044289,0.573576436351));
#9953 = ( GEOMETRIC_REPRESENTATION_CONTEXT(2) 
PARAMETRIC_REPRESENTATION_CONTEXT() REPRESENTATION_CONTEXT('2D SPACE',''
  ) );
#9954 = ORIENTED_EDGE('',*,*,#9906,.T.);
#9955 = ORIENTED_EDGE('',*,*,#5518,.T.);
#9956 = ORIENTED_EDGE('',*,*,#9957,.F.);
#9957 = EDGE_CURVE('',#9933,#5491,#9958,.T.);
#9958 = SURFACE_CURVE('',#9959,(#9963,#9970),.PCURVE_S1.);
#9959 = LINE('',#9960,#9961);
#9960 = CARTESIAN_POINT('',(78.581325179029,-34.21907292487,-4.5));
#9961 = VECTOR('',#9962,1.);
#9962 = DIRECTION('',(-0.,-0.,1.));
#9963 = PCURVE('',#5534,#9964);
#9964 = DEFINITIONAL_REPRESENTATION('',(#9965),#9969);
#9965 = LINE('',#9966,#9967);
#9966 = CARTESIAN_POINT('',(-0.899221102883,0.));
#9967 = VECTOR('',#9968,1.);
#9968 = DIRECTION('',(-0.,-1.));
#9969 = ( GEOMETRIC_REPRESENTATION_CONTEXT(2) 
PARAMETRIC_REPRESENTATION_CONTEXT() REPRESENTATION_CONTEXT('2D SPACE',''
  ) );
#9970 = PCURVE('',#5506,#9971);
#9971 = DEFINITIONAL_REPRESENTATION('',(#9972),#9976);
#9972 = LINE('',#9973,#9974);
#9973 = CARTESIAN_POINT('',(-4.581891035093,0.));
#9974 = VECTOR('',#9975,1.);
#9975 = DIRECTION('',(-0.,-1.));
#9976 = ( GEOMETRIC_REPRESENTATION_CONTEXT(2) 
PARAMETRIC_REPRESENTATION_CONTEXT() REPRESENTATION_CONTEXT('2D SPACE',''
  ) );
#9977 = ADVANCED_FACE('',(#9978),#5506,.F.);
#9978 = FACE_BOUND('',#9979,.T.);
#9979 = EDGE_LOOP('',(#9980,#10003,#10024,#10025));
#9980 = ORIENTED_EDGE('',*,*,#9981,.F.);
#9981 = EDGE_CURVE('',#9982,#9933,#9984,.T.);
#9982 = VERTEX_POINT('',#9983);
#9983 = CARTESIAN_POINT('',(75.748606056215,-37.82038210747,-1.5));
#9984 = SURFACE_CURVE('',#9985,(#9989,#9996),.PCURVE_S1.);
#9985 = LINE('',#9986,#9987);
#9986 = CARTESIAN_POINT('',(71.495158954539,-43.22789956362,-1.5));
#9987 = VECTOR('',#9988,1.);
#9988 = DIRECTION('',(0.61824235913,0.785987522405,-0.));
#9989 = PCURVE('',#5506,#9990);
#9990 = DEFINITIONAL_REPRESENTATION('',(#9991),#9995);
#9991 = LINE('',#9992,#9993);
#9992 = CARTESIAN_POINT('',(6.879902418301,-3.));
#9993 = VECTOR('',#9994,1.);
#9994 = DIRECTION('',(-1.,0.));
#9995 = ( GEOMETRIC_REPRESENTATION_CONTEXT(2) 
PARAMETRIC_REPRESENTATION_CONTEXT() REPRESENTATION_CONTEXT('2D SPACE',''
  ) );
#9996 = PCURVE('',#7394,#9997);
#9997 = DEFINITIONAL_REPRESENTATION('',(#9998),#10002);
#9998 = LINE('',#9999,#10000);
#9999 = CARTESIAN_POINT('',(71.495158954539,-43.22789956362));
#10000 = VECTOR('',#10001,1.);
#10001 = DIRECTION('',(0.61824235913,0.785987522405));
#10002 = ( GEOMETRIC_REPRESENTATION_CONTEXT(2) 
PARAMETRIC_REPRESENTATION_CONTEXT() REPRESENTATION_CONTEXT('2D SPACE',''
  ) );
#10003 = ORIENTED_EDGE('',*,*,#10004,.T.);
#10004 = EDGE_CURVE('',#9982,#5463,#10005,.T.);
#10005 = SURFACE_CURVE('',#10006,(#10010,#10017),.PCURVE_S1.);
#10006 = LINE('',#10007,#10008);
#10007 = CARTESIAN_POINT('',(75.748606056215,-37.82038210747,-4.5));
#10008 = VECTOR('',#10009,1.);
#10009 = DIRECTION('',(-0.,-0.,1.));
#10010 = PCURVE('',#5506,#10011);
#10011 = DEFINITIONAL_REPRESENTATION('',(#10012),#10016);
#10012 = LINE('',#10013,#10014);
#10013 = CARTESIAN_POINT('',(5.584777244433E-15,-0.));
#10014 = VECTOR('',#10015,1.);
#10015 = DIRECTION('',(-0.,-1.));
#10016 = ( GEOMETRIC_REPRESENTATION_CONTEXT(2) 
PARAMETRIC_REPRESENTATION_CONTEXT() REPRESENTATION_CONTEXT('2D SPACE',''
  ) );
#10017 = PCURVE('',#5478,#10018);
#10018 = DEFINITIONAL_REPRESENTATION('',(#10019),#10023);
#10019 = LINE('',#10020,#10021);
#10020 = CARTESIAN_POINT('',(-2.149129653617,0.));
#10021 = VECTOR('',#10022,1.);
#10022 = DIRECTION('',(-0.,-1.));
#10023 = ( GEOMETRIC_REPRESENTATION_CONTEXT(2) 
PARAMETRIC_REPRESENTATION_CONTEXT() REPRESENTATION_CONTEXT('2D SPACE',''
  ) );
#10024 = ORIENTED_EDGE('',*,*,#5490,.T.);
#10025 = ORIENTED_EDGE('',*,*,#9957,.F.);
#10026 = ADVANCED_FACE('',(#10027),#5478,.F.);
#10027 = FACE_BOUND('',#10028,.T.);
#10028 = EDGE_LOOP('',(#10029,#10052,#10073,#10074));
#10029 = ORIENTED_EDGE('',*,*,#10030,.F.);
#10030 = EDGE_CURVE('',#10031,#9982,#10033,.T.);
#10031 = VERTEX_POINT('',#10032);
#10032 = CARTESIAN_POINT('',(77.235611756687,-39.37201747534,-1.5));
#10033 = SURFACE_CURVE('',#10034,(#10038,#10045),.PCURVE_S1.);
#10034 = LINE('',#10035,#10036);
#10035 = CARTESIAN_POINT('',(48.725497723416,-9.622769532339,-1.5));
#10036 = VECTOR('',#10037,1.);
#10037 = DIRECTION('',(-0.691910652281,0.721983136409,-0.));
#10038 = PCURVE('',#5478,#10039);
#10039 = DEFINITIONAL_REPRESENTATION('',(#10040),#10044);
#10040 = LINE('',#10041,#10042);
#10041 = CARTESIAN_POINT('',(-41.20490693308,-3.));
#10042 = VECTOR('',#10043,1.);
#10043 = DIRECTION('',(-1.,0.));
#10044 = ( GEOMETRIC_REPRESENTATION_CONTEXT(2) 
PARAMETRIC_REPRESENTATION_CONTEXT() REPRESENTATION_CONTEXT('2D SPACE',''
  ) );
#10045 = PCURVE('',#7394,#10046);
#10046 = DEFINITIONAL_REPRESENTATION('',(#10047),#10051);
#10047 = LINE('',#10048,#10049);
#10048 = CARTESIAN_POINT('',(48.725497723416,-9.622769532339));
#10049 = VECTOR('',#10050,1.);
#10050 = DIRECTION('',(-0.691910652281,0.721983136409));
#10051 = ( GEOMETRIC_REPRESENTATION_CONTEXT(2) 
PARAMETRIC_REPRESENTATION_CONTEXT() REPRESENTATION_CONTEXT('2D SPACE',''
  ) );
#10052 = ORIENTED_EDGE('',*,*,#10053,.T.);
#10053 = EDGE_CURVE('',#10031,#5435,#10054,.T.);
#10054 = SURFACE_CURVE('',#10055,(#10059,#10066),.PCURVE_S1.);
#10055 = LINE('',#10056,#10057);
#10056 = CARTESIAN_POINT('',(77.235611756687,-39.37201747534,-4.5));
#10057 = VECTOR('',#10058,1.);
#10058 = DIRECTION('',(-0.,-0.,1.));
#10059 = PCURVE('',#5478,#10060);
#10060 = DEFINITIONAL_REPRESENTATION('',(#10061),#10065);
#10061 = LINE('',#10062,#10063);
#10062 = CARTESIAN_POINT('',(-0.,0.));
#10063 = VECTOR('',#10064,1.);
#10064 = DIRECTION('',(-0.,-1.));
#10065 = ( GEOMETRIC_REPRESENTATION_CONTEXT(2) 
PARAMETRIC_REPRESENTATION_CONTEXT() REPRESENTATION_CONTEXT('2D SPACE',''
  ) );
#10066 = PCURVE('',#5450,#10067);
#10067 = DEFINITIONAL_REPRESENTATION('',(#10068),#10072);
#10068 = LINE('',#10069,#10070);
#10069 = CARTESIAN_POINT('',(-13.43062438878,0.));
#10070 = VECTOR('',#10071,1.);
#10071 = DIRECTION('',(-0.,-1.));
#10072 = ( GEOMETRIC_REPRESENTATION_CONTEXT(2) 
PARAMETRIC_REPRESENTATION_CONTEXT() REPRESENTATION_CONTEXT('2D SPACE',''
  ) );
#10073 = ORIENTED_EDGE('',*,*,#5462,.T.);
#10074 = ORIENTED_EDGE('',*,*,#10004,.F.);
#10075 = ADVANCED_FACE('',(#10076),#5450,.F.);
#10076 = FACE_BOUND('',#10077,.T.);
#10077 = EDGE_LOOP('',(#10078,#10101,#10122,#10123));
#10078 = ORIENTED_EDGE('',*,*,#10079,.F.);
#10079 = EDGE_CURVE('',#10080,#10031,#10082,.T.);
#10080 = VERTEX_POINT('',#10081);
#10081 = CARTESIAN_POINT('',(88.237335180839,-47.07550715023,-1.5));
#10082 = SURFACE_CURVE('',#10083,(#10087,#10094),.PCURVE_S1.);
#10083 = LINE('',#10084,#10085);
#10084 = CARTESIAN_POINT('',(44.030671101345,-16.12166772266,-1.5));
#10085 = VECTOR('',#10086,1.);
#10086 = DIRECTION('',(-0.819152044289,0.573576436351,-0.));
#10087 = PCURVE('',#5450,#10088);
#10088 = DEFINITIONAL_REPRESENTATION('',(#10089),#10093);
#10089 = LINE('',#10090,#10091);
#10090 = CARTESIAN_POINT('',(-53.96637216215,-3.));
#10091 = VECTOR('',#10092,1.);
#10092 = DIRECTION('',(-1.,0.));
#10093 = ( GEOMETRIC_REPRESENTATION_CONTEXT(2) 
PARAMETRIC_REPRESENTATION_CONTEXT() REPRESENTATION_CONTEXT('2D SPACE',''
  ) );
#10094 = PCURVE('',#7394,#10095);
#10095 = DEFINITIONAL_REPRESENTATION('',(#10096),#10100);
#10096 = LINE('',#10097,#10098);
#10097 = CARTESIAN_POINT('',(44.030671101345,-16.12166772266));
#10098 = VECTOR('',#10099,1.);
#10099 = DIRECTION('',(-0.819152044289,0.573576436351));
#10100 = ( GEOMETRIC_REPRESENTATION_CONTEXT(2) 
PARAMETRIC_REPRESENTATION_CONTEXT() REPRESENTATION_CONTEXT('2D SPACE',''
  ) );
#10101 = ORIENTED_EDGE('',*,*,#10102,.T.);
#10102 = EDGE_CURVE('',#10080,#5407,#10103,.T.);
#10103 = SURFACE_CURVE('',#10104,(#10108,#10115),.PCURVE_S1.);
#10104 = LINE('',#10105,#10106);
#10105 = CARTESIAN_POINT('',(88.237335180839,-47.07550715023,-4.5));
#10106 = VECTOR('',#10107,1.);
#10107 = DIRECTION('',(-0.,-0.,1.));
#10108 = PCURVE('',#5450,#10109);
#10109 = DEFINITIONAL_REPRESENTATION('',(#10110),#10114);
#10110 = LINE('',#10111,#10112);
#10111 = CARTESIAN_POINT('',(4.075505702524E-15,-0.));
#10112 = VECTOR('',#10113,1.);
#10113 = DIRECTION('',(-0.,-1.));
#10114 = ( GEOMETRIC_REPRESENTATION_CONTEXT(2) 
PARAMETRIC_REPRESENTATION_CONTEXT() REPRESENTATION_CONTEXT('2D SPACE',''
  ) );
#10115 = PCURVE('',#5422,#10116);
#10116 = DEFINITIONAL_REPRESENTATION('',(#10117),#10121);
#10117 = LINE('',#10118,#10119);
#10118 = CARTESIAN_POINT('',(-6.633101552926,0.));
#10119 = VECTOR('',#10120,1.);
#10120 = DIRECTION('',(-0.,-1.));
#10121 = ( GEOMETRIC_REPRESENTATION_CONTEXT(2) 
PARAMETRIC_REPRESENTATION_CONTEXT() REPRESENTATION_CONTEXT('2D SPACE',''
  ) );
#10122 = ORIENTED_EDGE('',*,*,#5434,.T.);
#10123 = ORIENTED_EDGE('',*,*,#10053,.F.);
#10124 = ADVANCED_FACE('',(#10125),#5422,.F.);
#10125 = FACE_BOUND('',#10126,.T.);
#10126 = EDGE_LOOP('',(#10127,#10150,#10171,#10172));
#10127 = ORIENTED_EDGE('',*,*,#10128,.F.);
#10128 = EDGE_CURVE('',#10129,#10080,#10131,.T.);
#10129 = VERTEX_POINT('',#10130);
#10130 = CARTESIAN_POINT('',(88.031402653763,-53.70541122237,-1.5));
#10131 = SURFACE_CURVE('',#10132,(#10136,#10143),.PCURVE_S1.);
#10132 = LINE('',#10133,#10134);
#10133 = CARTESIAN_POINT('',(88.89956000317,-25.75548010744,-1.5));
#10134 = VECTOR('',#10135,1.);
#10135 = DIRECTION('',(3.10461893931E-02,0.999517950876,-0.));
#10136 = PCURVE('',#5422,#10137);
#10137 = DEFINITIONAL_REPRESENTATION('',(#10138),#10142);
#10138 = LINE('',#10139,#10140);
#10139 = CARTESIAN_POINT('',(-27.96341085261,-3.));
#10140 = VECTOR('',#10141,1.);
#10141 = DIRECTION('',(-1.,0.));
#10142 = ( GEOMETRIC_REPRESENTATION_CONTEXT(2) 
PARAMETRIC_REPRESENTATION_CONTEXT() REPRESENTATION_CONTEXT('2D SPACE',''
  ) );
#10143 = PCURVE('',#7394,#10144);
#10144 = DEFINITIONAL_REPRESENTATION('',(#10145),#10149);
#10145 = LINE('',#10146,#10147);
#10146 = CARTESIAN_POINT('',(88.89956000317,-25.75548010744));
#10147 = VECTOR('',#10148,1.);
#10148 = DIRECTION('',(3.10461893931E-02,0.999517950876));
#10149 = ( GEOMETRIC_REPRESENTATION_CONTEXT(2) 
PARAMETRIC_REPRESENTATION_CONTEXT() REPRESENTATION_CONTEXT('2D SPACE',''
  ) );
#10150 = ORIENTED_EDGE('',*,*,#10151,.T.);
#10151 = EDGE_CURVE('',#10129,#5379,#10152,.T.);
#10152 = SURFACE_CURVE('',#10153,(#10157,#10164),.PCURVE_S1.);
#10153 = LINE('',#10154,#10155);
#10154 = CARTESIAN_POINT('',(88.031402653763,-53.70541122237,-4.5));
#10155 = VECTOR('',#10156,1.);
#10156 = DIRECTION('',(-0.,-0.,1.));
#10157 = PCURVE('',#5422,#10158);
#10158 = DEFINITIONAL_REPRESENTATION('',(#10159),#10163);
#10159 = LINE('',#10160,#10161);
#10160 = CARTESIAN_POINT('',(-1.420400438514E-14,0.));
#10161 = VECTOR('',#10162,1.);
#10162 = DIRECTION('',(-0.,-1.));
#10163 = ( GEOMETRIC_REPRESENTATION_CONTEXT(2) 
PARAMETRIC_REPRESENTATION_CONTEXT() REPRESENTATION_CONTEXT('2D SPACE',''
  ) );
#10164 = PCURVE('',#5394,#10165);
#10165 = DEFINITIONAL_REPRESENTATION('',(#10166),#10170);
#10166 = LINE('',#10167,#10168);
#10167 = CARTESIAN_POINT('',(-17.92913883297,0.));
#10168 = VECTOR('',#10169,1.);
#10169 = DIRECTION('',(-0.,-1.));
#10170 = ( GEOMETRIC_REPRESENTATION_CONTEXT(2) 
PARAMETRIC_REPRESENTATION_CONTEXT() REPRESENTATION_CONTEXT('2D SPACE',''
  ) );
#10171 = ORIENTED_EDGE('',*,*,#5406,.T.);
#10172 = ORIENTED_EDGE('',*,*,#10102,.F.);
#10173 = ADVANCED_FACE('',(#10174),#5394,.F.);
#10174 = FACE_BOUND('',#10175,.T.);
#10175 = EDGE_LOOP('',(#10176,#10199,#10220,#10221));
#10176 = ORIENTED_EDGE('',*,*,#10177,.F.);
#10177 = EDGE_CURVE('',#10178,#10129,#10180,.T.);
#10178 = VERTEX_POINT('',#10179);
#10179 = CARTESIAN_POINT('',(76.946849564493,-67.79749063256,-1.5));
#10180 = SURFACE_CURVE('',#10181,(#10185,#10192),.PCURVE_S1.);
#10181 = LINE('',#10182,#10183);
#10182 = CARTESIAN_POINT('',(84.263844809621,-58.49520508185,-1.5));
#10183 = VECTOR('',#10184,1.);
#10184 = DIRECTION('',(0.61824235913,0.785987522405,-0.));
#10185 = PCURVE('',#5394,#10186);
#10186 = DEFINITIONAL_REPRESENTATION('',(#10187),#10191);
#10187 = LINE('',#10188,#10189);
#10188 = CARTESIAN_POINT('',(-11.8351567748,-3.));
#10189 = VECTOR('',#10190,1.);
#10190 = DIRECTION('',(-1.,0.));
#10191 = ( GEOMETRIC_REPRESENTATION_CONTEXT(2) 
PARAMETRIC_REPRESENTATION_CONTEXT() REPRESENTATION_CONTEXT('2D SPACE',''
  ) );
#10192 = PCURVE('',#7394,#10193);
#10193 = DEFINITIONAL_REPRESENTATION('',(#10194),#10198);
#10194 = LINE('',#10195,#10196);
#10195 = CARTESIAN_POINT('',(84.263844809621,-58.49520508185));
#10196 = VECTOR('',#10197,1.);
#10197 = DIRECTION('',(0.61824235913,0.785987522405));
#10198 = ( GEOMETRIC_REPRESENTATION_CONTEXT(2) 
PARAMETRIC_REPRESENTATION_CONTEXT() REPRESENTATION_CONTEXT('2D SPACE',''
  ) );
#10199 = ORIENTED_EDGE('',*,*,#10200,.T.);
#10200 = EDGE_CURVE('',#10178,#5351,#10201,.T.);
#10201 = SURFACE_CURVE('',#10202,(#10206,#10213),.PCURVE_S1.);
#10202 = LINE('',#10203,#10204);
#10203 = CARTESIAN_POINT('',(76.946849564493,-67.79749063256,-4.5));
#10204 = VECTOR('',#10205,1.);
#10205 = DIRECTION('',(-0.,-0.,1.));
#10206 = PCURVE('',#5394,#10207);
#10207 = DEFINITIONAL_REPRESENTATION('',(#10208),#10212);
#10208 = LINE('',#10209,#10210);
#10209 = CARTESIAN_POINT('',(-0.,0.));
#10210 = VECTOR('',#10211,1.);
#10211 = DIRECTION('',(-0.,-1.));
#10212 = ( GEOMETRIC_REPRESENTATION_CONTEXT(2) 
PARAMETRIC_REPRESENTATION_CONTEXT() REPRESENTATION_CONTEXT('2D SPACE',''
  ) );
#10213 = PCURVE('',#5366,#10214);
#10214 = DEFINITIONAL_REPRESENTATION('',(#10215),#10219);
#10215 = LINE('',#10216,#10217);
#10216 = CARTESIAN_POINT('',(-0.,-0.));
#10217 = VECTOR('',#10218,1.);
#10218 = DIRECTION('',(-0.,-1.));
#10219 = ( GEOMETRIC_REPRESENTATION_CONTEXT(2) 
PARAMETRIC_REPRESENTATION_CONTEXT() REPRESENTATION_CONTEXT('2D SPACE',''
  ) );
#10220 = ORIENTED_EDGE('',*,*,#5378,.T.);
#10221 = ORIENTED_EDGE('',*,*,#10151,.F.);
#10222 = ADVANCED_FACE('',(#10223),#5366,.T.);
#10223 = FACE_BOUND('',#10224,.F.);
#10224 = EDGE_LOOP('',(#10225,#10248,#10249,#10250));
#10225 = ORIENTED_EDGE('',*,*,#10226,.F.);
#10226 = EDGE_CURVE('',#10178,#10227,#10229,.T.);
#10227 = VERTEX_POINT('',#10228);
#10228 = CARTESIAN_POINT('',(76.137080241711,-69.76448016066,-1.5));
#10229 = SURFACE_CURVE('',#10230,(#10234,#10241),.PCURVE_S1.);
#10230 = LINE('',#10231,#10232);
#10231 = CARTESIAN_POINT('',(82.819360870851,-53.53272668278,-1.5));
#10232 = VECTOR('',#10233,1.);
#10233 = DIRECTION('',(-0.380682459194,-0.924705826337,-0.));
#10234 = PCURVE('',#5366,#10235);
#10235 = DEFINITIONAL_REPRESENTATION('',(#10236),#10240);
#10236 = LINE('',#10237,#10238);
#10237 = CARTESIAN_POINT('',(15.426272381434,-3.));
#10238 = VECTOR('',#10239,1.);
#10239 = DIRECTION('',(-1.,0.));
#10240 = ( GEOMETRIC_REPRESENTATION_CONTEXT(2) 
PARAMETRIC_REPRESENTATION_CONTEXT() REPRESENTATION_CONTEXT('2D SPACE',''
  ) );
#10241 = PCURVE('',#7394,#10242);
#10242 = DEFINITIONAL_REPRESENTATION('',(#10243),#10247);
#10243 = LINE('',#10244,#10245);
#10244 = CARTESIAN_POINT('',(82.819360870851,-53.53272668278));
#10245 = VECTOR('',#10246,1.);
#10246 = DIRECTION('',(-0.380682459194,-0.924705826337));
#10247 = ( GEOMETRIC_REPRESENTATION_CONTEXT(2) 
PARAMETRIC_REPRESENTATION_CONTEXT() REPRESENTATION_CONTEXT('2D SPACE',''
  ) );
#10248 = ORIENTED_EDGE('',*,*,#10200,.T.);
#10249 = ORIENTED_EDGE('',*,*,#5350,.T.);
#10250 = ORIENTED_EDGE('',*,*,#10251,.F.);
#10251 = EDGE_CURVE('',#10227,#5323,#10252,.T.);
#10252 = SURFACE_CURVE('',#10253,(#10257,#10264),.PCURVE_S1.);
#10253 = LINE('',#10254,#10255);
#10254 = CARTESIAN_POINT('',(76.137080241711,-69.76448016066,-4.5));
#10255 = VECTOR('',#10256,1.);
#10256 = DIRECTION('',(-0.,-0.,1.));
#10257 = PCURVE('',#5366,#10258);
#10258 = DEFINITIONAL_REPRESENTATION('',(#10259),#10263);
#10259 = LINE('',#10260,#10261);
#10260 = CARTESIAN_POINT('',(-2.127151654154,0.));
#10261 = VECTOR('',#10262,1.);
#10262 = DIRECTION('',(-0.,-1.));
#10263 = ( GEOMETRIC_REPRESENTATION_CONTEXT(2) 
PARAMETRIC_REPRESENTATION_CONTEXT() REPRESENTATION_CONTEXT('2D SPACE',''
  ) );
#10264 = PCURVE('',#5338,#10265);
#10265 = DEFINITIONAL_REPRESENTATION('',(#10266),#10270);
#10266 = LINE('',#10267,#10268);
#10267 = CARTESIAN_POINT('',(-1.380082321153E-14,0.));
#10268 = VECTOR('',#10269,1.);
#10269 = DIRECTION('',(-0.,-1.));
#10270 = ( GEOMETRIC_REPRESENTATION_CONTEXT(2) 
PARAMETRIC_REPRESENTATION_CONTEXT() REPRESENTATION_CONTEXT('2D SPACE',''
  ) );
#10271 = ADVANCED_FACE('',(#10272),#5338,.T.);
#10272 = FACE_BOUND('',#10273,.F.);
#10273 = EDGE_LOOP('',(#10274,#10297,#10298,#10299));
#10274 = ORIENTED_EDGE('',*,*,#10275,.F.);
#10275 = EDGE_CURVE('',#10227,#10276,#10278,.T.);
#10276 = VERTEX_POINT('',#10277);
#10277 = CARTESIAN_POINT('',(75.755612872556,-71.31788341883,-1.5));
#10278 = SURFACE_CURVE('',#10279,(#10283,#10290),.PCURVE_S1.);
#10279 = LINE('',#10280,#10281);
#10280 = CARTESIAN_POINT('',(82.021233644948,-45.80315657887,-1.5));
#10281 = VECTOR('',#10282,1.);
#10282 = DIRECTION('',(-0.238483301652,-0.971146598013,-0.));
#10283 = PCURVE('',#5338,#10284);
#10284 = DEFINITIONAL_REPRESENTATION('',(#10285),#10289);
#10285 = LINE('',#10286,#10287);
#10286 = CARTESIAN_POINT('',(24.673230211386,-3.));
#10287 = VECTOR('',#10288,1.);
#10288 = DIRECTION('',(-1.,0.));
#10289 = ( GEOMETRIC_REPRESENTATION_CONTEXT(2) 
PARAMETRIC_REPRESENTATION_CONTEXT() REPRESENTATION_CONTEXT('2D SPACE',''
  ) );
#10290 = PCURVE('',#7394,#10291);
#10291 = DEFINITIONAL_REPRESENTATION('',(#10292),#10296);
#10292 = LINE('',#10293,#10294);
#10293 = CARTESIAN_POINT('',(82.021233644948,-45.80315657887));
#10294 = VECTOR('',#10295,1.);
#10295 = DIRECTION('',(-0.238483301652,-0.971146598013));
#10296 = ( GEOMETRIC_REPRESENTATION_CONTEXT(2) 
PARAMETRIC_REPRESENTATION_CONTEXT() REPRESENTATION_CONTEXT('2D SPACE',''
  ) );
#10297 = ORIENTED_EDGE('',*,*,#10251,.T.);
#10298 = ORIENTED_EDGE('',*,*,#5322,.T.);
#10299 = ORIENTED_EDGE('',*,*,#10300,.F.);
#10300 = EDGE_CURVE('',#10276,#5295,#10301,.T.);
#10301 = SURFACE_CURVE('',#10302,(#10306,#10313),.PCURVE_S1.);
#10302 = LINE('',#10303,#10304);
#10303 = CARTESIAN_POINT('',(75.755612872556,-71.31788341883,-4.5));
#10304 = VECTOR('',#10305,1.);
#10305 = DIRECTION('',(-0.,-0.,1.));
#10306 = PCURVE('',#5338,#10307);
#10307 = DEFINITIONAL_REPRESENTATION('',(#10308),#10312);
#10308 = LINE('',#10309,#10310);
#10309 = CARTESIAN_POINT('',(-1.59955588719,0.));
#10310 = VECTOR('',#10311,1.);
#10311 = DIRECTION('',(-0.,-1.));
#10312 = ( GEOMETRIC_REPRESENTATION_CONTEXT(2) 
PARAMETRIC_REPRESENTATION_CONTEXT() REPRESENTATION_CONTEXT('2D SPACE',''
  ) );
#10313 = PCURVE('',#5310,#10314);
#10314 = DEFINITIONAL_REPRESENTATION('',(#10315),#10319);
#10315 = LINE('',#10316,#10317);
#10316 = CARTESIAN_POINT('',(-0.,-8.881784197001E-16));
#10317 = VECTOR('',#10318,1.);
#10318 = DIRECTION('',(-0.,-1.));
#10319 = ( GEOMETRIC_REPRESENTATION_CONTEXT(2) 
PARAMETRIC_REPRESENTATION_CONTEXT() REPRESENTATION_CONTEXT('2D SPACE',''
  ) );
#10320 = ADVANCED_FACE('',(#10321),#5310,.T.);
#10321 = FACE_BOUND('',#10322,.F.);
#10322 = EDGE_LOOP('',(#10323,#10346,#10347,#10348));
#10323 = ORIENTED_EDGE('',*,*,#10324,.F.);
#10324 = EDGE_CURVE('',#10276,#10325,#10327,.T.);
#10325 = VERTEX_POINT('',#10326);
#10326 = CARTESIAN_POINT('',(75.719964150098,-71.65833865293,-1.5));
#10327 = SURFACE_CURVE('',#10328,(#10332,#10339),.PCURVE_S1.);
#10328 = LINE('',#10329,#10330);
#10329 = CARTESIAN_POINT('',(78.997388060732,-40.35802695152,-1.5));
#10330 = VECTOR('',#10331,1.);
#10331 = DIRECTION('',(-0.104139650542,-0.994562684392,-0.));
#10332 = PCURVE('',#5310,#10333);
#10333 = DEFINITIONAL_REPRESENTATION('',(#10334),#10338);
#10334 = LINE('',#10335,#10336);
#10335 = CARTESIAN_POINT('',(31.129115291758,-3.));
#10336 = VECTOR('',#10337,1.);
#10337 = DIRECTION('',(-1.,0.));
#10338 = ( GEOMETRIC_REPRESENTATION_CONTEXT(2) 
PARAMETRIC_REPRESENTATION_CONTEXT() REPRESENTATION_CONTEXT('2D SPACE',''
  ) );
#10339 = PCURVE('',#7394,#10340);
#10340 = DEFINITIONAL_REPRESENTATION('',(#10341),#10345);
#10341 = LINE('',#10342,#10343);
#10342 = CARTESIAN_POINT('',(78.997388060732,-40.35802695152));
#10343 = VECTOR('',#10344,1.);
#10344 = DIRECTION('',(-0.104139650542,-0.994562684392));
#10345 = ( GEOMETRIC_REPRESENTATION_CONTEXT(2) 
PARAMETRIC_REPRESENTATION_CONTEXT() REPRESENTATION_CONTEXT('2D SPACE',''
  ) );
#10346 = ORIENTED_EDGE('',*,*,#10300,.T.);
#10347 = ORIENTED_EDGE('',*,*,#5294,.T.);
#10348 = ORIENTED_EDGE('',*,*,#10349,.F.);
#10349 = EDGE_CURVE('',#10325,#5267,#10350,.T.);
#10350 = SURFACE_CURVE('',#10351,(#10355,#10362),.PCURVE_S1.);
#10351 = LINE('',#10352,#10353);
#10352 = CARTESIAN_POINT('',(75.719964150098,-71.65833865293,-4.5));
#10353 = VECTOR('',#10354,1.);
#10354 = DIRECTION('',(-0.,-0.,1.));
#10355 = PCURVE('',#5310,#10356);
#10356 = DEFINITIONAL_REPRESENTATION('',(#10357),#10361);
#10357 = LINE('',#10358,#10359);
#10358 = CARTESIAN_POINT('',(-0.342316517033,-8.881784197001E-16));
#10359 = VECTOR('',#10360,1.);
#10360 = DIRECTION('',(-0.,-1.));
#10361 = ( GEOMETRIC_REPRESENTATION_CONTEXT(2) 
PARAMETRIC_REPRESENTATION_CONTEXT() REPRESENTATION_CONTEXT('2D SPACE',''
  ) );
#10362 = PCURVE('',#5282,#10363);
#10363 = DEFINITIONAL_REPRESENTATION('',(#10364),#10368);
#10364 = LINE('',#10365,#10366);
#10365 = CARTESIAN_POINT('',(-0.,-0.));
#10366 = VECTOR('',#10367,1.);
#10367 = DIRECTION('',(-0.,-1.));
#10368 = ( GEOMETRIC_REPRESENTATION_CONTEXT(2) 
PARAMETRIC_REPRESENTATION_CONTEXT() REPRESENTATION_CONTEXT('2D SPACE',''
  ) );
#10369 = ADVANCED_FACE('',(#10370),#5282,.T.);
#10370 = FACE_BOUND('',#10371,.F.);
#10371 = EDGE_LOOP('',(#10372,#10395,#10396,#10397));
#10372 = ORIENTED_EDGE('',*,*,#10373,.F.);
#10373 = EDGE_CURVE('',#10325,#10374,#10376,.T.);
#10374 = VERTEX_POINT('',#10375);
#10375 = CARTESIAN_POINT('',(64.911802387631,-86.01834682424,-1.5));
#10376 = SURFACE_CURVE('',#10377,(#10381,#10388),.PCURVE_S1.);
#10377 = LINE('',#10378,#10379);
#10378 = CARTESIAN_POINT('',(75.715013409408,-71.6649163373,-1.5));
#10379 = VECTOR('',#10380,1.);
#10380 = DIRECTION('',(-0.601357822788,-0.798979830141,-0.));
#10381 = PCURVE('',#5282,#10382);
#10382 = DEFINITIONAL_REPRESENTATION('',(#10383),#10387);
#10383 = LINE('',#10384,#10385);
#10384 = CARTESIAN_POINT('',(-8.232603788049E-03,-3.));
#10385 = VECTOR('',#10386,1.);
#10386 = DIRECTION('',(-1.,0.));
#10387 = ( GEOMETRIC_REPRESENTATION_CONTEXT(2) 
PARAMETRIC_REPRESENTATION_CONTEXT() REPRESENTATION_CONTEXT('2D SPACE',''
  ) );
#10388 = PCURVE('',#7394,#10389);
#10389 = DEFINITIONAL_REPRESENTATION('',(#10390),#10394);
#10390 = LINE('',#10391,#10392);
#10391 = CARTESIAN_POINT('',(75.715013409408,-71.6649163373));
#10392 = VECTOR('',#10393,1.);
#10393 = DIRECTION('',(-0.601357822788,-0.798979830141));
#10394 = ( GEOMETRIC_REPRESENTATION_CONTEXT(2) 
PARAMETRIC_REPRESENTATION_CONTEXT() REPRESENTATION_CONTEXT('2D SPACE',''
  ) );
#10395 = ORIENTED_EDGE('',*,*,#10349,.T.);
#10396 = ORIENTED_EDGE('',*,*,#5266,.T.);
#10397 = ORIENTED_EDGE('',*,*,#10398,.F.);
#10398 = EDGE_CURVE('',#10374,#5239,#10399,.T.);
#10399 = SURFACE_CURVE('',#10400,(#10404,#10411),.PCURVE_S1.);
#10400 = LINE('',#10401,#10402);
#10401 = CARTESIAN_POINT('',(64.911802387631,-86.01834682424,-4.5));
#10402 = VECTOR('',#10403,1.);
#10403 = DIRECTION('',(-0.,-0.,1.));
#10404 = PCURVE('',#5282,#10405);
#10405 = DEFINITIONAL_REPRESENTATION('',(#10406),#10410);
#10406 = LINE('',#10407,#10408);
#10407 = CARTESIAN_POINT('',(-17.97292951535,0.));
#10408 = VECTOR('',#10409,1.);
#10409 = DIRECTION('',(-0.,-1.));
#10410 = ( GEOMETRIC_REPRESENTATION_CONTEXT(2) 
PARAMETRIC_REPRESENTATION_CONTEXT() REPRESENTATION_CONTEXT('2D SPACE',''
  ) );
#10411 = PCURVE('',#5254,#10412);
#10412 = DEFINITIONAL_REPRESENTATION('',(#10413),#10417);
#10413 = LINE('',#10414,#10415);
#10414 = CARTESIAN_POINT('',(-5.710055685014,0.));
#10415 = VECTOR('',#10416,1.);
#10416 = DIRECTION('',(-0.,-1.));
#10417 = ( GEOMETRIC_REPRESENTATION_CONTEXT(2) 
PARAMETRIC_REPRESENTATION_CONTEXT() REPRESENTATION_CONTEXT('2D SPACE',''
  ) );
#10418 = ADVANCED_FACE('',(#10419),#5254,.F.);
#10419 = FACE_BOUND('',#10420,.T.);
#10420 = EDGE_LOOP('',(#10421,#10444,#10465,#10466));
#10421 = ORIENTED_EDGE('',*,*,#10422,.F.);
#10422 = EDGE_CURVE('',#10423,#10374,#10425,.T.);
#10423 = VERTEX_POINT('',#10424);
#10424 = CARTESIAN_POINT('',(59.352483892387,-87.32169397461,-1.5));
#10425 = SURFACE_CURVE('',#10426,(#10430,#10437),.PCURVE_S1.);
#10426 = LINE('',#10427,#10428);
#10427 = CARTESIAN_POINT('',(42.779621333419,-91.20709705204,-1.5));
#10428 = VECTOR('',#10429,1.);
#10429 = DIRECTION('',(0.973601450129,0.22825471804,-0.));
#10430 = PCURVE('',#5254,#10431);
#10431 = DEFINITIONAL_REPRESENTATION('',(#10432),#10436);
#10432 = LINE('',#10433,#10434);
#10433 = CARTESIAN_POINT('',(17.022224604102,-3.));
#10434 = VECTOR('',#10435,1.);
#10435 = DIRECTION('',(-1.,0.));
#10436 = ( GEOMETRIC_REPRESENTATION_CONTEXT(2) 
PARAMETRIC_REPRESENTATION_CONTEXT() REPRESENTATION_CONTEXT('2D SPACE',''
  ) );
#10437 = PCURVE('',#7394,#10438);
#10438 = DEFINITIONAL_REPRESENTATION('',(#10439),#10443);
#10439 = LINE('',#10440,#10441);
#10440 = CARTESIAN_POINT('',(42.779621333419,-91.20709705204));
#10441 = VECTOR('',#10442,1.);
#10442 = DIRECTION('',(0.973601450129,0.22825471804));
#10443 = ( GEOMETRIC_REPRESENTATION_CONTEXT(2) 
PARAMETRIC_REPRESENTATION_CONTEXT() REPRESENTATION_CONTEXT('2D SPACE',''
  ) );
#10444 = ORIENTED_EDGE('',*,*,#10445,.T.);
#10445 = EDGE_CURVE('',#10423,#5206,#10446,.T.);
#10446 = SURFACE_CURVE('',#10447,(#10451,#10458),.PCURVE_S1.);
#10447 = LINE('',#10448,#10449);
#10448 = CARTESIAN_POINT('',(59.352483892387,-87.32169397461,-4.5));
#10449 = VECTOR('',#10450,1.);
#10450 = DIRECTION('',(-0.,-0.,1.));
#10451 = PCURVE('',#5254,#10452);
#10452 = DEFINITIONAL_REPRESENTATION('',(#10453),#10457);
#10453 = LINE('',#10454,#10455);
#10454 = CARTESIAN_POINT('',(-0.,1.7763568394E-15));
#10455 = VECTOR('',#10456,1.);
#10456 = DIRECTION('',(-0.,-1.));
#10457 = ( GEOMETRIC_REPRESENTATION_CONTEXT(2) 
PARAMETRIC_REPRESENTATION_CONTEXT() REPRESENTATION_CONTEXT('2D SPACE',''
  ) );
#10458 = PCURVE('',#5226,#10459);
#10459 = DEFINITIONAL_REPRESENTATION('',(#10460),#10464);
#10460 = LINE('',#10461,#10462);
#10461 = CARTESIAN_POINT('',(3.660157856758,0.));
#10462 = VECTOR('',#10463,1.);
#10463 = DIRECTION('',(0.,-1.));
#10464 = ( GEOMETRIC_REPRESENTATION_CONTEXT(2) 
PARAMETRIC_REPRESENTATION_CONTEXT() REPRESENTATION_CONTEXT('2D SPACE',''
  ) );
#10465 = ORIENTED_EDGE('',*,*,#5238,.T.);
#10466 = ORIENTED_EDGE('',*,*,#10398,.F.);
#10467 = ADVANCED_FACE('',(#10468),#5226,.T.);
#10468 = FACE_BOUND('',#10469,.T.);
#10469 = EDGE_LOOP('',(#10470,#10496,#10497,#10498));
#10470 = ORIENTED_EDGE('',*,*,#10471,.F.);
#10471 = EDGE_CURVE('',#7377,#10423,#10472,.T.);
#10472 = SURFACE_CURVE('',#10473,(#10478,#10485),.PCURVE_S1.);
#10473 = CIRCLE('',#10474,3.649998333333);
#10474 = AXIS2_PLACEMENT_3D('',#10475,#10476,#10477);
#10475 = CARTESIAN_POINT('',(56.182346429949,-85.51262893914,-1.5));
#10476 = DIRECTION('',(0.,0.,-1.));
#10477 = DIRECTION('',(-1.,-0.,-0.));
#10478 = PCURVE('',#5226,#10479);
#10479 = DEFINITIONAL_REPRESENTATION('',(#10480),#10484);
#10480 = LINE('',#10481,#10482);
#10481 = CARTESIAN_POINT('',(0.,-3.));
#10482 = VECTOR('',#10483,1.);
#10483 = DIRECTION('',(1.,0.));
#10484 = ( GEOMETRIC_REPRESENTATION_CONTEXT(2) 
PARAMETRIC_REPRESENTATION_CONTEXT() REPRESENTATION_CONTEXT('2D SPACE',''
  ) );
#10485 = PCURVE('',#7394,#10486);
#10486 = DEFINITIONAL_REPRESENTATION('',(#10487),#10495);
#10487 = ( BOUNDED_CURVE() B_SPLINE_CURVE(2,(#10488,#10489,#10490,#10491
    ,#10492,#10493,#10494),.UNSPECIFIED.,.T.,.F.) 
B_SPLINE_CURVE_WITH_KNOTS((1,2,2,2,2,1),(-2.094395102393,0.,
    2.094395102393,4.188790204786,6.28318530718,8.377580409573),
.UNSPECIFIED.) CURVE() GEOMETRIC_REPRESENTATION_ITEM() 
RATIONAL_B_SPLINE_CURVE((1.,0.5,1.,0.5,1.,0.5,1.)) REPRESENTATION_ITEM(
  '') );
#10488 = CARTESIAN_POINT('',(52.532348096615,-85.51262893914));
#10489 = CARTESIAN_POINT('',(52.532348096615,-79.19064637826));
#10490 = CARTESIAN_POINT('',(58.007345596615,-82.3516376587));
#10491 = CARTESIAN_POINT('',(63.482343096615,-85.51262893914));
#10492 = CARTESIAN_POINT('',(58.007345596615,-88.67362021957));
#10493 = CARTESIAN_POINT('',(52.532348096615,-91.83461150001));
#10494 = CARTESIAN_POINT('',(52.532348096615,-85.51262893914));
#10495 = ( GEOMETRIC_REPRESENTATION_CONTEXT(2) 
PARAMETRIC_REPRESENTATION_CONTEXT() REPRESENTATION_CONTEXT('2D SPACE',''
  ) );
#10496 = ORIENTED_EDGE('',*,*,#7406,.T.);
#10497 = ORIENTED_EDGE('',*,*,#5205,.T.);
#10498 = ORIENTED_EDGE('',*,*,#10445,.F.);
#10499 = ADVANCED_FACE('',(#10500),#7394,.T.);
#10500 = FACE_BOUND('',#10501,.T.);
#10501 = EDGE_LOOP('',(#10502,#10503,#10504,#10505,#10506,#10507,#10508,
    #10509,#10510,#10511,#10512,#10513,#10514,#10515,#10516,#10517,
    #10518,#10519,#10520,#10521,#10522,#10523,#10524,#10525,#10526,
    #10527,#10528,#10529,#10530,#10531,#10532,#10533,#10534,#10535,
    #10536,#10537,#10538,#10539,#10540,#10541,#10542,#10543,#10544,
    #10545,#10546,#10547,#10548,#10549,#10550,#10551,#10552,#10553,
    #10554,#10555,#10556,#10557,#10558,#10559,#10560,#10561,#10562,
    #10563,#10564));
#10502 = ORIENTED_EDGE('',*,*,#7376,.F.);
#10503 = ORIENTED_EDGE('',*,*,#10471,.T.);
#10504 = ORIENTED_EDGE('',*,*,#10422,.T.);
#10505 = ORIENTED_EDGE('',*,*,#10373,.F.);
#10506 = ORIENTED_EDGE('',*,*,#10324,.F.);
#10507 = ORIENTED_EDGE('',*,*,#10275,.F.);
#10508 = ORIENTED_EDGE('',*,*,#10226,.F.);
#10509 = ORIENTED_EDGE('',*,*,#10177,.T.);
#10510 = ORIENTED_EDGE('',*,*,#10128,.T.);
#10511 = ORIENTED_EDGE('',*,*,#10079,.T.);
#10512 = ORIENTED_EDGE('',*,*,#10030,.T.);
#10513 = ORIENTED_EDGE('',*,*,#9981,.T.);
#10514 = ORIENTED_EDGE('',*,*,#9932,.F.);
#10515 = ORIENTED_EDGE('',*,*,#9883,.T.);
#10516 = ORIENTED_EDGE('',*,*,#9834,.F.);
#10517 = ORIENTED_EDGE('',*,*,#9780,.T.);
#10518 = ORIENTED_EDGE('',*,*,#9731,.F.);
#10519 = ORIENTED_EDGE('',*,*,#9682,.T.);
#10520 = ORIENTED_EDGE('',*,*,#9633,.T.);
#10521 = ORIENTED_EDGE('',*,*,#9584,.T.);
#10522 = ORIENTED_EDGE('',*,*,#9535,.T.);
#10523 = ORIENTED_EDGE('',*,*,#9486,.T.);
#10524 = ORIENTED_EDGE('',*,*,#9437,.T.);
#10525 = ORIENTED_EDGE('',*,*,#9383,.T.);
#10526 = ORIENTED_EDGE('',*,*,#9334,.T.);
#10527 = ORIENTED_EDGE('',*,*,#9285,.T.);
#10528 = ORIENTED_EDGE('',*,*,#9236,.F.);
#10529 = ORIENTED_EDGE('',*,*,#9187,.F.);
#10530 = ORIENTED_EDGE('',*,*,#9138,.F.);
#10531 = ORIENTED_EDGE('',*,*,#9089,.F.);
#10532 = ORIENTED_EDGE('',*,*,#9040,.F.);
#10533 = ORIENTED_EDGE('',*,*,#8991,.F.);
#10534 = ORIENTED_EDGE('',*,*,#8937,.T.);
#10535 = ORIENTED_EDGE('',*,*,#8888,.F.);
#10536 = ORIENTED_EDGE('',*,*,#8839,.F.);
#10537 = ORIENTED_EDGE('',*,*,#8790,.F.);
#10538 = ORIENTED_EDGE('',*,*,#8741,.T.);
#10539 = ORIENTED_EDGE('',*,*,#8692,.F.);
#10540 = ORIENTED_EDGE('',*,*,#8638,.T.);
#10541 = ORIENTED_EDGE('',*,*,#8589,.F.);
#10542 = ORIENTED_EDGE('',*,*,#8540,.T.);
#10543 = ORIENTED_EDGE('',*,*,#8491,.F.);
#10544 = ORIENTED_EDGE('',*,*,#8442,.F.);
#10545 = ORIENTED_EDGE('',*,*,#8393,.F.);
#10546 = ORIENTED_EDGE('',*,*,#8344,.F.);
#10547 = ORIENTED_EDGE('',*,*,#8295,.T.);
#10548 = ORIENTED_EDGE('',*,*,#8246,.T.);
#10549 = ORIENTED_EDGE('',*,*,#8192,.T.);
#10550 = ORIENTED_EDGE('',*,*,#8143,.T.);
#10551 = ORIENTED_EDGE('',*,*,#8094,.T.);
#10552 = ORIENTED_EDGE('',*,*,#8045,.T.);
#10553 = ORIENTED_EDGE('',*,*,#7996,.T.);
#10554 = ORIENTED_EDGE('',*,*,#7947,.T.);
#10555 = ORIENTED_EDGE('',*,*,#7898,.F.);
#10556 = ORIENTED_EDGE('',*,*,#7849,.T.);
#10557 = ORIENTED_EDGE('',*,*,#7795,.T.);
#10558 = ORIENTED_EDGE('',*,*,#7746,.T.);
#10559 = ORIENTED_EDGE('',*,*,#7697,.F.);
#10560 = ORIENTED_EDGE('',*,*,#7648,.F.);
#10561 = ORIENTED_EDGE('',*,*,#7599,.T.);
#10562 = ORIENTED_EDGE('',*,*,#7550,.F.);
#10563 = ORIENTED_EDGE('',*,*,#7501,.F.);
#10564 = ORIENTED_EDGE('',*,*,#7452,.T.);
#10565 = ( GEOMETRIC_REPRESENTATION_CONTEXT(3) 
GLOBAL_UNCERTAINTY_ASSIGNED_CONTEXT((#10569)) 
GLOBAL_UNIT_ASSIGNED_CONTEXT((#10566,#10567,#10568)) 
REPRESENTATION_CONTEXT('Context #1',
  '3D Context with UNIT and UNCERTAINTY') );
#10566 = ( LENGTH_UNIT() NAMED_UNIT(*) SI_UNIT(.MILLI.,.METRE.) );
#10567 = ( NAMED_UNIT(*) PLANE_ANGLE_UNIT() SI_UNIT($,.RADIAN.) );
#10568 = ( NAMED_UNIT(*) SI_UNIT($,.STERADIAN.) SOLID_ANGLE_UNIT() );
#10569 = UNCERTAINTY_MEASURE_WITH_UNIT(LENGTH_MEASURE(2.E-07),#10566,
  'distance_accuracy_value','confusion accuracy');
#10570 = PRODUCT_RELATED_PRODUCT_CATEGORY('part',$,(#7));
ENDSEC;
END-ISO-10303-21;
